取得日時,カテゴリ,コンディション,商品名,価格,ショップ名,商品URL
2026-06-15 10:53:30,スマホ,新品,Xiaomi POCO F7 SIMフリースマートフォン 12GB+512GB Snapdragon 8S Gen4 6500mAh大容量バッテリー 6.83インチ高精細ディスプレイ 5000万画素 ,64980,楽天スーパーDEALSHOP,https://item.rakuten.co.jp/superdeal/16953yrh10102/?rafcid=wsc_i_is_c786838f-2c0a-4f11-8d08-7c1b7cb64c88
2026-06-15 10:53:30,スマホ,新品,POCO X7 Pro 8+256GB スマートフォン Dimensity 8400-Ultra 90W急速充電 大容量6000mAhバッテリー OIS搭載の5000万画素メインカメラSony IMX,49980,Xiaomi公式 楽天市場店,https://item.rakuten.co.jp/xiaomiofficial/m61702/?rafcid=wsc_i_is_c786838f-2c0a-4f11-8d08-7c1b7cb64c88
2026-06-15 10:53:30,スマホ,新品,SHARP AQUOS sense9 128 WH SIMフリースマートフォン,55800,ヤマダ電機 楽天市場店,https://item.rakuten.co.jp/yamada-denki/7164040019/?rafcid=wsc_i_is_c786838f-2c0a-4f11-8d08-7c1b7cb64c88
2026-06-15 10:53:30,スマホ,新品,Xiaomi POCO X7 Pro SIMフリースマートフォン 12G+512G Dimensity 8400-Ultra 90W急速充電 大容量6000mAhバッテリー OIS搭載5000万画素メ,59980,楽天スーパーDEALSHOP,https://item.rakuten.co.jp/superdeal/16954lov10103/?rafcid=wsc_i_is_c786838f-2c0a-4f11-8d08-7c1b7cb64c88
2026-06-15 10:53:30,スマホ,新品,【ふるさと納税】130-2【選べるカラー】高性能リユース　スマホ　Apple　iPhone 12 64GB　SIMロック解除済　本体のみ ｜ 中古 再生品 本体 端末,130000,栃木県那須烏山市 ふるさと納税,https://item.rakuten.co.jp/f092151-nasukara/70674-40012347/?rafcid=wsc_i_is_c786838f-2c0a-4f11-8d08-7c1b7cb64c88
2026-06-15 10:53:30,スマホ,新品,POCO M7 Pro 5G スマートフォン 8G+256G Dimensity 7025-Ultraチップセット AMOLEDディスプレイ 5000万画素カメラ 大容量バッテリー IP64防滴防塵 ,32980,Xiaomi公式 楽天市場店,https://item.rakuten.co.jp/xiaomiofficial/m65159/?rafcid=wsc_i_is_c786838f-2c0a-4f11-8d08-7c1b7cb64c88
2026-06-15 10:53:30,スマホ,新品,「未開封/未使用/国内版SIMフリー」Galaxy A25 5G 64GB docomo版 au/UQ版 ソフトバンク版 Yモバイル版 SIMフリー版 楽天版 ライトブルー ブルー ブラック 白ロム ,17980,デジタルトレーディング,https://item.rakuten.co.jp/best1mobile/galaxya25/?rafcid=wsc_i_is_c786838f-2c0a-4f11-8d08-7c1b7cb64c88
2026-06-15 10:53:30,スマホ,新品,【新古品】FCNT arrows We FCG01 富士通 アンドロイド スマホ スマートフォン【海外直輸入USED品】,11800,ネオアンビシャス,https://item.rakuten.co.jp/neo-ambitious/4941787088262-u/?rafcid=wsc_i_is_c786838f-2c0a-4f11-8d08-7c1b7cb64c88
2026-06-15 10:53:30,スマホ,新品,Motorola モトローラ SIMフリースマートフォン motorola edge 50 pro 12GB/256GB 125W TurboPowerチャージャー同梱【数量限定】,78080,楽天スーパーDEALSHOP,https://item.rakuten.co.jp/superdeal/13753edge50pro2407/?rafcid=wsc_i_is_c786838f-2c0a-4f11-8d08-7c1b7cb64c88
2026-06-15 10:53:30,スマホ,新品,SHARP AQUOS sense9 128 BL SIMフリースマートフォン,55800,ヤマダ電機 楽天市場店,https://item.rakuten.co.jp/yamada-denki/7164037019/?rafcid=wsc_i_is_c786838f-2c0a-4f11-8d08-7c1b7cb64c88
2026-06-15 10:53:30,スマホ,新品,【 Hacoa 公式 】スマホ スタンド 調整可能 木製 名入れ ギフト スマートフォン iPhone 卓上 無垢材 おしゃれ かわいい 誕生日 就職祝い 卒業祝い 新築祝い プレゼント 母の日 父の,7260,木香屋(Hacoa公式ショップ),https://item.rakuten.co.jp/mokko-ya/smartphonestand-adjustable/?rafcid=wsc_i_is_c786838f-2c0a-4f11-8d08-7c1b7cb64c88
2026-06-15 10:53:30,スマホ,新品,Motorola モトローラ SIMフリースマートフォン motorola edge 60 pro 12GB/256GB 125W TurboPowerチャージャー同梱,84800,楽天スーパーDEALSHOP,https://item.rakuten.co.jp/superdeal/15338edge60pro2506/?rafcid=wsc_i_is_c786838f-2c0a-4f11-8d08-7c1b7cb64c88
2026-06-15 10:53:30,スマホ,新品,OPPO A5x SIMフリー版 新品 4G Android simfree スマホ 本体 アンドロイド スマートフォン シムフリー 端末 メーカー保証 防水 大容量バッテリー 顔認証 外部メモリ 耐,18799,OPPO公式楽天市場店,https://item.rakuten.co.jp/oppo/oppo_a5x/?rafcid=wsc_i_is_c786838f-2c0a-4f11-8d08-7c1b7cb64c88
2026-06-15 10:53:30,スマホ,新品,Xiaomi POCO F7 Ultra 12GB + 256GB Yellow SIMフリースマートフォン Qualcomm Snapdragon 8 Elite 高精細2Kディスプレイ 最大500,99980,楽天スーパーDEALSHOP,https://item.rakuten.co.jp/superdeal/16773pocof7ultra256gb2602/?rafcid=wsc_i_is_c786838f-2c0a-4f11-8d08-7c1b7cb64c88
2026-06-15 10:53:30,スマホ,新品,シャープ SHARP AQUOS sense10 6.1インチ SIMフリースマートフォン デニムネイビー SH-M33B-A /Snapdragon 7s Gen 3/RAM 8GB/ROM 256,67320,カメラのキタムラ,https://item.rakuten.co.jp/emedama/4550556178860/?rafcid=wsc_i_is_c786838f-2c0a-4f11-8d08-7c1b7cb64c88
2026-06-15 10:53:30,スマホ,新品,シャープ SHARP AQUOS sense9 SH-M29A ブラック 6.1型 6GB/128GB SIMフリー SHM29AXB,55510,イーベストPC・家電館,https://item.rakuten.co.jp/ebest/4550556144322/?rafcid=wsc_i_is_c786838f-2c0a-4f11-8d08-7c1b7cb64c88
2026-06-15 10:53:30,スマホ,新品,Nothing Phone (3a) Lite SIMフリー 端末本体のみ(機種変更はこちら),35900,楽天モバイル公式 楽天市場店,https://item.rakuten.co.jp/rakutenmobile-store/phone-3a-lite/?rafcid=wsc_i_is_c786838f-2c0a-4f11-8d08-7c1b7cb64c88
2026-06-15 10:53:30,スマホ,新品,シャープ SHARP AQUOS sense9 SH-M29B ブラック 6.1型 8GB/256GB SIMフリー SHM29BXB,61679,イーベストPC・家電館,https://item.rakuten.co.jp/ebest/4550556144384/?rafcid=wsc_i_is_c786838f-2c0a-4f11-8d08-7c1b7cb64c88
2026-06-15 10:53:30,スマホ,新品,SHARP｜シャープ 【SIMフリー】AQUOS sense9「SH-M29A-A」Snapdragon7s Gen2 Mobile Platform 約6.1インチ メモリ/ストレージ：6GB/12,55800,楽天ビック(ビックカメラ×楽天),https://item.rakuten.co.jp/biccamera/4550556144285/?rafcid=wsc_i_is_c786838f-2c0a-4f11-8d08-7c1b7cb64c88
2026-06-15 10:53:30,スマホ,新品,SHARP AQUOS sense9 256 WH SIMフリースマートフォン,61679,ヤマダ電機 楽天市場店,https://item.rakuten.co.jp/yamada-denki/7164044017/?rafcid=wsc_i_is_c786838f-2c0a-4f11-8d08-7c1b7cb64c88
2026-06-15 10:53:30,スマホ,新品,【中古】iPhone SE 第3世代 2022 SE3 A2782 64GB 128GB スマホ スマートフォン SE3 本体 SIMフリー ミッドナイト レッド スターライト docomo au s,20800,中古スマホとタブレットのにこスマ,https://item.rakuten.co.jp/nicosuma-store/iphonese3-128-a/?rafcid=wsc_i_is_c786838f-2c0a-4f11-8d08-7c1b7cb64c88
2026-06-15 10:53:30,スマホ,新品,OPPO オッポ OPPO A5x 6.7型 4GB/128GB ブルー SIMフリーAndroid4Gスマートフォン CPH2725 BL,17820,特価COM,https://item.rakuten.co.jp/tokka-com/4580038872115/?rafcid=wsc_i_is_c786838f-2c0a-4f11-8d08-7c1b7cb64c88
2026-06-15 10:53:30,スマホ,新品,＼楽天ランキング入賞／ [新品未使用品｜SIMフリー] arrowsWe2 本体 ｜docomo版 F-52E ｜ au/UQ版 FCG02 ｜ Softbank版 A402FC ｜ 楽天版 M07 ,18500,家電問屋 楽天市場店,https://item.rakuten.co.jp/icockaden/arrows-we2/?rafcid=wsc_i_is_c786838f-2c0a-4f11-8d08-7c1b7cb64c88
2026-06-15 10:53:30,スマホ,新品,iPhone13 128GB (2021年モデル) SIMフリー /[ 128GB / 6.1インチ Super Retina XDRディスプレイ / スターライト ミッドナイト / Apple A1,47600,中古パソコン専門店 Be-Stock,https://item.rakuten.co.jp/be-stock/be-recommend-iphone13_set/?rafcid=wsc_i_is_c786838f-2c0a-4f11-8d08-7c1b7cb64c88
2026-06-15 10:53:30,スマホ,新品,【土日、祝日発送、店舗受取可】新品未使用品【Sランク】docomo版SIMフリー シャープ AQUOS wish4 SH-52E ホワイト ブラック ブルー 本体 送料無料,19000,Panda Mobile,https://item.rakuten.co.jp/keitai-god/sh52e-s/?rafcid=wsc_i_is_c786838f-2c0a-4f11-8d08-7c1b7cb64c88
2026-06-15 10:53:30,スマホ,新品,OPPO オッポ OPPO Reno11 A 6.7型 8GB/128GB ダークグリーン SIMフリースマートフォン スマホ CPH2603 GR CPH2603GR,37290,イーベストPC・家電館,https://item.rakuten.co.jp/ebest/4580038879787/?rafcid=wsc_i_is_c786838f-2c0a-4f11-8d08-7c1b7cb64c88
2026-06-15 10:53:30,スマホ,新品,Redmi Note 13 Pro+ 5G 8G+256G スマートフォン 2億画素広角カメラ 1.5K曲面ディスプレイ 120W急速充電 おサイフケータイ可能 IP68 防塵/防水 6.67インチ ,44980,Xiaomi公式 楽天市場店,https://item.rakuten.co.jp/xiaomiofficial/m55434/?rafcid=wsc_i_is_c786838f-2c0a-4f11-8d08-7c1b7cb64c88
2026-06-15 10:53:30,スマホ,新品,SHARP｜シャープ 【SIMフリー】AQUOS sense10 8GB/256GB SHM33BA デニムネイビー,68000,楽天ビック(ビックカメラ×楽天),https://item.rakuten.co.jp/biccamera/4550556178860/?rafcid=wsc_i_is_c786838f-2c0a-4f11-8d08-7c1b7cb64c88
2026-06-15 10:53:30,スマホ,新品,シャープ SHARP AQUOS sense9 6.1インチ SIMフリースマートフォン ブルー SH-M29A-A /RAM 6GB/ROM 128GB /Snapdragon 7s Gen 2 /,58800,カメラのキタムラ,https://item.rakuten.co.jp/emedama/4550556144285/?rafcid=wsc_i_is_c786838f-2c0a-4f11-8d08-7c1b7cb64c88
2026-06-15 10:53:30,スマホ,新品,国内版SIMフリー/未使用 Xperia Ace III SO-53C [ブラック] Docomo版SIMフリー 白ロム スマホ 本体,34800,デジタルトレーディング,https://item.rakuten.co.jp/best1mobile/so53c-black/?rafcid=wsc_i_is_c786838f-2c0a-4f11-8d08-7c1b7cb64c88
2026-06-15 10:53:30,スマホ,新品,シャープ AQUOS R9 SIMフリースマホ ホワイト,87705,ヤマダ電機 楽天市場店,https://item.rakuten.co.jp/yamada-denki/7163819012/?rafcid=wsc_i_is_c786838f-2c0a-4f11-8d08-7c1b7cb64c88
2026-06-15 10:53:30,スマホ,新品,[新品未使用｜SIMフリー] SONY Xperia 10 VI 6GB/128GB｜キャリア無しSIMフリー版 XQ-ES44｜docomo版 SO-52E｜au版 SOG14｜Softbank版 ,49980,家電問屋 楽天市場店,https://item.rakuten.co.jp/icockaden/xperia10vi/?rafcid=wsc_i_is_c786838f-2c0a-4f11-8d08-7c1b7cb64c88
2026-06-15 10:53:30,スマホ,新品,Motorola モトローラ SIMフリースマートフォン moto g66j 5G 8GB/128GB,38800,楽天スーパーDEALSHOP,https://item.rakuten.co.jp/superdeal/15337motog66j5g2506/?rafcid=wsc_i_is_c786838f-2c0a-4f11-8d08-7c1b7cb64c88
2026-06-15 10:53:30,スマホ,新品,「新品 未開封品 」SIMフリー Google Pixel 9a 128GB [Obsidian/Porcelain/Peony/Iris][グーグル],70795,Quality Space,https://item.rakuten.co.jp/qualityspace/pixel9a-128gb/?rafcid=wsc_i_is_c786838f-2c0a-4f11-8d08-7c1b7cb64c88
2026-06-15 10:53:30,スマホ,新品,"Redmi 12 5G 4GB+128GB プレミアム 質感 8.2mm 薄型 5000万画素 5,000mAh 6.8インチ 高精細 ディスプレイ 90Hz Snapdragon® 4 Gen 2 ",29800,Xiaomi公式 楽天市場店,https://item.rakuten.co.jp/xiaomiofficial/m48183/?rafcid=wsc_i_is_c786838f-2c0a-4f11-8d08-7c1b7cb64c88
2026-06-15 10:53:30,スマホ,新品,SHARP｜シャープ 【SIMフリー】AQUOS sense9「SH-M29B-A」Snapdragon7s Gen2 Mobile Platform 約6.1インチ メモリ/ストレージ：8GB/25,61679,楽天ビック(ビックカメラ×楽天),https://item.rakuten.co.jp/biccamera/4550556144346/?rafcid=wsc_i_is_c786838f-2c0a-4f11-8d08-7c1b7cb64c88
2026-06-15 10:53:30,スマホ,新品,"【限定クーポンで22,900円！】FOSSiBOT S2 スマートフォン SIMフリー スマホ 本体 楽天モバイル対応 8GB+256GB オクタコアプロセッサ 6.72インチFHD+大画面 Andr",23900,FOSSiBOT 2号店 楽天市場店,https://item.rakuten.co.jp/lala-assoc/s1/?rafcid=wsc_i_is_c786838f-2c0a-4f11-8d08-7c1b7cb64c88
2026-06-15 10:53:30,スマホ,新品,Motorola（モトローラ） moto g66j 5G（8GB/128GB）- グレーミスト（SIMフリー版） PB810001JP,29500,Joshin web 家電とPCの大型専門店,https://item.rakuten.co.jp/jism/4582239433621-45-37334-n/?rafcid=wsc_i_is_c786838f-2c0a-4f11-8d08-7c1b7cb64c88
2026-06-15 10:53:30,スマホ,新品,"【限定クーポンで23,900円~&P5倍】楽天1位 FOSSiBOT F101Pro スマートフォン本体 スマホ 新品 RAM15GB ROM128GB 10600mAhバッテリー 超長待機 急速充電",24900,FOSSiBOT 2号店 楽天市場店,https://item.rakuten.co.jp/lala-assoc/f101/?rafcid=wsc_i_is_c786838f-2c0a-4f11-8d08-7c1b7cb64c88
2026-06-15 10:53:30,スマホ,新品,SHARP AQUOS sense9 256 BL SIMフリースマートフォン,61679,ヤマダ電機 楽天市場店,https://item.rakuten.co.jp/yamada-denki/7164041016/?rafcid=wsc_i_is_c786838f-2c0a-4f11-8d08-7c1b7cb64c88
2026-06-15 10:53:30,スマホ,新品,moto g66j 5G ディルグリーン SIMフリー メモリ/ストレージ：8GB / 128GB,31607,楽天ブックス,https://item.rakuten.co.jp/book/18222231/?rafcid=wsc_i_is_c786838f-2c0a-4f11-8d08-7c1b7cb64c88
2026-06-15 10:53:30,スマホ,新品,SHARP（シャープ） AQUOS sense9（6GB/128GB）　ブルー（SIMフリー版） SH-M29A-A,55800,Joshin web 家電とPCの大型専門店,https://item.rakuten.co.jp/jism/4550556144285-45-39117-n/?rafcid=wsc_i_is_c786838f-2c0a-4f11-8d08-7c1b7cb64c88
2026-06-15 10:53:30,スマホ,新品,[未使用/SIMフリー] AQUOS wish4 SH-52E|A402SH|A403SH 4GB/64GB docomo版|Yモバイル版|Softbank版 スマホ 本体,29480,デジタルトレーディング,https://item.rakuten.co.jp/best1mobile/aquos-wishi4/?rafcid=wsc_i_is_c786838f-2c0a-4f11-8d08-7c1b7cb64c88
2026-06-15 10:53:30,スマホ,新品,SHARP AQUOS sense9 128 CO SIMフリースマートフォン,55800,ヤマダ電機 楽天市場店,https://item.rakuten.co.jp/yamada-denki/7164039013/?rafcid=wsc_i_is_c786838f-2c0a-4f11-8d08-7c1b7cb64c88
2026-06-15 10:53:30,スマホ,新品,シャープ AQUOS WISH4 SIMフリースマホ ブルー,31691,ヤマダ電機 楽天市場店,https://item.rakuten.co.jp/yamada-denki/7163812013/?rafcid=wsc_i_is_c786838f-2c0a-4f11-8d08-7c1b7cb64c88
2026-06-15 10:53:30,スマホ,新品,モトローラ Motorola moto g66j 6.7インチ SIMフリースマートフォン グレーミスト PB810001JP Dimensity 7060/RAM 8GB/ROM 128GB/And,30980,カメラのキタムラ,https://item.rakuten.co.jp/emedama/4582239433621/?rafcid=wsc_i_is_c786838f-2c0a-4f11-8d08-7c1b7cb64c88
2026-06-15 10:53:30,スマホ,新品,シャープ SHARP AQUOS sense10 6.1インチ SIMフリースマートフォン フルブラック SH-M33B-B /Snapdragon 7s Gen 3/RAM 8GB/ROM 256G,67320,カメラのキタムラ,https://item.rakuten.co.jp/emedama/4550556178907/?rafcid=wsc_i_is_c786838f-2c0a-4f11-8d08-7c1b7cb64c88
2026-06-15 10:53:30,スマホ,新品,"REDMI Note 15 Pro 5G【10倍ポイント】スマートフォン 8GB+256GB MediaTek Dimensity 7400-Ultra 進化した2億画素 6,300mAhの大容量",57980,Xiaomi公式 楽天市場店,https://item.rakuten.co.jp/xiaomiofficial/m72467/?rafcid=wsc_i_is_c786838f-2c0a-4f11-8d08-7c1b7cb64c88
2026-06-15 10:53:30,スマホ,新品,POCO F6 Pro スマートフォン 12GB+512GB Snapdragon 8 Gen 2 120W ハイパーチャージ WQHD+120Hzディスプレイ 急速充電 最大5000万画素 連続撮影,79980,Xiaomi公式 楽天市場店,https://item.rakuten.co.jp/xiaomiofficial/m57078/?rafcid=wsc_i_is_c786838f-2c0a-4f11-8d08-7c1b7cb64c88
2026-06-15 10:53:30,スマホ,新品,Apple iPhone SE3 (2022年モデル) SIMフリー /[ 64GB 128GB / 4.7インチ Retinaディスプレイ / スターライト ミッドナイト レッド / Apple A,24600,中古パソコン専門店 Be-Stock,https://item.rakuten.co.jp/be-stock/be-recommend-iphonese3_set/?rafcid=wsc_i_is_c786838f-2c0a-4f11-8d08-7c1b7cb64c88
2026-06-15 10:53:30,スマホ,新品,"【限定クーポンで28,900円~&P5倍！】FOSSiBOT F109s 4G SIMフリー スマホ F109 5G android15 スマホ本体 8GB 256GB 10600mAh 6.74/1",29900,FOSSiBOT 2号店 楽天市場店,https://item.rakuten.co.jp/lala-assoc/f109/?rafcid=wsc_i_is_c786838f-2c0a-4f11-8d08-7c1b7cb64c88
2026-06-15 10:53:30,スマホ,新品,[新品未使用｜SIMフリー] SHARP AQUOS wish3 4GB/64GB Softbank版 A302SH｜Yモバイル版 A302SH｜docomo版 SH-53D｜楽天版 SH-M25｜w,19900,家電問屋 楽天市場店,https://item.rakuten.co.jp/icockaden/wish3/?rafcid=wsc_i_is_c786838f-2c0a-4f11-8d08-7c1b7cb64c88
2026-06-15 10:53:30,スマホ,新品,Motorola（モトローラ） moto g66j 5G（8GB/128GB）- ブラックオイスター（SIMフリー版） PB810002JP,29500,Joshin web 家電とPCの大型専門店,https://item.rakuten.co.jp/jism/4582239433652-45-37334-n/?rafcid=wsc_i_is_c786838f-2c0a-4f11-8d08-7c1b7cb64c88
2026-06-15 10:53:30,スマホ,新品,【最大2000円クーポンGET】「新品 未使用品 」 SIMフリー Galaxy A25 5G SCG33 [4GB+64GB][AU/UQ版simフリー][サムスン],17886,Quality Space,https://item.rakuten.co.jp/qualityspace/a25-scg33/?rafcid=wsc_i_is_c786838f-2c0a-4f11-8d08-7c1b7cb64c88
2026-06-15 10:53:30,スマホ,新品,[新品未使用品｜SIMフリー] motorola edge 50s pro 8GB 256GB 6.7インチ 各色 スマホ 本体 モトローラ Softbank版,48600,家電問屋 楽天市場店,https://item.rakuten.co.jp/icockaden/moto-edge-50s-pro/?rafcid=wsc_i_is_c786838f-2c0a-4f11-8d08-7c1b7cb64c88
2026-06-15 10:53:30,スマホ,新品,OPPO（オッポ） OPPO A5x（4GB/128GB） - ブルー（SIMフリー版） CPH2725BL,19800,Joshin web 家電とPCの大型専門店,https://item.rakuten.co.jp/jism/4580038872115-45-52646-n/?rafcid=wsc_i_is_c786838f-2c0a-4f11-8d08-7c1b7cb64c88
2026-06-15 10:53:30,スマホ,新品,【最大2000円クーポンGET】「新品 未使用 白ロム ] Simフリー AQUOS wish4 SH-52E [docomoモデルSIMフリー],21847,Quality Space,https://item.rakuten.co.jp/qualityspace/sh-52e/?rafcid=wsc_i_is_c786838f-2c0a-4f11-8d08-7c1b7cb64c88
2026-06-15 10:53:30,スマホ,新品,【中古】Xperia Ace II 64GB スマホ スマートフォン 本体 SIMフリー docomo au softbank 美品 にこスマ認定整備済み品(リファービッシュ 整備済品) 白ロム,7800,中古スマホとタブレットのにこスマ,https://item.rakuten.co.jp/nicosuma-store/xperia-ace-ii/?rafcid=wsc_i_is_c786838f-2c0a-4f11-8d08-7c1b7cb64c88
2026-06-15 10:53:30,スマホ,新品,シャープ SHARP AQUOS sense10 6.1インチ SIMフリースマートフォン ペールピンク SH-M33B-P /Snapdragon 7s Gen 3/RAM 8GB/ROM 256G,67800,カメラのキタムラ,https://item.rakuten.co.jp/emedama/4550556178884/?rafcid=wsc_i_is_c786838f-2c0a-4f11-8d08-7c1b7cb64c88
2026-06-15 10:53:30,スマホ,新品,REDMI 15 5G【10倍ポイント】シャオミ(Xiaomi) SIMフリースマートフォン 8+256GB 4+128GB 7000mAh 大容量バッテリー NFC/FeliCa対応 33W急速充電,36980,Xiaomi公式 楽天市場店,https://item.rakuten.co.jp/xiaomiofficial/m68811/?rafcid=wsc_i_is_c786838f-2c0a-4f11-8d08-7c1b7cb64c88
2026-06-15 10:53:30,スマホ,新品,【期間限定50%OFFで22900円】 5G スマホ DOOGEE NOTE59PRO SIMフリー Android16 スマートフォン 本体 GeminiAI アンドロイドスマホ 32GB RAM+,45800,doogee ストア,https://item.rakuten.co.jp/doogee-store/note59pro/?rafcid=wsc_i_is_c786838f-2c0a-4f11-8d08-7c1b7cb64c88
2026-06-15 10:53:30,スマホ,新品,バッテリー新品交換済【中古】iPhone13 全色・容量・ランク 本体 SIMフリー 128GB 256GB 512GB バッテリー100％ 長持ち 再生スマホ 電池最大容量 アイフォン13 appl,56800,ニューズドフォン1号店楽天市場店,https://item.rakuten.co.jp/kamaya-awards/ip13mtm-100/?rafcid=wsc_i_is_c786838f-2c0a-4f11-8d08-7c1b7cb64c88
2026-06-15 10:53:30,スマホ,新品,中古Aランク SIMフリー スマートフォン 404KC 京セラ DIGNO U 液晶5.0インチ ブラック SoftBank ソフトバンク シムフリー android アンドロイド simfree ス,3980,キングモバイル,https://item.rakuten.co.jp/auc-kingmobile/404kc/?rafcid=wsc_i_is_c786838f-2c0a-4f11-8d08-7c1b7cb64c88
2026-06-15 10:53:30,スマホ,新品,SHARP（シャープ） AQUOS sense9（8GB/256GB）　ブラック（SIMフリー版） SH-M29B-B,61679,Joshin web 家電とPCの大型専門店,https://item.rakuten.co.jp/jism/4550556144384-45-39117-n/?rafcid=wsc_i_is_c786838f-2c0a-4f11-8d08-7c1b7cb64c88
2026-06-15 10:53:30,スマホ,新品,OPPO A5 5G SIMフリー Felica对応 おサイフケータイ ColorOS15 simfree 5G スマホ 本体 アンドロイド スマートフォン シムフリー 端末 RAM 4GB+128G,31998,OPPO公式楽天市場店,https://item.rakuten.co.jp/oppo/oppo_a5_5g/?rafcid=wsc_i_is_c786838f-2c0a-4f11-8d08-7c1b7cb64c88
2026-06-15 10:53:30,スマホ,新品,シャープ SHARP AQUOS sense9 SH-M29A ブルー 6.1型 6GB/128GB SIMフリー SHM29AXA,56095,イーベストPC・家電館,https://item.rakuten.co.jp/ebest/4550556144285/?rafcid=wsc_i_is_c786838f-2c0a-4f11-8d08-7c1b7cb64c88
2026-06-15 10:53:30,スマホ,新品,【中古】AQUOS sense3 SH-M12 SHV45 SH-02M 64GB ブラック ライトカッパー シルバーホワイト ソフトピンク ディープピンク スマホ スマートフォン 本体 SIMフリー,7300,中古スマホとタブレットのにこスマ,https://item.rakuten.co.jp/nicosuma-store/aqs-sense3-64-a/?rafcid=wsc_i_is_c786838f-2c0a-4f11-8d08-7c1b7cb64c88
2026-06-15 10:53:30,スマホ,新品,シャープ SHARP AQUOS sense10 6.1インチ SIMフリースマートフォン ペールミント SH-M33A-L /Snapdragon 7s Gen 3/RAM 6GB/ROM 128G,60800,カメラのキタムラ,https://item.rakuten.co.jp/emedama/4550556183444/?rafcid=wsc_i_is_c786838f-2c0a-4f11-8d08-7c1b7cb64c88
2026-06-15 10:53:30,スマホ,新品,シャープ SHARP AQUOS sense9 6.1インチ SIMフリースマートフォン ブルー SH-M29B-A /RAM 8GB/ROM 256GB /Snapdragon 7s Gen 2 /,65800,カメラのキタムラ,https://item.rakuten.co.jp/emedama/4550556144346/?rafcid=wsc_i_is_c786838f-2c0a-4f11-8d08-7c1b7cb64c88
2026-06-15 10:53:30,スマホ,新品,【正規代理店】arrows(アローズ) Alpha SIMフリー スマートフォン スマホ 本体 大画面 大容量バッテリー メモリ12GB ストレージ512GB 6.4インチ USB Type-C 超急,78000,FCNT arrows公認 楽天市場店,https://item.rakuten.co.jp/fcnt-shop/pb8m0000jp/?rafcid=wsc_i_is_c786838f-2c0a-4f11-8d08-7c1b7cb64c88
2026-06-15 10:53:30,スマホ,新品,【最大2000円クーポンGET】「新品 未使用品」 SIMフリー Xiaomi Redmi Note 13 Pro 5G XIG05 [8GB+256GB][シャオミ],40341,Quality Space,https://item.rakuten.co.jp/qualityspace/xig05/?rafcid=wsc_i_is_c786838f-2c0a-4f11-8d08-7c1b7cb64c88
2026-06-15 10:53:30,スマホ,新品,中古Cランク SIMフリー スマートフォン 602KC 京セラ DIGNO G 液晶5.0インチ レッド ブラック ホワイト シルバー SoftBank ソフトバンク シムフリー android アン,3480,キングモバイル,https://item.rakuten.co.jp/auc-kingmobile/602kc-c/?rafcid=wsc_i_is_c786838f-2c0a-4f11-8d08-7c1b7cb64c88
2026-06-15 10:53:30,スマホ,新品,Google Play ギフトコード 500円,500,Google Play ギフトコード認定店,https://item.rakuten.co.jp/gpgiftcard/googleplay-a-00500/?rafcid=wsc_i_is_c786838f-2c0a-4f11-8d08-7c1b7cb64c88
2026-06-15 10:53:30,スマホ,新品,【500円引きクーポン】【中古】 Sharp Aquos Sense3 Lite SH-RM12 64GB SIMフリー [Bランク] 中古スマホ スマホ スマートフォン 携帯 本体 端末 中古 リユ,9000,MyWiT Japan 楽天市場店,https://item.rakuten.co.jp/mywit/sh-rm12aquossense3lite64rktn-b/?rafcid=wsc_i_is_c786838f-2c0a-4f11-8d08-7c1b7cb64c88
2026-06-15 10:53:30,スマホ,新品,UMIDIGI スマホ 携帯電話 G9T/G9C 4G対応 8/12GB RAM+128GB ROM 1TBまで拡張 Android 14 スマートフォン 本体 simフリー 6.75インチ 5000,17900,UMIDIGI 楽天市場店,https://item.rakuten.co.jp/umidigi/rt-g9/?rafcid=wsc_i_is_c786838f-2c0a-4f11-8d08-7c1b7cb64c88
2026-06-15 10:53:30,スマホ,新品,シャープ SHARP AQUOS R10 512GB SH-M31B C トレンチベージュ 6.5型 12GB/512GB SIMフリースマートフォン SHM31BC,106800,イーベストPC・家電館,https://item.rakuten.co.jp/ebest/4550556174824/?rafcid=wsc_i_is_c786838f-2c0a-4f11-8d08-7c1b7cb64c88
2026-06-15 10:53:30,スマホ,新品,シャープ AQUOS R10 トレンチベージュ 512GB [SH-M31B-C] SIMフリー スマートフォン 本体 スマホ 防水 防塵 おサイフケータイ 高性能 カメラ 《納期約3週間》,106800,カメラのキタムラ,https://item.rakuten.co.jp/emedama/4550556174824/?rafcid=wsc_i_is_c786838f-2c0a-4f11-8d08-7c1b7cb64c88
2026-06-15 10:53:30,スマホ,新品,国内版SIMフリー/未使用 Xperia Ace III SO-53C [グレー] Docomo版SIMフリー 白ロム スマホ 本体,32800,デジタルトレーディング,https://item.rakuten.co.jp/best1mobile/so53c-gray/?rafcid=wsc_i_is_c786838f-2c0a-4f11-8d08-7c1b7cb64c88
2026-06-15 10:53:30,スマホ,新品,OPPO オッポ OPPO Find X9 6.6型 16GB/512GB チタニウムグレー SIMフリースマートフォン CPH2797-GY FINDX9 CPH2797GY,137820,イーベストPC・家電館,https://item.rakuten.co.jp/ebest/4580038872481/?rafcid=wsc_i_is_c786838f-2c0a-4f11-8d08-7c1b7cb64c88
2026-06-15 10:53:30,スマホ,新品,「新品 未使用品」Simフリー arrows We2 A402FC [4GB+64GB][ミストホワイト][ネイビーグリーン][ライトオレンジ][SoftbankモデルSIMフリー],17941,Quality Space,https://item.rakuten.co.jp/qualityspace/a402fc/?rafcid=wsc_i_is_c786838f-2c0a-4f11-8d08-7c1b7cb64c88
2026-06-15 10:53:30,スマホ,新品,【中古】 SO-41B Xperia Ace II ブラック SIMフリー 本体 ドコモ スマホ ソニー エクスぺリア 【あす楽】 【保証あり】 【送料無料】 so41bbk7mtm,10500,ニューズドフォン1号店楽天市場店,https://item.rakuten.co.jp/kamaya-awards/so41bbk7mtm/?rafcid=wsc_i_is_c786838f-2c0a-4f11-8d08-7c1b7cb64c88
2026-06-15 10:53:30,スマホ,新品,「新品・未開封品」SIMフリー OPPO Reno11 A [ダークグリーン/コーラルパープル][Model:A4010P][8GB/128GB][Ymobile 版],30220,Quality Space,https://item.rakuten.co.jp/qualityspace/ymo-reno11a/?rafcid=wsc_i_is_c786838f-2c0a-4f11-8d08-7c1b7cb64c88
2026-06-15 10:53:30,スマホ,新品,【公式】 Samsung Galaxy A25 5G 64GB ライト ブルー SIMフリースマホ 本体端末 FeliCa対応 国内正規品 約6.7インチ IP68防水防塵 フルHD+ 大容量バッテリ,38900,Samsung公式ストア,https://item.rakuten.co.jp/samsungonline/smp_a255g/?rafcid=wsc_i_is_c786838f-2c0a-4f11-8d08-7c1b7cb64c88
2026-06-15 10:53:30,スマホ,新品,OPPO オッポ OPPO Reno11 A 6.7型 8GB/128GB ダークグリーン SIMフリースマートフォン スマホ CPH2603 GR CPH2603GR,34989,ECカレント,https://item.rakuten.co.jp/ec-current/4580038879787/?rafcid=wsc_i_is_c786838f-2c0a-4f11-8d08-7c1b7cb64c88
2026-06-15 10:53:30,スマホ,新品,スマートフォン株式会社：拡張 Update1.1 日本語版(ボードゲームまとめ買いで最大15％オフクーポン対象)対象期間：6/12　21：00〜6/16　4：59,4400,バトンストア 楽天市場店,https://item.rakuten.co.jp/baton-store/sbga-08025/?rafcid=wsc_i_is_c786838f-2c0a-4f11-8d08-7c1b7cb64c88
2026-06-15 10:53:30,スマホ,新品,【期間限定50%OFF】DOOGEE NOTE56X SIMフリー Andrid 16 スマホ 本体 新品 AI機能 6.56インチ 90Hz 6150mAh バッテリー 大容量 軽量 薄型 24GB,25900,doogee ストア,https://item.rakuten.co.jp/doogee-store/note56x/?rafcid=wsc_i_is_c786838f-2c0a-4f11-8d08-7c1b7cb64c88
2026-06-15 10:53:30,スマホ,新品,【エントリーで最大2万ポイント当たる｜6/25まで】 Xiaomi｜シャオミ REDMI（レッドミ） Note 15 Pro 5G Glacier Blue 8G+256G SIMフリースマートフォン,57980,楽天ビック(ビックカメラ×楽天),https://item.rakuten.co.jp/biccamera/6932554470043/?rafcid=wsc_i_is_c786838f-2c0a-4f11-8d08-7c1b7cb64c88
2026-06-15 10:53:30,スマホ,新品,AQUOS sense9 SH-M29 6G+128G SIMフリー ブルー,47033,らいぶshop,https://item.rakuten.co.jp/lcs-live/10017545/?rafcid=wsc_i_is_c786838f-2c0a-4f11-8d08-7c1b7cb64c88
2026-06-15 10:53:30,スマホ,新品,【中古】 iPhone 15 【レビューで1年保証】 スマホ 本体 SIMフリー 128GB / 256GB / 512GB ブラック / ブルー / グリーン / ピンク / イエロー A3089,75800,Likewize Japan 楽天市場店,https://item.rakuten.co.jp/likewize-japan/iphone15_2/?rafcid=wsc_i_is_c786838f-2c0a-4f11-8d08-7c1b7cb64c88
2026-06-15 10:53:30,スマホ,新品,iPhone12 mini (2020年モデル) SIMフリー /[ 128GB 256GB / 5.4インチ Super Retina XDRディスプレイ / Apple A14 ] 本体 中古 ア,26800,中古パソコン専門店 Be-Stock,https://item.rakuten.co.jp/be-stock/be-recommend-iphone12m_set/?rafcid=wsc_i_is_c786838f-2c0a-4f11-8d08-7c1b7cb64c88
2026-06-15 10:53:30,スマホ,中古,【500円引きクーポン】【中古】 Sharp Aquos Sense3 Lite SH-RM12 64GB SIMフリー [Bランク] 中古スマホ スマホ スマートフォン 携帯 本体 端末 中古 リユ,9000,MyWiT Japan 楽天市場店,https://item.rakuten.co.jp/mywit/sh-rm12aquossense3lite64rktn-b/?rafcid=wsc_i_is_c786838f-2c0a-4f11-8d08-7c1b7cb64c88
2026-06-15 10:53:30,スマホ,中古,【中古】 SO-41B Xperia Ace II ブラック SIMフリー 本体 ドコモ スマホ ソニー エクスぺリア 【あす楽】 【保証あり】 【送料無料】 so41bbk7mtm,10500,ニューズドフォン1号店楽天市場店,https://item.rakuten.co.jp/kamaya-awards/so41bbk7mtm/?rafcid=wsc_i_is_c786838f-2c0a-4f11-8d08-7c1b7cb64c88
2026-06-15 10:53:30,スマホ,中古,【中古】Xperia 1 IV 256GB 512GB スマホ スマートフォン 本体 SIMフリー docomo au softbank 美品 にこスマ認定整備済み品(リファービッシュ 整備済品) 白,55800,中古スマホとタブレットのにこスマ,https://item.rakuten.co.jp/nicosuma-store/xperia-1-iv/?rafcid=wsc_i_is_c786838f-2c0a-4f11-8d08-7c1b7cb64c88
2026-06-15 10:53:30,スマホ,中古,【中古】iPhone 7 32GB 128GB 256GB スマホ スマートフォン 本体 SIMフリー ブラック ゴールド ジェットブラック レッド ローズゴールド シルバー docomo au so,6980,中古スマホとタブレットのにこスマ,https://item.rakuten.co.jp/nicosuma-store/iphone7-128-a/?rafcid=wsc_i_is_c786838f-2c0a-4f11-8d08-7c1b7cb64c88
2026-06-15 10:53:30,スマホ,中古,【中古】AQUOS sense3 SH-M12 SHV45 SH-02M 64GB ブラック ライトカッパー シルバーホワイト ソフトピンク ディープピンク スマホ スマートフォン 本体 SIMフリー,7300,中古スマホとタブレットのにこスマ,https://item.rakuten.co.jp/nicosuma-store/aqs-sense3-64-a/?rafcid=wsc_i_is_c786838f-2c0a-4f11-8d08-7c1b7cb64c88
2026-06-15 10:53:30,スマホ,中古,【中古】iPhone 8 64GB 256GB スマホ スマートフォン 本体 SIMフリー ゴールド レッド シルバー スペースグレイ docomo au softbank 美品 にこスマ認定整備済み,10800,中古スマホとタブレットのにこスマ,https://item.rakuten.co.jp/nicosuma-store/iphone8-64-a/?rafcid=wsc_i_is_c786838f-2c0a-4f11-8d08-7c1b7cb64c88
2026-06-15 10:53:30,スマホ,中古,【中古】Xperia Ace II 64GB スマホ スマートフォン 本体 SIMフリー docomo au softbank 美品 にこスマ認定整備済み品(リファービッシュ 整備済品) 白ロム,7800,中古スマホとタブレットのにこスマ,https://item.rakuten.co.jp/nicosuma-store/xperia-ace-ii/?rafcid=wsc_i_is_c786838f-2c0a-4f11-8d08-7c1b7cb64c88
2026-06-15 10:53:30,スマホ,中古,【中古】AQUOS sense5G スマホ スマートフォン 本体 SIMフリー docomo au softbank 美品 にこスマ認定整備済み品(リファービッシュ 整備済品) 白ロム,10800,中古スマホとタブレットのにこスマ,https://item.rakuten.co.jp/nicosuma-store/aquos-sense5g/?rafcid=wsc_i_is_c786838f-2c0a-4f11-8d08-7c1b7cb64c88
2026-06-15 10:53:30,スマホ,中古,【中古】Xperia 10 II 64GB スマホ スマートフォン 本体 SIMフリー docomo au softbank 美品 にこスマ認定整備済み品(リファービッシュ 整備済品) 白ロム,9800,中古スマホとタブレットのにこスマ,https://item.rakuten.co.jp/nicosuma-store/xperia-10-ii/?rafcid=wsc_i_is_c786838f-2c0a-4f11-8d08-7c1b7cb64c88
2026-06-15 10:53:30,スマホ,中古,【中古】iPhone 12 mini 64GB 128GB 256GB スマホ スマートフォン 本体 SIMフリー ブラック ブルー グリーン パープル レッド ホワイト docomo au soft,21800,中古スマホとタブレットのにこスマ,https://item.rakuten.co.jp/nicosuma-store/iphone12mini-128-b/?rafcid=wsc_i_is_c786838f-2c0a-4f11-8d08-7c1b7cb64c88
2026-06-15 10:53:30,スマホ,中古,"【2,500円引きクーポン】【中古】 iPhone 13 A2631 128GB SIMフリー [Aランク] アイフォン Apple アップル バッテリー リユース 中古 スマホ スマートフォン 携帯",54000,MyWiT Japan 楽天市場店,https://item.rakuten.co.jp/mywit/iphone13128gen-a/?rafcid=wsc_i_is_c786838f-2c0a-4f11-8d08-7c1b7cb64c88
2026-06-15 10:53:30,スマホ,中古,中古Cランク SIMフリー スマートフォン 602KC 京セラ DIGNO G 液晶5.0インチ レッド ブラック ホワイト シルバー SoftBank ソフトバンク シムフリー android アン,3480,キングモバイル,https://item.rakuten.co.jp/auc-kingmobile/602kc-c/?rafcid=wsc_i_is_c786838f-2c0a-4f11-8d08-7c1b7cb64c88
2026-06-15 10:53:30,スマホ,中古,【中古】iPhone 11 64GB 128GB 256GB A2221 スマホ スマートフォン 本体 SIMフリー ブラック ホワイト グリーン イエロー パープル (PRODUCT)RED doc,24800,中古スマホとタブレットのにこスマ,https://item.rakuten.co.jp/nicosuma-store/iphone11-128-a/?rafcid=wsc_i_is_c786838f-2c0a-4f11-8d08-7c1b7cb64c88
2026-06-15 10:53:30,スマホ,中古,【中古】Galaxy A21 64GB ブラック ホワイト レッド docomo au SIMフリー SC-42A SCV49,7800,WORLDMOBILE,https://item.rakuten.co.jp/worldmobile/galaxy-a21-abc/?rafcid=wsc_i_is_c786838f-2c0a-4f11-8d08-7c1b7cb64c88
2026-06-15 10:53:30,スマホ,中古,【中古】AQUOS wish4 スマホ スマートフォン 本体 SIMフリー docomo au softbank 美品 にこスマ認定整備済み品(リファービッシュ 整備済品) 白ロム,14600,中古スマホとタブレットのにこスマ,https://item.rakuten.co.jp/nicosuma-store/aquos-wish4/?rafcid=wsc_i_is_c786838f-2c0a-4f11-8d08-7c1b7cb64c88
2026-06-15 10:53:30,スマホ,中古,【中古】iPhone XR 64GB 128GB 256GB スマホ スマートフォン 本体 SIMフリー ブラック ブルー コーラル レッド ホワイト イエロー docomo au softbank ,16800,中古スマホとタブレットのにこスマ,https://item.rakuten.co.jp/nicosuma-store/iphonexr-128-a/?rafcid=wsc_i_is_c786838f-2c0a-4f11-8d08-7c1b7cb64c88
2026-06-15 10:53:30,スマホ,中古,【新品バッテリー】 100% Apple 純正 【中古】 iPhone 13 mini 【レビューで1年保証】 スマホ 本体 SIMフリー 128GB / 256GB / 512GB スターライト /,48000,Likewize Japan 楽天市場店,https://item.rakuten.co.jp/likewize-japan/b_100iphone13mini/?rafcid=wsc_i_is_c786838f-2c0a-4f11-8d08-7c1b7cb64c88
2026-06-15 10:53:30,スマホ,中古,【中古】Xperia 10 V 128GB スマホ スマートフォン 本体 SIMフリー docomo au softbank 美品 にこスマ認定整備済み品(リファービッシュ 整備済品) 白ロム,28800,中古スマホとタブレットのにこスマ,https://item.rakuten.co.jp/nicosuma-store/xperia-10-v/?rafcid=wsc_i_is_c786838f-2c0a-4f11-8d08-7c1b7cb64c88
2026-06-15 10:53:30,スマホ,中古,【中古】AQUOS sense2 32GB ニュアンスブラック ホワイトシルバー シルキーホワイト ピンクゴールド ブロッサムピンク シャンパンゴールド アッシュイエロー アーバンブルー アイスグリー,4000,WORLDMOBILE,https://item.rakuten.co.jp/worldmobile/sense2-abc/?rafcid=wsc_i_is_c786838f-2c0a-4f11-8d08-7c1b7cb64c88
2026-06-15 10:53:30,スマホ,中古,SIMフリー Xperia 10 V SOG11 ラベンダー128GB 本体[Bランク] Androidスマホ 中古 送料無料 当社3ヶ月保証,22500,リサイクルモバイルショップECOMO,https://item.rakuten.co.jp/zexon/30030254851281002531b/?rafcid=wsc_i_is_c786838f-2c0a-4f11-8d08-7c1b7cb64c88
2026-06-15 10:53:30,スマホ,中古,【中古】A＋ランク【未使用に近い】 SIMロック解除済み 元docomo らくらくスマートフォン4 F-04J ホワイト 本体のみ 判定○ 送料無料 父の日 母の日 プレゼント,5980,海テク,https://item.rakuten.co.jp/seatec/f04j-white-ap2/?rafcid=wsc_i_is_c786838f-2c0a-4f11-8d08-7c1b7cb64c88
2026-06-15 10:53:30,スマホ,中古,【中古】iPhone 11 Pro 64GB 256GB 512GB スペースグレイ シルバー ミッドナイトグリーン ゴールド iPhone11Pro 本体,24800,WORLDMOBILE,https://item.rakuten.co.jp/worldmobile/iphone-11pro-abc/?rafcid=wsc_i_is_c786838f-2c0a-4f11-8d08-7c1b7cb64c88
2026-06-15 10:53:30,スマホ,中古,【中古】Xperia 1 SOV40 64GB 128GB スマホ スマートフォン 本体 SIMフリー docomo au softbank 美品 にこスマ認定整備済み品(リファービッシュ 整備済品),11800,中古スマホとタブレットのにこスマ,https://item.rakuten.co.jp/nicosuma-store/xpr-1-64-a/?rafcid=wsc_i_is_c786838f-2c0a-4f11-8d08-7c1b7cb64c88
2026-06-15 10:53:30,スマホ,中古,中古Aランク SIMフリー スマートフォン 404KC 京セラ DIGNO U 液晶5.0インチ ブラック SoftBank ソフトバンク シムフリー android アンドロイド simfree ス,3980,キングモバイル,https://item.rakuten.co.jp/auc-kingmobile/404kc/?rafcid=wsc_i_is_c786838f-2c0a-4f11-8d08-7c1b7cb64c88
2026-06-15 10:53:30,スマホ,中古,【中古/クーポンで22000円OFF】 Apple iPhone 13 SIMフリー 楽天回線セット(iPhone購入＋楽天モバイル申込)【Rakuten 認定中古 / 90日保証】,51800,楽天モバイル公式 楽天市場店,https://item.rakuten.co.jp/rakutenmobile-store/iphone-13_bundle_c/?rafcid=wsc_i_is_c786838f-2c0a-4f11-8d08-7c1b7cb64c88
2026-06-15 10:53:30,スマホ,中古,【中古】iPhone 13 128GB 256GB 512GB A2631 スマホ スマートフォン 本体 SIMフリー グリーン ピンク ブルー ミッドナイト スターライト (PRODUCT)RED ,48800,中古スマホとタブレットのにこスマ,https://item.rakuten.co.jp/nicosuma-store/iphone13-128-a/?rafcid=wsc_i_is_c786838f-2c0a-4f11-8d08-7c1b7cb64c88
2026-06-15 10:53:30,スマホ,中古,バッテリー新品交換済【中古】iPhoneSE3 全色・容量・ランク 本体 SIMフリー 64GB 128GB 256GB 長持ち 電池最大容量 アイフォンSE 第3世代 apple 保証付 送料無料,32500,ニューズドフォン2号店楽天市場店,https://item.rakuten.co.jp/garakei/ipse3mtm-100/?rafcid=wsc_i_is_c786838f-2c0a-4f11-8d08-7c1b7cb64c88
2026-06-15 10:53:30,スマホ,中古,【中古】iPhone7｜SIMフリー A1779｜32GB・128GB・256GB｜シルバー・ゴールド・ブラック・レッド｜バッテリー80%以上｜保証期間30〜90日★レビューで保証期間延長｜送料無料 ,6300,ReYuuストア楽天市場店,https://item.rakuten.co.jp/e-booom/700077/?rafcid=wsc_i_is_c786838f-2c0a-4f11-8d08-7c1b7cb64c88
2026-06-15 10:53:30,スマホ,中古,【中古】Cランク【傷や汚れあり】 SIMフリー F-03K 富士通 らくらくスマートフォンme docomo ブルー 利用制限〇(白ロム) 送料無料,3280,海テク,https://item.rakuten.co.jp/seatec/f-03k-blue-free-c-o/?rafcid=wsc_i_is_c786838f-2c0a-4f11-8d08-7c1b7cb64c88
2026-06-15 10:53:30,スマホ,中古,【中古】 Xiaomi Redmi Note 11 Pro 5G 2201116SR 128GB SIMフリー [Cランク] 中古スマホ 中古 スマホ スマートフォン 本体 保証付き 端末 即日発送 ,26000,MyWiT Japan 楽天市場店,https://item.rakuten.co.jp/mywit/redminote11pro5g128rktn-c/?rafcid=wsc_i_is_c786838f-2c0a-4f11-8d08-7c1b7cb64c88
2026-06-15 10:53:30,スマホ,中古,【中古】 Rakuten Mini C330 32GB SIMフリー [Cランク] 中古スマホ 中古 スマホ スマートフォン 本体 端末 保証付き 即日発送 楽天モバイル,6000,MyWiT Japan 楽天市場店,https://item.rakuten.co.jp/mywit/rakutenminic33032rktn-c/?rafcid=wsc_i_is_c786838f-2c0a-4f11-8d08-7c1b7cb64c88
2026-06-15 10:53:30,スマホ,中古,【中古】Cランク【傷や汚れあり】SIMロック解除済み 元docomo 富士通 らくらくスマートフォン4 F-04J ブラック 判定○ 本体のみ　送料無料 父の日 母の日 プレゼント,3980,海テク,https://item.rakuten.co.jp/seatec/f04j-black-c1/?rafcid=wsc_i_is_c786838f-2c0a-4f11-8d08-7c1b7cb64c88
2026-06-15 10:53:30,スマホ,中古,中古 未使用品 Sランク alcatel PIXI4 SIMフリー シムフリー 白ロム スマホ スマートフォン 本体 端末 グレー SIM フリー wi-fi Wi-Fi ワイファイ microSIM,5990,キングモバイル,https://item.rakuten.co.jp/auc-kingmobile/alcatel-pixi4-s/?rafcid=wsc_i_is_c786838f-2c0a-4f11-8d08-7c1b7cb64c88
2026-06-15 10:53:30,スマホ,中古,【中古】Aランク【目立った傷や汚れなし】SIMロック解除済み 元docomo 富士通 らくらくスマートフォン4 F-04J ブラック 本体のみ　判定○ 送料無料 父の日 母の日 プレゼント,4980,海テク,https://item.rakuten.co.jp/seatec/f04j-black-a2/?rafcid=wsc_i_is_c786838f-2c0a-4f11-8d08-7c1b7cb64c88
2026-06-15 10:53:30,スマホ,中古,【中古】Xperia XZ3 64GB スマホ スマートフォン 本体 SIMフリー docomo au softbank 美品 にこスマ認定整備済み品(リファービッシュ 整備済品) 白ロム,8800,中古スマホとタブレットのにこスマ,https://item.rakuten.co.jp/nicosuma-store/xperia-xz3/?rafcid=wsc_i_is_c786838f-2c0a-4f11-8d08-7c1b7cb64c88
2026-06-15 10:53:30,スマホ,中古,【中古】iPhone 12 64GB 128GB 256GB A2402 スマホ スマートフォン 本体 SIMフリー ブラック ブルー グリーン パープル レッド ホワイト docomo au sof,29800,中古スマホとタブレットのにこスマ,https://item.rakuten.co.jp/nicosuma-store/iphone12-128-b/?rafcid=wsc_i_is_c786838f-2c0a-4f11-8d08-7c1b7cb64c88
2026-06-15 10:53:30,スマホ,中古,【中古】Google Pixel 8a 128GB スマホ スマートフォン 本体 SIMフリー docomo au softbank 美品 にこスマ認定整備済み品(リファービッシュ 整備済品) 白ロム,42800,中古スマホとタブレットのにこスマ,https://item.rakuten.co.jp/nicosuma-store/pixel8a/?rafcid=wsc_i_is_c786838f-2c0a-4f11-8d08-7c1b7cb64c88
2026-06-15 10:53:30,スマホ,中古,中古 Apple iPhone16 Pro 128GB 256GB 512GB 1TB ブラックチタニウム ホワイトチタニウム ナチュラルチタニウム デザートチタニウム SIMフリー 6ヶ月保証 赤ロ,146800,ショップ・インバース楽天市場店,https://item.rakuten.co.jp/shop-inverse/sku-iphone16pro/?rafcid=wsc_i_is_c786838f-2c0a-4f11-8d08-7c1b7cb64c88
2026-06-15 10:53:30,スマホ,中古,中古 Apple iPhone15 128GB 256GB 512GB ブラック ブルー グリーン イエロー ピンク SIMフリー 6ヶ月保証 赤ロム保証 スマホ【CA】中古アイフォン 中古iphon,91800,ショップ・インバース楽天市場店,https://item.rakuten.co.jp/shop-inverse/sku-iphone15/?rafcid=wsc_i_is_c786838f-2c0a-4f11-8d08-7c1b7cb64c88
2026-06-15 10:53:30,スマホ,中古,"【6,000円引きクーポン】【中古】 iPhone 12 Pro Max A2410 128GB SIMフリー [Aランク] アイフォン Apple アップル バッテリー リユース 中古 スマホ スマ",64000,MyWiT Japan 楽天市場店,https://item.rakuten.co.jp/mywit/iphone12promax128gen-a/?rafcid=wsc_i_is_c786838f-2c0a-4f11-8d08-7c1b7cb64c88
2026-06-15 10:53:30,スマホ,中古,【中古】【整備済み品】iPhone 12 64GB ランクB 中古 スマホ スマートフォン iPhone 本体 SIMフリー アイフォン シムフリー 送料無料,32980,エムモバ 楽天市場店,https://item.rakuten.co.jp/mmoba/seibi1264b/?rafcid=wsc_i_is_c786838f-2c0a-4f11-8d08-7c1b7cb64c88
2026-06-15 10:53:30,スマホ,中古,"【中古】 できるゼロからはじめるAndroidスマートフォン超入門改訂2版 / 法林岳之, 清水理史, できるシリーズ編集部 / [単行本（ソフトカバー）]【メール便送料無料】【最短翌日配達対応】",354,もったいない本舗 楽天市場店,https://item.rakuten.co.jp/comicset/bkzdpdeyg2lu6cft/?rafcid=wsc_i_is_c786838f-2c0a-4f11-8d08-7c1b7cb64c88
2026-06-15 10:53:30,スマホ,中古,【中古】【SIMロック解除済】au iPhone12 A2402 (MJNH3J/A) 64GB パープル Apple スマホ スマートフォン 当社3ヶ月間保証 送料無料 イオシス,38800,中古スマホとタブレットのイオシス,https://item.rakuten.co.jp/pc-good/236756/?rafcid=wsc_i_is_c786838f-2c0a-4f11-8d08-7c1b7cb64c88
2026-06-15 10:53:30,スマホ,中古,【中古】【第3世代】 iPhoneSE A2782 (MMYC3J/A) 64GB ミッドナイト 【au版SIMフリー】 Apple スマホ スマートフォン 当社3ヶ月間保証 送料無料 イオシス,28800,中古スマホとタブレットのイオシス,https://item.rakuten.co.jp/pc-good/244953/?rafcid=wsc_i_is_c786838f-2c0a-4f11-8d08-7c1b7cb64c88
2026-06-15 10:53:30,スマホ,中古,【中古】iPhone13 Pro Max SIMフリー 本体 128GB 256GB 512GB 1TB グラファイト ゴールド シルバー ブルー グリーン 中古スマホ iPhone13ProMax ,74000,ニューズドフォン1号店楽天市場店,https://item.rakuten.co.jp/kamaya-awards/ip13pmmtm-80/?rafcid=wsc_i_is_c786838f-2c0a-4f11-8d08-7c1b7cb64c88
2026-06-15 10:53:30,スマホ,中古,【中古】【バッテリー100％】iPhone 8 64GB ランクC 中古 スマホ スマートフォン iPhone 本体 SIMフリー アイフォン シムフリー 送料無料,11580,エムモバ 楽天市場店,https://item.rakuten.co.jp/mmoba/100864c/?rafcid=wsc_i_is_c786838f-2c0a-4f11-8d08-7c1b7cb64c88
2026-06-15 10:53:30,スマホ,中古,【中古Cランク】 Xperia 1 SO-03L 中古スマホ SIMフリー スマホ シムフリー アンドロイド android11 simフリースマホ エクスペリアスマホ simフリースマートフォン S,11980,シーモバ 楽天市場店,https://item.rakuten.co.jp/seemoba/so03l_c/?rafcid=wsc_i_is_c786838f-2c0a-4f11-8d08-7c1b7cb64c88
2026-06-15 10:53:30,スマホ,中古,"【12,000円引きクーポン】【中古】 iPhone 15 A3089 256GB SIMフリー [Aランク] アイフォン Apple アップル バッテリー リユース 中古 スマホ スマートフォン 携",104000,MyWiT Japan 楽天市場店,https://item.rakuten.co.jp/mywit/iphone15256gen-a/?rafcid=wsc_i_is_c786838f-2c0a-4f11-8d08-7c1b7cb64c88
2026-06-15 10:53:30,スマホ,中古,中古 Apple iPhone13 Pro 128GB 256GB 512GB 1TB アルパイングリーン グラファイト ゴールド シエラブルー シルバー SIMフリー 6ヶ月保証 赤ロム保証 スマホ,64800,ショップ・インバース楽天市場店,https://item.rakuten.co.jp/shop-inverse/sku-iphone13pro/?rafcid=wsc_i_is_c786838f-2c0a-4f11-8d08-7c1b7cb64c88
2026-06-15 10:53:30,スマホ,中古,Apple iPhone SE3 (2022年モデル) SIMフリー /[ 64GB 128GB / 4.7インチ Retinaディスプレイ / スターライト ミッドナイト レッド / Apple A,24600,中古パソコン専門店 Be-Stock,https://item.rakuten.co.jp/be-stock/be-recommend-iphonese3_set/?rafcid=wsc_i_is_c786838f-2c0a-4f11-8d08-7c1b7cb64c88
2026-06-15 10:53:30,スマホ,中古,【中古：A(美品)】Apple iPhone SE（第3世代） 128GB ミッドナイト SIMフリー【ガラスフィルム付属】 アイフォン 中古 スマートフォン 本体 スマホ SIMフリーモデル 高品質,38800,カメラのキタムラ,https://item.rakuten.co.jp/emedama/2500000541537/?rafcid=wsc_i_is_c786838f-2c0a-4f11-8d08-7c1b7cb64c88
2026-06-15 10:53:30,スマホ,中古,中古 Apple iPhone12 Pro 128GB 256GB 512GB シルバー グラファイト ゴールド パシフィックブルー SIMフリー 6ヶ月保証 赤ロム保証 スマホ【CA】 スマホ アッ,47800,ショップ・インバース楽天市場店,https://item.rakuten.co.jp/shop-inverse/sku-iphone12pro/?rafcid=wsc_i_is_c786838f-2c0a-4f11-8d08-7c1b7cb64c88
2026-06-15 10:53:30,スマホ,中古,【中古】iPhone15 Pro Max SIMフリー 本体 128GB 256GB 512GB 1TB ブラック ホワイト ナチュラル ブルーチタニウム 中古スマホ iPhone15ProMax ア,123000,ニューズドフォン1号店楽天市場店,https://item.rakuten.co.jp/kamaya-awards/ip15pmmtm-80/?rafcid=wsc_i_is_c786838f-2c0a-4f11-8d08-7c1b7cb64c88
2026-06-15 10:53:30,スマホ,中古,【中古】iPhone11｜SIMフリー A2221｜64GB・128GB・256GB｜ホワイト ブラック パープル グリーン イエロー レッド｜バッテリー80%以上｜保証期間30〜90日★レビューで保,21800,ReYuuストア楽天市場店,https://item.rakuten.co.jp/e-booom/702567/?rafcid=wsc_i_is_c786838f-2c0a-4f11-8d08-7c1b7cb64c88
2026-06-15 10:53:30,スマホ,中古,"【20,000円引きクーポン】【中古】 iPhone 14 Pro Max A2893 1TB SIMフリー [Cランク] アイフォン Apple アップル バッテリー リユース 中古 スマホ スマー",134000,MyWiT Japan 楽天市場店,https://item.rakuten.co.jp/mywit/iphone14promax1024gen-c/?rafcid=wsc_i_is_c786838f-2c0a-4f11-8d08-7c1b7cb64c88
2026-06-15 10:53:30,スマホ,中古,SIMフリー Xperia 10 V SOG11 ラベンダー128GB 本体[Bランク] Androidスマホ 中古 送料無料 当社3ヶ月保証,22500,リサイクルモバイルショップECOMO,https://item.rakuten.co.jp/zexon/30030254851281002431b/?rafcid=wsc_i_is_c786838f-2c0a-4f11-8d08-7c1b7cb64c88
2026-06-15 10:53:30,スマホ,中古,【中古】【整備済み品】【バッテリー100％】iPhone XR 64GB ランクB 中古 スマホ スマートフォン iPhone 本体 SIMフリー アイフォン シムフリー 送料無料,19580,エムモバ 楽天市場店,https://item.rakuten.co.jp/mmoba/100seibixr64b/?rafcid=wsc_i_is_c786838f-2c0a-4f11-8d08-7c1b7cb64c88
2026-06-15 10:53:30,スマホ,中古,"【12,000円引きクーポン】【中古】 iPhone 15 A3089 256GB SIMフリー [Bランク] アイフォン Apple アップル バッテリー リユース 中古 スマホ スマートフォン 携",99000,MyWiT Japan 楽天市場店,https://item.rakuten.co.jp/mywit/iphone15256gen-b/?rafcid=wsc_i_is_c786838f-2c0a-4f11-8d08-7c1b7cb64c88
2026-06-15 10:53:30,スマホ,中古,"【中古】 5日でデビュー！　はじめてのスマホ / 池澤 あやか, NHK出版 / NHK出版 [ムック]【メール便送料無料】【最短翌日配達対応】",734,もったいない本舗 楽天市場店,https://item.rakuten.co.jp/comicset/4141992828/?rafcid=wsc_i_is_c786838f-2c0a-4f11-8d08-7c1b7cb64c88
2026-06-15 10:53:30,スマホ,中古,【中古】 Sharp Aquos Sense3 Plus SH-RM11 64GB SIMフリー [Cランク] 中古スマホ 中古 スマホ スマートフォン 本体 端末 保証付き 即日発送 楽天モバイル,9000,MyWiT Japan 楽天市場店,https://item.rakuten.co.jp/mywit/sh-rm11aquossense3plus64rktn-c/?rafcid=wsc_i_is_c786838f-2c0a-4f11-8d08-7c1b7cb64c88
2026-06-15 10:53:30,スマホ,中古,iPhoneSE（第3世代） 本体 SIMフリー 64GB 5G ファイブジー Touch ID デュアルeSIM ガラスフィルム特典 不良保証 安心保証 返金保証 送料無料 アイフォン スマホ スマ,38000,D-PLAZAアウトレット訳あり中古店,https://item.rakuten.co.jp/d-plaza/se3-64re-a14h4/?rafcid=wsc_i_is_c786838f-2c0a-4f11-8d08-7c1b7cb64c88
2026-06-15 10:53:30,スマホ,中古,【中古】ほんのひと手間で劇的に変わるスマホ写真の撮り方 iPhone　Android対応/技術評論社/吉住志穂（単行本（ソフトカバー））,1135,VALUE BOOKS,https://item.rakuten.co.jp/vaboo/va747x713429u20/?rafcid=wsc_i_is_c786838f-2c0a-4f11-8d08-7c1b7cb64c88
2026-06-15 10:53:30,スマホ,中古,【中古】 はじめてのスマートフォンが今すぐ使える本 / 英和出版社 / 英和出版社 [ムック]【メール便送料無料】【最短翌日配達対応】,651,もったいない本舗 楽天市場店,https://item.rakuten.co.jp/comicset/bkufg9qylkzwoiqy/?rafcid=wsc_i_is_c786838f-2c0a-4f11-8d08-7c1b7cb64c88
2026-06-15 10:53:30,スマホ,中古,"【中古】 できるゼロからはじめるAndroidスマートフォン超入門 / 法林 岳之, 清水 理史, できるシリーズ編集部 / インプ [単行本（ソフトカバー）]【メール便送料無料】【最短翌日配達対応】",444,もったいない本舗 楽天市場店,https://item.rakuten.co.jp/comicset/4844337955/?rafcid=wsc_i_is_c786838f-2c0a-4f11-8d08-7c1b7cb64c88
2026-06-15 10:53:30,スマホ,中古,iPhone 13 mini SIMフリー 未使用に近い SAランク 中古 本体 スマホ スマートフォン 128GB 256GB 512GB ミッドナイト スターライト ピンク レッド グリーン ブル,68080,フォンサル 楽天市場店,https://item.rakuten.co.jp/phonsul/iphone13mi-128-sa/?rafcid=wsc_i_is_c786838f-2c0a-4f11-8d08-7c1b7cb64c88
2026-06-15 10:53:30,スマホ,中古,【中古】【SIMロック解除済】【第2世代】 SoftBank iPhoneSE A2296 (MHGU3J/A) 128GB ホワイト Apple スマホ スマートフォン 当社3ヶ月間保証 送料無料 ,16800,中古スマホとタブレットのイオシス,https://item.rakuten.co.jp/pc-good/226048/?rafcid=wsc_i_is_c786838f-2c0a-4f11-8d08-7c1b7cb64c88
2026-06-15 10:53:30,スマホ,中古,"【20,000円引きクーポン】【中古】 iPhone 15 Pro Max A3105 256GB SIMフリー [Bランク] アイフォン Apple アップル バッテリー リユース 中古 スマホ ス",138000,MyWiT Japan 楽天市場店,https://item.rakuten.co.jp/mywit/iphone15promax256gen-b/?rafcid=wsc_i_is_c786838f-2c0a-4f11-8d08-7c1b7cb64c88
2026-06-15 10:53:30,スマホ,中古,【中古】Google Pixel 8 Pro 128GB 256GB 512GB スマホ スマートフォン 本体 SIMフリー 美品あり シムフリー android,81000,FSモバイル,https://item.rakuten.co.jp/fs-mobile/rc_itfb8bqdi93i_pg4g/?rafcid=wsc_i_is_c786838f-2c0a-4f11-8d08-7c1b7cb64c88
2026-06-15 10:53:30,スマホ,中古,"【4,000円引きクーポン】【中古】 iPhone 14 Pro A2889 256GB SIMフリー [Aランク] アイフォン Apple アップル バッテリー リユース 中古 スマホ スマートフォ",97000,MyWiT Japan 楽天市場店,https://item.rakuten.co.jp/mywit/iphone14pro256gen-a/?rafcid=wsc_i_is_c786838f-2c0a-4f11-8d08-7c1b7cb64c88
2026-06-15 10:53:30,スマホ,中古,【中古】【整備済み品】【バッテリー100％】iPhoneXS 256GB ランクC 中古 スマホ スマートフォン iPhone 本体 SIMフリー アイフォン シムフリー 送料無料,23580,エムモバ 楽天市場店,https://item.rakuten.co.jp/mmoba/100seibixs256c/?rafcid=wsc_i_is_c786838f-2c0a-4f11-8d08-7c1b7cb64c88
2026-06-15 10:53:30,スマホ,中古,【中古】【SIMロック解除済】【第2世代】 SoftBank iPhoneSE A2296 (MHGQ3J/A) 64GB ホワイト Apple スマホ スマートフォン 当社3ヶ月間保証 送料無料 イ,15800,中古スマホとタブレットのイオシス,https://item.rakuten.co.jp/pc-good/220493/?rafcid=wsc_i_is_c786838f-2c0a-4f11-8d08-7c1b7cb64c88
2026-06-15 10:53:30,スマホ,中古,【中古】Bランク【やや傷や汚れあり】 SIMロック解除済み 元docomo らくらくスマートフォン4 F-04J ホワイト 本体のみ 判定○ 送料無料 父の日 母の日 プレゼント,4480,海テク,https://item.rakuten.co.jp/seatec/f04j-white-b1/?rafcid=wsc_i_is_c786838f-2c0a-4f11-8d08-7c1b7cb64c88
2026-06-15 10:53:30,スマホ,中古,【中古】【整備済み品】iPhone 11 Pro Max 256GB ランクB　中古 スマホ スマートフォン iPhone 本体 SIMフリー アイフォン シムフリー 送料無料,49980,エムモバ 楽天市場店,https://item.rakuten.co.jp/mmoba/seibi11promax256b/?rafcid=wsc_i_is_c786838f-2c0a-4f11-8d08-7c1b7cb64c88
2026-06-15 10:53:30,スマホ,中古,【中古】 そろそろスマホ / 池澤 あやか / NHK出版 [ムック]【メール便送料無料】【最短翌日配達対応】,371,もったいない本舗 楽天市場店,https://item.rakuten.co.jp/comicset/bkgbe6c0nw6mosn5/?rafcid=wsc_i_is_c786838f-2c0a-4f11-8d08-7c1b7cb64c88
2026-06-15 10:53:30,スマホ,中古,【中古Cランク】 Xperia 5 III SO-53B 4G 5G android11 スマホ SIMフリー SONY エクスペリア 中古スマホ android 中古スマホアンドロイド xperia,17980,シーモバ 楽天市場店,https://item.rakuten.co.jp/seemoba/so53b_c/?rafcid=wsc_i_is_c786838f-2c0a-4f11-8d08-7c1b7cb64c88
2026-06-15 10:53:30,スマホ,中古,【中古】iPhone SE 第2世代 2020 SE2 A2296 64GB 128GB 256GB スマホ スマートフォン SE2 本体 SIMフリー ブラック レッド ホワイト docomo au,12800,中古スマホとタブレットのにこスマ,https://item.rakuten.co.jp/nicosuma-store/iphonese2-128-b/?rafcid=wsc_i_is_c786838f-2c0a-4f11-8d08-7c1b7cb64c88
2026-06-15 10:53:30,スマホ,中古,当日発送 【中古】Apple(アップル) iPhoneSE2 第2世代 本体 64GB iOS 18.5 ホワイト ブラック ■IMEIチェック済　■ 白ロム SIMロック解除済 アイフォン アイフォ,19800,中古パソコン情報会館 楽天市場店,https://item.rakuten.co.jp/mediatorconnect/sp-250606-iphone-se2-s/?rafcid=wsc_i_is_c786838f-2c0a-4f11-8d08-7c1b7cb64c88
2026-06-15 10:53:30,スマホ,中古,【中古】iPhone 15 128GB 256GB 512GB A3089 スマホ スマートフォン 本体 SIMフリー ピンク イエロー グリーン ブルー ブラック docomo au softban,84800,中古スマホとタブレットのにこスマ,https://item.rakuten.co.jp/nicosuma-store/iphone15-128-a/?rafcid=wsc_i_is_c786838f-2c0a-4f11-8d08-7c1b7cb64c88
2026-06-15 10:53:30,スマホ,中古,バッテリー新品交換済【中古】iPhone12 全色・容量・ランク 本体 SIMフリー 64GB 128GB 256GB バッテリー100％ 長持ち 再生スマホ 電池最大容量 アイフォン12 apple,33000,ニューズドフォン1号店楽天市場店,https://item.rakuten.co.jp/kamaya-awards/ip12mtm-100/?rafcid=wsc_i_is_c786838f-2c0a-4f11-8d08-7c1b7cb64c88
2026-06-15 10:53:30,スマホ,中古,【中古】iPhone SE 第3世代 2022 SE3 A2782 64GB 128GB スマホ スマートフォン SE3 本体 SIMフリー ミッドナイト レッド スターライト docomo au s,20800,中古スマホとタブレットのにこスマ,https://item.rakuten.co.jp/nicosuma-store/iphonese3-128-a/?rafcid=wsc_i_is_c786838f-2c0a-4f11-8d08-7c1b7cb64c88
2026-06-15 10:53:30,スマホ,中古,Google Pixel 7a 5G ファイブジー 128GB AI Tensor G2 消しゴムマジック リアルタイム翻訳 字幕起こし 特典付 SIMフリー p7abl-a81z1 不良保証 安心保,39000,D-PLAZAアウトレット訳あり中古店,https://item.rakuten.co.jp/d-plaza/p7abl-a81z1/?rafcid=wsc_i_is_c786838f-2c0a-4f11-8d08-7c1b7cb64c88
2026-06-15 10:53:30,スマホ,中古,【中古】Aランク【目立った傷や汚れなし】 SIMロック解除済み 元docomo らくらくスマートフォン4 F-04J ホワイト 本体のみ 判定○ 送料無料 父の日 母の日 プレゼント,4980,海テク,https://item.rakuten.co.jp/seatec/f04j-white-a1/?rafcid=wsc_i_is_c786838f-2c0a-4f11-8d08-7c1b7cb64c88
2026-06-15 10:53:30,スマホ,中古,安心の1年保証！iPhone13 Pro 256GB シエラブルー 本体 中古 スマホ 中古スマホ 中古iPhone iPhone13Pro 中古Cランク バッテリー最大容量84% SIMフリー,64800,MoriMoriStore(リユース館),https://item.rakuten.co.jp/sokutei-2/356310703329576/?rafcid=wsc_i_is_c786838f-2c0a-4f11-8d08-7c1b7cb64c88
2026-06-15 10:53:30,スマホ,中古,【中古】 A201KC かんたんスマホ2＋ ホワイト SIMフリー 本体 ワイモバイル スマホ 【あす楽】 【保証あり】 【送料無料】 a201kcwh7mtm,7500,ニューズドフォン2号店楽天市場店,https://item.rakuten.co.jp/garakei/a201kcwh7mtm/?rafcid=wsc_i_is_c786838f-2c0a-4f11-8d08-7c1b7cb64c88
2026-06-15 10:53:30,スマホ,中古,【中古】【SIMロック解除済】【第2世代】 docomo iPhoneSE A2296 (MHGQ3J/A) 64GB ホワイト Apple スマホ スマートフォン 当社3ヶ月間保証 送料無料 イオシ,17800,中古スマホとタブレットのイオシス,https://item.rakuten.co.jp/pc-good/222119/?rafcid=wsc_i_is_c786838f-2c0a-4f11-8d08-7c1b7cb64c88
2026-06-15 10:53:30,スマホ,中古,【中古】 なるほど便利！くらしで使えるスマホ＆タブレット / 岡嶋 裕史 / NHK出版 [ムック]【宅配便出荷】,209,もったいない本舗 おまとめ店,https://item.rakuten.co.jp/mottainaihonpo-omatome/4141897655/?rafcid=wsc_i_is_c786838f-2c0a-4f11-8d08-7c1b7cb64c88
2026-06-15 10:53:30,スマホ,中古,"【2,000円引きクーポン】【中古】 Nothing Nothing Phone 2a A142 128GB SIMフリー [Aランク] 中古スマホ 中古 スマホ スマートフォン 本体 端末 保証付き",30000,MyWiT Japan 楽天市場店,https://item.rakuten.co.jp/mywit/a142nothingphone2a128gen-a/?rafcid=wsc_i_is_c786838f-2c0a-4f11-8d08-7c1b7cb64c88
2026-06-15 10:53:30,スマホ,中古,"【3,500円引きクーポン】【中古】 iPhone 12 A2402 128GB SIMフリー [Cランク] アイフォン Apple アップル バッテリー リユース 中古 スマホ スマートフォン 携帯",36000,MyWiT Japan 楽天市場店,https://item.rakuten.co.jp/mywit/iphone12128gen-c/?rafcid=wsc_i_is_c786838f-2c0a-4f11-8d08-7c1b7cb64c88
2026-06-15 10:53:30,スマホ,中古,【中古】iPhone 16 Pro Max 128GB 256GB 512GB 1TB A3295 スマホ スマートフォン 本体 SIMフリー ブラックチタニウム デザートチタニウム ナチュラルチタニ,166800,中古スマホとタブレットのにこスマ,https://item.rakuten.co.jp/nicosuma-store/iph-16-pro-max/?rafcid=wsc_i_is_c786838f-2c0a-4f11-8d08-7c1b7cb64c88
2026-06-15 10:53:30,スマホ,ジャンク,campplanseries シール (s221)40枚入 キャンプ ステッカー フレークシール 和紙 アウトドア BBQ テント おしゃれ 自然 山 海 川 コテージ グランピング マステ素材 ラン,365,Pales Chop,https://item.rakuten.co.jp/swz-27/si-ru-221/?rafcid=wsc_i_is_c786838f-2c0a-4f11-8d08-7c1b7cb64c88
2026-06-15 10:53:30,スマホ,ジャンク,ジャンクションプロデュース スマートフォンホルダー,13200,JUNCTION PRODUCE 公式楽天市場店,https://item.rakuten.co.jp/junction-produce/smaf_fol_01/?rafcid=wsc_i_is_c786838f-2c0a-4f11-8d08-7c1b7cb64c88
2026-06-15 10:53:30,スマホ,ジャンク,【中古】Libero 5G III 64GB A202ZT Y!mobile版SIMフリー ジャンク品,8000,スマホやタブレット販売のサクモバ,https://item.rakuten.co.jp/mobile-shop/28520240/?rafcid=wsc_i_is_c786838f-2c0a-4f11-8d08-7c1b7cb64c88
2026-06-15 10:53:30,スマホ,ジャンク,【中古】iPhoneSE 第3世代 64GB スターライト MMYD3J/A SIMフリー ジャンク品,12300,スマホやタブレット販売のサクモバ,https://item.rakuten.co.jp/mobile-shop/28146478/?rafcid=wsc_i_is_c786838f-2c0a-4f11-8d08-7c1b7cb64c88
2026-06-15 10:53:30,スマホ,ジャンク,【中古】iPhone11 Pro 256GB シルバー MWC82J/A AU版SIMフリージャンク品,11800,スマホやタブレット販売のサクモバ,https://item.rakuten.co.jp/mobile-shop/28499781/?rafcid=wsc_i_is_c786838f-2c0a-4f11-8d08-7c1b7cb64c88
2026-06-15 10:53:30,スマホ,ジャンク,【中古】iPhone13 256GB ブルー MLNM3J/A SoftBank版SIMフリー ジャンク品,30300,爆速発送のアメモバ楽天市場店,https://item.rakuten.co.jp/amemoba/28497645/?rafcid=wsc_i_is_c786838f-2c0a-4f11-8d08-7c1b7cb64c88
2026-06-15 10:53:30,スマホ,ジャンク,【中古】AirPods 第4世代 アクティブノイズキャンセリング搭載 ホワイト MXP93J/A ジャンク品,13300,スマホやタブレット販売のサクモバ,https://item.rakuten.co.jp/mobile-shop/28208992/?rafcid=wsc_i_is_c786838f-2c0a-4f11-8d08-7c1b7cb64c88
2026-06-15 10:53:30,スマホ,ジャンク,【中古】iPhoneXR 64GB ブルー MT0E2J/A AU版SIMフリー ジャンク品,6800,爆速発送のアメモバ楽天市場店,https://item.rakuten.co.jp/amemoba/28471320/?rafcid=wsc_i_is_c786838f-2c0a-4f11-8d08-7c1b7cb64c88
2026-06-15 10:53:30,スマホ,ジャンク,【中古】Xperia 5 II 256GB ブルー XQ-AS42 SIMフリー ジャンク品,14300,爆速発送のアメモバ楽天市場店,https://item.rakuten.co.jp/amemoba/28512226/?rafcid=wsc_i_is_c786838f-2c0a-4f11-8d08-7c1b7cb64c88
2026-06-15 10:53:30,スマホ,ジャンク,【中古】iPhone8 64GB シルバー MQ792J/A AU版SIMフリー ジャンク品,5800,爆速発送のアメモバ楽天市場店,https://item.rakuten.co.jp/amemoba/28503991/?rafcid=wsc_i_is_c786838f-2c0a-4f11-8d08-7c1b7cb64c88
2026-06-15 10:53:30,スマホ,ジャンク,【ジャンク品】AQUOS R3 SHV44 au プレミアムブラック 送料無料 本体 n09185 【中古】,8800,アークマーケットモバイル,https://item.rakuten.co.jp/arc-market-mobile/n09185/?rafcid=wsc_i_is_c786838f-2c0a-4f11-8d08-7c1b7cb64c88
2026-06-15 10:53:30,スマホ,ジャンク,多機種対応 スマホケース iPhone 17e 17 16e 16 15 14 13 SE Air Pro Max mini Plus Xperia AQUOS Galaxy ケース カバー brai,2380,オリジナルスマホケース vidamall,https://item.rakuten.co.jp/vidamall/brnhip-dnok1-m0026-b/?rafcid=wsc_i_is_c786838f-2c0a-4f11-8d08-7c1b7cb64c88
2026-06-15 10:53:30,スマホ,ジャンク,多機種対応 スマホケース iPhone 17e 17 16e 16 15 14 13 SE Air Pro Max mini Plus Xperia AQUOS Galaxy ケース カバー brai,2380,オリジナルスマホケース vidamall,https://item.rakuten.co.jp/vidamall/brnhip-dnok1-m0024-c/?rafcid=wsc_i_is_c786838f-2c0a-4f11-8d08-7c1b7cb64c88
2026-06-15 10:53:30,スマホ,ジャンク,AQUOS sense6 SH-54B SHG05 SH-M19 sense6s SHG07 SH-RM19s ベルトなし 手帳型ケース ケース 手帳型 マグネット 帯なし スタンド機能 携帯ケース ,2730,デザインスマホケース・カバーJACK,https://item.rakuten.co.jp/sumahojack222/booksh54bt091/?rafcid=wsc_i_is_c786838f-2c0a-4f11-8d08-7c1b7cb64c88
2026-06-15 10:53:30,スマホ,ジャンク,多機種対応 スマホケース iPhone 17e 17 16e 16 15 14 13 SE Air Pro Max mini Plus Xperia AQUOS Galaxy ケース カバー brai,2380,オリジナルスマホケース vidamall,https://item.rakuten.co.jp/vidamall/brnhip-dnok1-m0025-c/?rafcid=wsc_i_is_c786838f-2c0a-4f11-8d08-7c1b7cb64c88
2026-06-15 10:53:30,スマホ,ジャンク,多機種対応 スマホケース 手帳型 iPhone 17e 17 16e 16 15 14 13 Air SE Pro Max Plus Xperia AQUOS Galaxy ケース カバー Ruuu ,3480,オリジナルスマホケース vidamall,https://item.rakuten.co.jp/vidamall/sppfip-rufuj-m1146/?rafcid=wsc_i_is_c786838f-2c0a-4f11-8d08-7c1b7cb64c88
2026-06-15 10:53:30,スマホ,ジャンク,スマホケース手帳型 全機種対応 iPhone17ケース 16 Pro Max SE(第3世代) スマホカバー アメリカン 食べ物 ジャンクフード ハンバーガー ピザ アイス 送料無料 Xperia A,1000,woodgreen スマホケースの町,https://item.rakuten.co.jp/woodgreen/nca-case04/?rafcid=wsc_i_is_c786838f-2c0a-4f11-8d08-7c1b7cb64c88
2026-06-15 10:53:30,スマホ,ジャンク,Google Pixel 7a ベルトなし 手帳型ケース グーグルピクセル7aケース手帳 マグネット docomo au softbank 帯なし スタンド機能 携帯ケース カバー ケース スマホ 手,2730,デザインスマホケース・カバーJACK,https://item.rakuten.co.jp/sumahojack222/bookpixel7at091/?rafcid=wsc_i_is_c786838f-2c0a-4f11-8d08-7c1b7cb64c88
2026-06-15 10:53:30,スマホ,ジャンク,iPhone16 apple docomo au softbank ベルトなし 手帳型ケース ケース 手帳型 マグネット 帯なし スタンド機能 携帯ケース カバー ケース スマホ 手帳 スマホカバー ,2730,デザインスマホケース・カバーJACK,https://item.rakuten.co.jp/sumahojack222/bookiphone16t091/?rafcid=wsc_i_is_c786838f-2c0a-4f11-8d08-7c1b7cb64c88
2026-06-15 10:53:30,スマホ,ジャンク,【中古】未使用品 アップル Apple iPhone6S スマートフォン MN0W2J/A スペースグレイ 32GB ジャンク その他 【ベクトル 古着】 260418,8500,ブランド古着の買取販売ベクトル,https://item.rakuten.co.jp/auc-vector/002-902604170011/?rafcid=wsc_i_is_c786838f-2c0a-4f11-8d08-7c1b7cb64c88
2026-06-15 10:53:30,スマホ,ジャンク,【中古】未使用品 アップル Apple iPhone6S スマートフォン MN0W2J/A スペースグレイ 32GB ジャンク その他 【ベクトル 古着】 260418,8500,ブランド古着ベクトルプレミアム店,https://item.rakuten.co.jp/vectorpremium/002-902604170011/?rafcid=wsc_i_is_c786838f-2c0a-4f11-8d08-7c1b7cb64c88
2026-06-15 10:53:30,スマホ,ジャンク,【中古】iPhone 15 128GB グリーン ランクJ ジャンク 中古 スマホ スマートフォン iPhone 本体 SIMフリー アイフォン シムフリー 送料無料,82980,エムモバ 楽天市場店,https://item.rakuten.co.jp/mmoba/j351947255949619/?rafcid=wsc_i_is_c786838f-2c0a-4f11-8d08-7c1b7cb64c88
2026-06-15 10:53:30,スマホ,ジャンク,らくらくスマートフォン F-52B 専用 ケース カバー 手帳型 マグネット式 ピタッと閉まる レザーケース f52b カード収納 ポケット igcase 026083 ハンバーガー　ジャンク　食べ物,1980,スマコレ,https://item.rakuten.co.jp/case-style/f52b-026083-nb/?rafcid=wsc_i_is_c786838f-2c0a-4f11-8d08-7c1b7cb64c88
2026-06-15 10:53:30,スマホ,ジャンク,Google Pixel 各種 10a 10 10Pro 10ProXL 9a 9 9Pro 9ProXL 8a 8 Pro 7a 7 6a 6 5a (5G) 5 手帳型 スマホ ケース カバー b,3480,オリジナルスマホケース vidamall,https://item.rakuten.co.jp/vidamall/googlef-rufuj-foodphoto/?rafcid=wsc_i_is_c786838f-2c0a-4f11-8d08-7c1b7cb64c88
2026-06-15 10:53:30,スマホ,ジャンク,らくらくスマートフォン me F-01L ストラップ付き f01l ケース ショルダー スマホ 落下防止 手帳型 マグネット式 ピタッと閉まる スマホカバー 肩掛け 斜めかけ 025592 食べ物　ハ,2280,スマコレ,https://item.rakuten.co.jp/case-style/f01lsd-025592-nbp/?rafcid=wsc_i_is_c786838f-2c0a-4f11-8d08-7c1b7cb64c88
2026-06-15 10:53:30,スマホ,ジャンク,らくらくスマートフォン F-52B 専用 ケース カバー 手帳型 マグネット式 ピタッと閉まる レザーケース f52b カード収納 ポケット igcase 025647 食べ物　ポテト　ジャンクフード,1980,スマコレ,https://item.rakuten.co.jp/case-style/f52b-025647-nb/?rafcid=wsc_i_is_c786838f-2c0a-4f11-8d08-7c1b7cb64c88
2026-06-15 10:53:30,スマホ,ジャンク,らくらくスマートフォン me F-01L ストラップ付き f01l ケース ショルダー スマホ 落下防止 手帳型 マグネット式 ピタッと閉まる スマホカバー 肩掛け 斜めかけ 025647 食べ物　ポ,2280,スマコレ,https://item.rakuten.co.jp/case-style/f01lsd-025647-nbp/?rafcid=wsc_i_is_c786838f-2c0a-4f11-8d08-7c1b7cb64c88
2026-06-15 10:53:30,スマホ,ジャンク,らくらくスマートフォン3 F-06F カバー 手帳型 らくらくフォン らくらくホン 携帯ケース 携帯カバー シニアフォン シニアホン らくらく スマートフォン ケース らくらく スマートフォン 3 ケ,2980,スマホケース・雑貨 カリーナ,https://item.rakuten.co.jp/diddy2012/f06f-di905/?rafcid=wsc_i_is_c786838f-2c0a-4f11-8d08-7c1b7cb64c88
2026-06-15 10:53:30,スマホ,ジャンク,かんたんスマホ2 A001KC ベルトなし 手帳型 携帯ケース 携帯カバー ワイモバイル かんたんスマホ2 a001kcケース a001kc 手帳ケース シニアフォン ジャンクモール bn905,2980,スマホケース・雑貨 カリーナ,https://item.rakuten.co.jp/diddy2012/a001kc-bn905/?rafcid=wsc_i_is_c786838f-2c0a-4f11-8d08-7c1b7cb64c88
2026-06-15 10:53:30,スマホ,ジャンク,らくらくスマートフォン a A401FC 用 手帳型ケース ストラップ付き ショルダー a401fc スマホ 落下防止 手帳型 マグネット式 ピタッと閉まる スマホカバー 肩掛け 斜めかけ 02559,2280,スマコレ,https://item.rakuten.co.jp/case-style/a401fcsd-025592-nb/?rafcid=wsc_i_is_c786838f-2c0a-4f11-8d08-7c1b7cb64c88
2026-06-15 10:53:30,スマホ,ジャンク,らくらくスマートフォン F-52B ストラップ付き f52b ケース ショルダー スマホ 落下防止 手帳型 マグネット式 ピタッと閉まる スマホカバー 肩掛け 斜めかけ 025592 食べ物　ハンバー,2280,スマコレ,https://item.rakuten.co.jp/case-style/f52bsd-025592-nbp/?rafcid=wsc_i_is_c786838f-2c0a-4f11-8d08-7c1b7cb64c88
2026-06-15 10:53:30,スマホ,ジャンク,らくらくスマートフォン F-53E 用 手帳型ケース f53e ケース ストラップ付き ショルダー スマホ 落下防止 手帳型 マグネット式 ピタッと閉まる スマホカバー 肩掛け 斜めかけ 025647,2280,スマコレ,https://item.rakuten.co.jp/case-style/f53esd-025647-nb/?rafcid=wsc_i_is_c786838f-2c0a-4f11-8d08-7c1b7cb64c88
2026-06-15 10:53:30,スマホ,ジャンク,らくらくスマートフォン F-53E 用 手帳型ケース f53e ケース ストラップ付き ショルダー スマホ 落下防止 手帳型 マグネット式 ピタッと閉まる スマホカバー 肩掛け 斜めかけ 025592,2280,スマコレ,https://item.rakuten.co.jp/case-style/f53esd-025592-nb/?rafcid=wsc_i_is_c786838f-2c0a-4f11-8d08-7c1b7cb64c88
2026-06-15 10:53:30,スマホ,ジャンク,らくらくスマートフォン F-52B 専用 ケース カバー 手帳型 マグネット式 ピタッと閉まる レザーケース f52b カード収納 ポケット igcase 025593 食べ物　ハンバーガー　ポテト　,1980,スマコレ,https://item.rakuten.co.jp/case-style/f52b-025593-nb/?rafcid=wsc_i_is_c786838f-2c0a-4f11-8d08-7c1b7cb64c88
2026-06-15 10:53:30,スマホ,ジャンク,かんたんスマホ4 ケース ZTE かんたんスマホ4 A402ZT 6.1型 手帳型ケース ストラップ付き ショルダー スマホ 落下防止 手帳型 マグネット式 ピタッと閉まる スマホカバー 肩掛け 斜め,2280,スマコレ,https://item.rakuten.co.jp/case-style/a402ztsd-025592-nb/?rafcid=wsc_i_is_c786838f-2c0a-4f11-8d08-7c1b7cb64c88
2026-06-15 10:53:30,スマホ,ジャンク,らくらくスマートフォン F-52B ベルトなし 手帳型ケース らくらくフォン f52b ケース 手帳型 マグネット docomo 帯なし スタンド機能 携帯ケース カバー ケース スマホ 手帳 スマホ,2730,デザインスマホケース・カバーJACK,https://item.rakuten.co.jp/sumahojack222/bookf52bt091/?rafcid=wsc_i_is_c786838f-2c0a-4f11-8d08-7c1b7cb64c88
2026-06-15 10:53:30,スマホ,ジャンク,らくらくスマートフォン me F-01L ストラップ付き f01l ケース ショルダー スマホ 落下防止 手帳型 マグネット式 ピタッと閉まる スマホカバー 肩掛け 斜めかけ 026083 ハンバーガ,2280,スマコレ,https://item.rakuten.co.jp/case-style/f01lsd-026083-nbp/?rafcid=wsc_i_is_c786838f-2c0a-4f11-8d08-7c1b7cb64c88
2026-06-15 10:53:30,スマホ,ジャンク,らくらくスマートフォン4 F-04J カバー 手帳型 らくらくフォン らくらくホン 携帯ケース 携帯カバー シニアフォン シニアホン らくらく スマートフォン ケース ジャンクモール di905,2980,スマホケース・雑貨 カリーナ,https://item.rakuten.co.jp/diddy2012/f04j-di905/?rafcid=wsc_i_is_c786838f-2c0a-4f11-8d08-7c1b7cb64c88
2026-06-15 10:53:30,スマホ,ジャンク,らくらくスマートフォン F-53E 用 手帳型ケース f53e ケース ストラップ付き ショルダー スマホ 落下防止 手帳型 マグネット式 ピタッと閉まる スマホカバー 肩掛け 斜めかけ 026083,2280,スマコレ,https://item.rakuten.co.jp/case-style/f53esd-026083-nb/?rafcid=wsc_i_is_c786838f-2c0a-4f11-8d08-7c1b7cb64c88
2026-06-15 10:53:30,スマホ,ジャンク,あんしんスマホ KY-51B ストラップ付き ky51b ケース ショルダー スマホ 落下防止 手帳型 マグネット式 ピタッと閉まる スマホカバー 肩掛け 斜めかけ 025647 食べ物　ポテト　ジャ,2280,スマコレ,https://item.rakuten.co.jp/case-style/ky51bsd-025647-nbp/?rafcid=wsc_i_is_c786838f-2c0a-4f11-8d08-7c1b7cb64c88
2026-06-15 10:53:30,スマホ,ジャンク,らくらくスマートフォン F-52B ストラップ付き f52b ケース ショルダー スマホ 落下防止 手帳型 マグネット式 ピタッと閉まる スマホカバー 肩掛け 斜めかけ 026083 ハンバーガー　ジ,2280,スマコレ,https://item.rakuten.co.jp/case-style/f52bsd-026083-nbp/?rafcid=wsc_i_is_c786838f-2c0a-4f11-8d08-7c1b7cb64c88
2026-06-15 10:53:30,スマホ,ジャンク,らくらくスマートフォン me F-01L 専用 ケース カバー 手帳型 マグネット式 ピタッと閉まる レザーケース f01l カード収納 ポケット igcase 025593 食べ物　ハンバーガー　ポ,1980,スマコレ,https://item.rakuten.co.jp/case-style/f01l-025593-nb/?rafcid=wsc_i_is_c786838f-2c0a-4f11-8d08-7c1b7cb64c88
2026-06-15 10:53:30,スマホ,ジャンク,あんしんスマホ KY-51B ベルトなし 手帳型ケース 安心スマホky51b ケース 手帳型 マグネット docomo 帯なし スタンド機能 携帯ケース カバー ケース スマホ 手帳 スマホカバー ハ,2730,デザインスマホケース・カバーJACK,https://item.rakuten.co.jp/sumahojack222/bookky51bt091/?rafcid=wsc_i_is_c786838f-2c0a-4f11-8d08-7c1b7cb64c88
2026-06-15 10:53:30,スマホ,ジャンク,らくらくスマートフォン F-53E 用 手帳型ケース f53e ケース ストラップ付き ショルダー スマホ 落下防止 手帳型 マグネット式 ピタッと閉まる スマホカバー 肩掛け 斜めかけ 025593,2280,スマコレ,https://item.rakuten.co.jp/case-style/f53esd-025593-nb/?rafcid=wsc_i_is_c786838f-2c0a-4f11-8d08-7c1b7cb64c88
2026-06-15 10:53:30,スマホ,ジャンク,らくらくスマートフォン F-42A スマホケース 手帳型 ベルトなし ジャンクモール F-42A カバー 手帳 docomo かわいい らくらくスマートフォン ケース f42a 手帳型 f42aケース,2980,フジコポショップ,https://item.rakuten.co.jp/fujicoposhop/f42a-bn905/?rafcid=wsc_i_is_c786838f-2c0a-4f11-8d08-7c1b7cb64c88
2026-06-15 10:53:30,スマホ,ジャンク,かんたんスマホ2+ A201KC ベルトなし 手帳型ケース ケース 手帳型 マグネット かんたんスマホ2 A001KC BASIO4 KYV47 帯なし スタンド機能 携帯ケース カバー ケース スマ,2730,デザインスマホケース・カバーJACK,https://item.rakuten.co.jp/sumahojack222/bookkyv47t091/?rafcid=wsc_i_is_c786838f-2c0a-4f11-8d08-7c1b7cb64c88
2026-06-15 10:53:30,スマホ,ジャンク,らくらくスマートフォン F-42A ベルトなし 手帳型ケース らくらくフォン f01l ケース 手帳型 マグネット docomo 帯なし スタンド機能 携帯ケース カバー ケース スマホ 手帳 スマホ,2730,デザインスマホケース・カバーJACK,https://item.rakuten.co.jp/sumahojack222/bookf42at091/?rafcid=wsc_i_is_c786838f-2c0a-4f11-8d08-7c1b7cb64c88
2026-06-15 10:53:30,スマホ,ジャンク,らくらくスマートフォン me F-01L カバー 手帳型 らくらくフォン らくらくホン 携帯ケース 携帯カバー シニアフォン シニアホン らくらく スマートフォン ケース ジャンクモール di905,2980,スマホケース・雑貨 カリーナ,https://item.rakuten.co.jp/diddy2012/f01l-di905/?rafcid=wsc_i_is_c786838f-2c0a-4f11-8d08-7c1b7cb64c88
2026-06-15 10:53:30,スマホ,ジャンク,かんたんスマホ2 A001KC カバー 手帳型 携帯ケース 携帯カバー ワイモバイル かんたんスマホ2 a001kcケース a001kc 手帳ケース シニアフォン ジャンクモール di905,2980,スマホケース・雑貨 カリーナ,https://item.rakuten.co.jp/diddy2012/a001kc-di905/?rafcid=wsc_i_is_c786838f-2c0a-4f11-8d08-7c1b7cb64c88
2026-06-15 10:53:30,スマホ,ジャンク,らくらくスマートフォン me F-01L ベルトなし 手帳型 らくらくフォン らくらくホン 携帯ケース 携帯カバー シニアフォン シニアホン らくらく スマートフォン ケース ジャンクモール bn90,2980,スマホケース・雑貨 カリーナ,https://item.rakuten.co.jp/diddy2012/f01l-bn905/?rafcid=wsc_i_is_c786838f-2c0a-4f11-8d08-7c1b7cb64c88
2026-06-15 10:53:30,スマホ,ジャンク,らくらくスマートフォン me F-01L ストラップ付き f01l ケース ショルダー スマホ 落下防止 手帳型 マグネット式 ピタッと閉まる スマホカバー 肩掛け 斜めかけ 025593 食べ物　ハ,2280,スマコレ,https://item.rakuten.co.jp/case-style/f01lsd-025593-nbp/?rafcid=wsc_i_is_c786838f-2c0a-4f11-8d08-7c1b7cb64c88
2026-06-15 10:53:30,スマホ,ジャンク,らくらくスマートフォン F-52B ストラップ付き f52b ケース ショルダー スマホ 落下防止 手帳型 マグネット式 ピタッと閉まる スマホカバー 肩掛け 斜めかけ 025593 食べ物　ハンバー,2280,スマコレ,https://item.rakuten.co.jp/case-style/f52bsd-025593-nbp/?rafcid=wsc_i_is_c786838f-2c0a-4f11-8d08-7c1b7cb64c88
2026-06-15 10:53:30,スマホ,ジャンク,あんしんスマホ KY-51B ストラップ付き ky51b ケース ショルダー スマホ 落下防止 手帳型 マグネット式 ピタッと閉まる スマホカバー 肩掛け 斜めかけ 025592 食べ物　ハンバーガー,2280,スマコレ,https://item.rakuten.co.jp/case-style/ky51bsd-025592-nbp/?rafcid=wsc_i_is_c786838f-2c0a-4f11-8d08-7c1b7cb64c88
2026-06-15 10:53:30,スマホ,ジャンク,らくらくスマートフォン me F-01L 専用 ケース カバー 手帳型 マグネット式 ピタッと閉まる レザーケース f01l カード収納 ポケット igcase 026083 ハンバーガー　ジャンク　,1980,スマコレ,https://item.rakuten.co.jp/case-style/f01l-026083-nb/?rafcid=wsc_i_is_c786838f-2c0a-4f11-8d08-7c1b7cb64c88
2026-06-15 10:53:30,スマホ,ジャンク,らくらくスマートフォン F-52B ストラップ付き f52b ケース ショルダー スマホ 落下防止 手帳型 マグネット式 ピタッと閉まる スマホカバー 肩掛け 斜めかけ 025647 食べ物　ポテト　,2280,スマコレ,https://item.rakuten.co.jp/case-style/f52bsd-025647-nbp/?rafcid=wsc_i_is_c786838f-2c0a-4f11-8d08-7c1b7cb64c88
2026-06-15 10:53:30,スマホ,ジャンク,らくらくスマートフォン me F-01L スマホケース スマホカバー ケース カバー　手帳型 手帳タイプ 革 igcase 024048 食べ物 ジャンクフード,1980,スマコレ,https://item.rakuten.co.jp/case-style/f01l-024048-nb/?rafcid=wsc_i_is_c786838f-2c0a-4f11-8d08-7c1b7cb64c88
2026-06-15 10:53:30,スマホ,ジャンク,あんしんスマホ KY-51B ストラップ付き ky51b ケース ショルダー スマホ 落下防止 手帳型 マグネット式 ピタッと閉まる スマホカバー 肩掛け 斜めかけ 025593 食べ物　ハンバーガー,2280,スマコレ,https://item.rakuten.co.jp/case-style/ky51bsd-025593-nbp/?rafcid=wsc_i_is_c786838f-2c0a-4f11-8d08-7c1b7cb64c88
2026-06-15 10:53:30,スマホ,ジャンク,らくらくスマートフォン me 用 スマホカバー F-01L 共通対応 ケース カバー 手帳型 マグネット式 ピタッと閉まる レザーケース カード収納 ポケット 025592 食べ物　ハンバーガー　ジャ,1980,スマコレ,https://item.rakuten.co.jp/case-style/f01l-025592-nb/?rafcid=wsc_i_is_c786838f-2c0a-4f11-8d08-7c1b7cb64c88
2026-06-15 10:53:30,スマホ,ジャンク,らくらくスマートフォン F-42A スマホケース 手帳型 ベルトあり ジャンクモール F-42A カバー 手帳 docomo かわいい らくらくスマートフォン ケース f42a 手帳型 f42aケース,2980,フジコポショップ,https://item.rakuten.co.jp/fujicoposhop/f42a-di905/?rafcid=wsc_i_is_c786838f-2c0a-4f11-8d08-7c1b7cb64c88
2026-06-15 10:53:30,スマホ,ジャンク,らくらくスマートフォン F-52B 専用 ケース カバー 手帳型 マグネット式 ピタッと閉まる レザーケース f52b カード収納 ポケット igcase 025592 食べ物　ハンバーガー　ジャンク,1980,スマコレ,https://item.rakuten.co.jp/case-style/f52b-025592-nb/?rafcid=wsc_i_is_c786838f-2c0a-4f11-8d08-7c1b7cb64c88
2026-06-15 10:53:30,スマホ,ジャンク,中古パソコン 【ジャンク】dynabook R63/M PR63MTA444BAD21【Core i5(1.6GHz)/16GB/256GB SSD/Win11Pro】 TOSHIBA 当社3ヶ月間保,17800,中古スマホとタブレットのイオシス,https://item.rakuten.co.jp/pc-good/354817/?rafcid=wsc_i_is_c786838f-2c0a-4f11-8d08-7c1b7cb64c88
2026-06-15 10:53:30,スマホ,ジャンク,かんたんスマホ3 A205KC ベルトなし 手帳型ケース 簡単すまほ a205kc ケース 手帳型 マグネット Y'mobile 帯なし スタンド機能 携帯ケース カバー ケース スマホ 手帳 スマホ,2730,デザインスマホケース・カバーJACK,https://item.rakuten.co.jp/sumahojack222/booka205kct091/?rafcid=wsc_i_is_c786838f-2c0a-4f11-8d08-7c1b7cb64c88
2026-06-15 10:53:30,スマホ,ジャンク,らくらくスマートフォン a A401FC 用 ケース カバー 手帳型 マグネット式 ピタッと閉まる レザーケース a401fc カード収納 ポケット igcase 025592 食べ物　ハンバーガー　,1980,スマコレ,https://item.rakuten.co.jp/case-style/a401fc-025592-nb/?rafcid=wsc_i_is_c786838f-2c0a-4f11-8d08-7c1b7cb64c88
2026-06-15 10:53:30,スマホ,ジャンク,Android One 各種 S10 S9 S8 S7 S6 S5 X5 X4 手帳型 スマホ ケース カバー brains おもしろ 食べ物 スイーツ ラテアート たまご ピザ ハンバーガー ジャン,3480,オリジナルスマホケース vidamall,https://item.rakuten.co.jp/vidamall/andonef-rufuj-foodphoto/?rafcid=wsc_i_is_c786838f-2c0a-4f11-8d08-7c1b7cb64c88
2026-06-15 10:53:30,スマホ,ジャンク,かんたんスマホ4 ケース ZTE かんたんスマホ4 A402ZT 6.1型 内側プリント a402zt 対応 ケース カバー 手帳型 マグネット式 ピタッと閉まる レザーケース カード収納 ポケット ,2480,スマコレ,https://item.rakuten.co.jp/case-style/a402zt-025592-nb2/?rafcid=wsc_i_is_c786838f-2c0a-4f11-8d08-7c1b7cb64c88
2026-06-15 10:53:30,スマホ,ジャンク,ワイモバイル らくらくスマートフォン a A401FC シムフリー らくらくスマートフォン Lite MR01 らくらくスマホ a ベルトなし 手帳型ケース ケース 手帳型 マグネット 帯なし スタン,2730,デザインスマホケース・カバーJACK,https://item.rakuten.co.jp/sumahojack222/booka401fct091/?rafcid=wsc_i_is_c786838f-2c0a-4f11-8d08-7c1b7cb64c88
2026-06-15 10:53:30,スマホ,ジャンク,ドコモ らくらくスマートフォン F-53E らくらくほん f53e らくらくフォン らくらくスマホ ベルトなし 手帳型ケース ケース 手帳型 マグネット 帯なし スタンド機能 携帯ケース ハンバーガー,2730,デザインスマホケース・カバーJACK,https://item.rakuten.co.jp/sumahojack222/bookf53et091/?rafcid=wsc_i_is_c786838f-2c0a-4f11-8d08-7c1b7cb64c88
2026-06-15 10:53:30,スマホ,ジャンク,らくらくスマートフォン F-53E 用 手帳型ケース カバー 手帳型 f53e マグネット式 ピタッと閉まる レザーケース sh53e カード収納 ポケット igcase 025593 食べ物　ハンバ,1980,スマコレ,https://item.rakuten.co.jp/case-style/f53e-025593-nb/?rafcid=wsc_i_is_c786838f-2c0a-4f11-8d08-7c1b7cb64c88
2026-06-15 10:53:30,スマホ,ジャンク,あんしんスマホ KY-51B 専用 ケース カバー 手帳型 マグネット式 ピタッと閉まる レザーケース ky51b カード収納 ポケット igcase 025592 食べ物　ハンバーガー　ジャンクフー,1980,スマコレ,https://item.rakuten.co.jp/case-style/ky51b-025592-nb/?rafcid=wsc_i_is_c786838f-2c0a-4f11-8d08-7c1b7cb64c88
2026-06-15 10:53:30,スマホ,ジャンク,らくらくスマートフォン F-53E 用 内側プリント ケース カバー f53e 対応 ケース カバー 手帳型 マグネット式 ピタッと閉まる レザーケース カード収納 ポケット 025592 食べ物　ハ,2480,スマコレ,https://item.rakuten.co.jp/case-style/f53e-025592-nb2/?rafcid=wsc_i_is_c786838f-2c0a-4f11-8d08-7c1b7cb64c88
2026-06-15 10:53:30,スマホ,ジャンク,arrows 各種 We2 We N 5G Be4 Plus Be3 J NX9 RX U 手帳型 スマホ ケース カバー おもしろ 食べ物 スイーツ ラテアート たまご ピザ ハンバーガー ジャンク,3480,オリジナルスマホケース vidamall,https://item.rakuten.co.jp/vidamall/arrowsf-rufuj-foodphoto/?rafcid=wsc_i_is_c786838f-2c0a-4f11-8d08-7c1b7cb64c88
2026-06-15 10:53:30,スマホ,ジャンク,あんしんスマホ KY-51B 専用 ケース カバー 手帳型 マグネット式 ピタッと閉まる レザーケース ky51b カード収納 ポケット igcase 026083 ハンバーガー　ジャンク　食べ物,1980,スマコレ,https://item.rakuten.co.jp/case-style/ky51b-026083-nb/?rafcid=wsc_i_is_c786838f-2c0a-4f11-8d08-7c1b7cb64c88
2026-06-15 10:53:30,スマホ,ジャンク,あんしんスマホ KY-51B 専用 ケース カバー 手帳型 マグネット式 ピタッと閉まる レザーケース ky51b カード収納 ポケット igcase 025647 食べ物　ポテト　ジャンクフード,1980,スマコレ,https://item.rakuten.co.jp/case-style/ky51b-025647-nb/?rafcid=wsc_i_is_c786838f-2c0a-4f11-8d08-7c1b7cb64c88
2026-06-15 10:53:30,スマホ,ジャンク,らくらくスマートフォン F-52B 用 手帳型 内側プリント ケース カバー f52b 対応 ケース カバー 手帳型 マグネット式 ピタッと閉まる レザーケース カード収納 ポケット 025647 食,2480,スマコレ,https://item.rakuten.co.jp/case-style/f52b-025647-nb2/?rafcid=wsc_i_is_c786838f-2c0a-4f11-8d08-7c1b7cb64c88
2026-06-15 10:53:30,スマホ,ジャンク,かんたんスマホ4 ケース ZTE かんたんスマホ4 A402ZT 6.1型 カバー 手帳型 マグネット式 ピタッと閉まる レザーケース カード収納 ポケット igcase 025592 食べ物　ハンバ,1980,スマコレ,https://item.rakuten.co.jp/case-style/a402zt-025592-nb/?rafcid=wsc_i_is_c786838f-2c0a-4f11-8d08-7c1b7cb64c88
2026-06-15 10:53:30,スマホ,ジャンク,らくらくスマートフォン F-52B 用 手帳型 内側プリント ケース カバー f52b 対応 ケース カバー 手帳型 マグネット式 ピタッと閉まる レザーケース カード収納 ポケット 025592 食,2480,スマコレ,https://item.rakuten.co.jp/case-style/f52b-025592-nb2/?rafcid=wsc_i_is_c786838f-2c0a-4f11-8d08-7c1b7cb64c88
2026-06-15 10:53:30,スマホ,ジャンク,らくらくスマートフォン a A401FC 用 a401fc ケース カバー ハードケース 025592 食べ物　ハンバーガー　ジャンクフード,1199,スマコレ,https://item.rakuten.co.jp/case-style/a401fc-025592-pc/?rafcid=wsc_i_is_c786838f-2c0a-4f11-8d08-7c1b7cb64c88
2026-06-15 10:53:30,スマホ,ジャンク,らくらくスマートフォン F-52B 用 手帳型 内側プリント ケース カバー f52b 対応 ケース カバー 手帳型 マグネット式 ピタッと閉まる レザーケース カード収納 ポケット 025593 食,2480,スマコレ,https://item.rakuten.co.jp/case-style/f52b-025593-nb2/?rafcid=wsc_i_is_c786838f-2c0a-4f11-8d08-7c1b7cb64c88
2026-06-15 10:53:30,スマホ,ジャンク,あんしんスマホ KY-51B 専用 ケース カバー 手帳型 マグネット式 ピタッと閉まる レザーケース ky51b カード収納 ポケット igcase 025593 食べ物　ハンバーガー　ポテト　ジャ,1980,スマコレ,https://item.rakuten.co.jp/case-style/ky51b-025593-nb/?rafcid=wsc_i_is_c786838f-2c0a-4f11-8d08-7c1b7cb64c88
2026-06-15 10:53:30,スマホ,ジャンク,ワイモバイル かんたんスマホ4 A402ZT ベルトなし 手帳型ケース ケース 手帳型 マグネット 帯なし スタンド機能 携帯ケース ハンバーガー ジャンクフード 【バーガーデザイン】,2730,デザインスマホケース・カバーJACK,https://item.rakuten.co.jp/sumahojack222/booka402ztt091/?rafcid=wsc_i_is_c786838f-2c0a-4f11-8d08-7c1b7cb64c88
2026-06-15 10:53:30,スマホ,ジャンク,Galaxy 各種 S26 A57 A36 S26+ S25 A25 S24 S24FE S23+ S23 S22 S21+ S21 A55 A54 A53 A52 A32 Ultra 5G 手帳型 ,3480,オリジナルスマホケース vidamall,https://item.rakuten.co.jp/vidamall/galaxyf-rufuj-foodphoto/?rafcid=wsc_i_is_c786838f-2c0a-4f11-8d08-7c1b7cb64c88
2026-06-15 10:53:30,スマホ,ジャンク,OPPO 各種 Reno14 Reno13 Reno11 A Reno9 Reno7 Find X3 Pro A54 5G A73 X2 A5 2020 R15 Neo 手帳型 ケース おもしろ 食べ,3480,オリジナルスマホケース vidamall,https://item.rakuten.co.jp/vidamall/oppo00f-rufuj-foodphoto/?rafcid=wsc_i_is_c786838f-2c0a-4f11-8d08-7c1b7cb64c88
2026-06-15 10:53:30,スマホ,ジャンク,かんたんスマホ4 A402ZT ワイモバイル スタンド機能 携帯ケース 手帳型 カバー ケース スマホ 手帳 手帳型 スマホケース スマホカバー ハンバーガー ジャンクフード 【バーガーデザイン】,2760,デザインスマホケース・カバーJACK,https://item.rakuten.co.jp/sumahojack222/booka402zt091-n3l/?rafcid=wsc_i_is_c786838f-2c0a-4f11-8d08-7c1b7cb64c88
2026-06-15 10:53:30,スマホ,ジャンク,かんたんスマホ 各種 手帳型 スマホ ケース カバー おもしろ 食べ物 スイーツ ラテアート たまご ピザ ハンバーガー ジャンクフード 写真 かんたんスマホ4 かんたんスマホ3 かんたんスマホ2 A,3480,オリジナルスマホケース vidamall,https://item.rakuten.co.jp/vidamall/kantanf-rufuj-foodphoto/?rafcid=wsc_i_is_c786838f-2c0a-4f11-8d08-7c1b7cb64c88
2026-06-15 10:53:30,スマホ,ジャンク,AQUOS 各種 sense10 R10 wish5 R9 wish4 sense9 pro sense8 R8 sense7 R7 R6 R5G zero6 wish3 wish2 手帳 brain,3480,オリジナルスマホケース vidamall,https://item.rakuten.co.jp/vidamall/aquos0f-rufuj-foodphoto/?rafcid=wsc_i_is_c786838f-2c0a-4f11-8d08-7c1b7cb64c88
2026-06-15 10:53:30,スマホ,ジャンク,Xiaomi 各種 14T 14TPro 13T 13TPro 12 11 Lite 5G NE Redmi Note 10 JE Mi 9T 9S 手帳型 スマホ ケース カバ brains おもし,3480,オリジナルスマホケース vidamall,https://item.rakuten.co.jp/vidamall/xiaomif-rufuj-foodphoto/?rafcid=wsc_i_is_c786838f-2c0a-4f11-8d08-7c1b7cb64c88
2026-06-15 10:53:30,スマホ,ジャンク,【ジャンク】富士フィルム スマートフォン用プリンター instax SHARE SP-2 ホワイト【中古】,3608,ワットマン楽天市場店,https://item.rakuten.co.jp/wattmann/9302080002778/?rafcid=wsc_i_is_c786838f-2c0a-4f11-8d08-7c1b7cb64c88
2026-06-15 10:53:30,スマホ,ジャンク,らくらくスマートフォン F-53E 用ハードケース f53e ケース カバー ハードケース 025592 食べ物　ハンバーガー　ジャンクフード,1190,スマコレ,https://item.rakuten.co.jp/case-style/f53e-025592-pc/?rafcid=wsc_i_is_c786838f-2c0a-4f11-8d08-7c1b7cb64c88
2026-06-15 10:53:30,スマホ,ジャンク,らくらくスマートフォン 各種 F-53E a A401FC Lite MR01 F-52B F-42A me F-01L F-03K 手帳型 スマホ ケース カバー brains おもしろ 食べ物 ス,3480,オリジナルスマホケース vidamall,https://item.rakuten.co.jp/vidamall/rakuraf-rufuj-foodphoto/?rafcid=wsc_i_is_c786838f-2c0a-4f11-8d08-7c1b7cb64c88
2026-06-15 10:53:30,スマホアクセサリー,新品,【全店舗7%OFF】レンズカバー iphone ケース MagSafe iPhone17 ケース iPhone17pro ケース iPhone17promaxケース iPhone17air ケース i,2380,Celeste星楽天市場店,https://item.rakuten.co.jp/kamimatsuri/ce05-89/?rafcid=wsc_i_is_c786838f-2c0a-4f11-8d08-7c1b7cb64c88
2026-06-15 10:53:30,スマホアクセサリー,新品,iPhone17 ケース 手帳型 本革 17e Air 16e iPhone16 iPhone15 iPhone14 iPhoneSE レザー iPhone13 iPhone12 iPhone11 P,6560,キングモバイル,https://item.rakuten.co.jp/auc-kingmobile/ph/?rafcid=wsc_i_is_c786838f-2c0a-4f11-8d08-7c1b7cb64c88
2026-06-15 10:53:30,スマホアクセサリー,新品,【15日限定 30%OFFクーポン】スマホケース 手帳型 全機種対応 iPhone17 ケース iphone17 air pro max 16e 16 iPhone15 iPhone13 mini S,2490,スマホ ケース 専門店のedge tribe,https://item.rakuten.co.jp/edgetribe/lscnb-all-belt1-aquos/?rafcid=wsc_i_is_c786838f-2c0a-4f11-8d08-7c1b7cb64c88
2026-06-15 10:53:30,スマホアクセサリー,新品,【楽天1位】スマホケース 手帳型 全機種対応 本革 ケース iPhone17ケース Air iPhone16 iPhone15 Pro Max iPhone14 SE3 Pixel8a Xperia ,930,amicoco(アミココ) スマホケース,https://item.rakuten.co.jp/amicoco/c-001/?rafcid=wsc_i_is_c786838f-2c0a-4f11-8d08-7c1b7cb64c88
2026-06-15 10:53:30,スマホアクセサリー,新品,公式iFace iPhone14 ケース iPhoneSE iPhone12 12Pro 15Pro 15Plus 15Promax iPhone13mini iPhone13 SE 第3世代 第2世,3520,Hamee(ハミィ),https://item.rakuten.co.jp/keitai/41-907/?rafcid=wsc_i_is_c786838f-2c0a-4f11-8d08-7c1b7cb64c88
2026-06-15 10:53:30,スマホアクセサリー,新品,【4H限15%off_LINE配布】公式 Elegante Chaton スマホケース 手帳型 全機種対応 iPhone17e ケース iPhone17 air 16e 16 pro max 15 p,1680,Elegante(エレガンテ),https://item.rakuten.co.jp/kintsu/dcase-cat/?rafcid=wsc_i_is_c786838f-2c0a-4f11-8d08-7c1b7cb64c88
2026-06-15 10:53:30,スマホアクセサリー,新品,【全店舗7%OFF】マグネット対応 Google Pixel 10a ケースGoogle Pixel 9a ケース スマホケース Google Pixel 8aケース Google Pixel 10 ,2580,Celeste星楽天市場店,https://item.rakuten.co.jp/kamimatsuri/ce05-109/?rafcid=wsc_i_is_c786838f-2c0a-4f11-8d08-7c1b7cb64c88
2026-06-15 10:53:30,スマホアクセサリー,新品,【4H限15%off_LINE配布】【楽天1位】公式 Elegante キルティング iPhone17 ケース iPhone17e 17 pro max air iPhone16e 16 plus ケ,2980,Elegante(エレガンテ),https://item.rakuten.co.jp/kintsu/hard-quiltshldr-ip/?rafcid=wsc_i_is_c786838f-2c0a-4f11-8d08-7c1b7cb64c88
2026-06-15 10:53:30,スマホアクセサリー,新品,iFace 公式 iPhone17 ケース 17e 17Pro Air 17ProMax iPhone16 iPhone16e iPhone16Pro iPhone15 ケース iPhone14 iP,4400,Hamee(ハミィ),https://item.rakuten.co.jp/keitai/41-9794/?rafcid=wsc_i_is_c786838f-2c0a-4f11-8d08-7c1b7cb64c88
2026-06-15 10:53:30,スマホアクセサリー,新品,iPhone 手帳型ケース iPhone17 ケース 手帳型 iPhone17e iPhone Air ケース iPhone17Pro ケース iPhone17Pro Max ケース iPhone16,1280,Bridge Store 楽天市場店,https://item.rakuten.co.jp/bridge-store/tapu/?rafcid=wsc_i_is_c786838f-2c0a-4f11-8d08-7c1b7cb64c88
2026-06-15 10:53:30,スマホアクセサリー,新品,【全店舗7%OFF】Magsafe本革調 360度回転 iphone ケース iPhone17 ケースリング iPhone17proケース iPhone17promaxケース iPhone15 ケース,2480,Celeste星楽天市場店,https://item.rakuten.co.jp/kamimatsuri/ce05-17/?rafcid=wsc_i_is_c786838f-2c0a-4f11-8d08-7c1b7cb64c88
2026-06-15 10:53:30,スマホアクセサリー,新品,【4H限15%off_LINE配布】公式 Elegante スマホケース 手帳型 全機種対応 iPhone17e ケース iPhone17 air 16e 16 plus pro max iPhone,2980,Elegante(エレガンテ),https://item.rakuten.co.jp/kintsu/dcase-tricolor/?rafcid=wsc_i_is_c786838f-2c0a-4f11-8d08-7c1b7cb64c88
2026-06-15 10:53:30,スマホアクセサリー,新品,スマホケース 全機種対応 ショルダー タイプ iphone17 e Pro Max Plus ケース iPhone SE3 手帳型 iphone15 iphone14 手帳 aquos wish 3 ,1000,スマホケース の店 anve,https://item.rakuten.co.jp/anve/best_sale-02/?rafcid=wsc_i_is_c786838f-2c0a-4f11-8d08-7c1b7cb64c88
2026-06-15 10:53:30,スマホアクセサリー,新品,【月間優良ショップ受賞】スマホケース 手帳型 全機種対応【くすみ レザーorキルティング手帳ケース】スマホ ケース スマホカバー iphone カバー Xperia Googlepixel AQUOS,1680,スマホケース全機種OKネイルンデコ,https://item.rakuten.co.jp/embellirshop/smp-original175/?rafcid=wsc_i_is_c786838f-2c0a-4f11-8d08-7c1b7cb64c88
2026-06-15 10:53:30,スマホアクセサリー,新品,iPhone ケース 手帳型 KF レザー iPhone16e 17e SE 第3世代 第2世代 iPhone17 iPhone16 iPhone15 iPhone14 iPhone13 iPhone,1380,karutz 楽天市場店,https://item.rakuten.co.jp/karutz-shop/a051/?rafcid=wsc_i_is_c786838f-2c0a-4f11-8d08-7c1b7cb64c88
2026-06-15 10:53:30,スマホアクセサリー,新品,【全店舗7%OFF】耐衝撃 キルティング iPhone17 ケース iPhone17proケースiPhone16 ケース iPhone16pro ケース iPhone15 ケース iPhone14 ケ,1880,Celeste星楽天市場店,https://item.rakuten.co.jp/kamimatsuri/ce05-90/?rafcid=wsc_i_is_c786838f-2c0a-4f11-8d08-7c1b7cb64c88
2026-06-15 10:53:30,スマホアクセサリー,新品,【15日限定★10％OFF】iPhone17 iphone17e ケース ショルダー iPhone17pro 17air iPhone16e iPhone16 16 pro ケース ショルダー スマホ,2280,JUSTRAL,https://item.rakuten.co.jp/justral/s060/?rafcid=wsc_i_is_c786838f-2c0a-4f11-8d08-7c1b7cb64c88
2026-06-15 10:53:30,スマホアクセサリー,新品,【40%OFFクーポン配布中 春夏に人気】iPhone17 ケース iPhone17e ケース iPhone16e iPhone16 ケース iPhone14 iPhone15 ケース iPhone1,1000,QUEEN ROCK,https://item.rakuten.co.jp/qrshoji/3c-cs0029/?rafcid=wsc_i_is_c786838f-2c0a-4f11-8d08-7c1b7cb64c88
2026-06-15 10:53:30,スマホアクセサリー,新品,【15日限定★10％OFF】iphone17 ケース 17e 17pro 17promax 17air iPhone16ケース 16e 16pro iPhone15 14 pro plus ショルダー,2590,JUSTRAL,https://item.rakuten.co.jp/justral/s025/?rafcid=wsc_i_is_c786838f-2c0a-4f11-8d08-7c1b7cb64c88
2026-06-15 10:53:30,スマホアクセサリー,新品,【4H限15%off_LINE配布】公式 Elegante スマホケース 手帳型 全機種対応 iPhone17e ケース iPhone17 air 16e 16 pro max iPhone15 14,2780,Elegante(エレガンテ),https://item.rakuten.co.jp/kintsu/dcase-bloomy/?rafcid=wsc_i_is_c786838f-2c0a-4f11-8d08-7c1b7cb64c88
2026-06-15 10:53:30,スマホアクセサリー,新品,OPPO A5 5G クリア ケース 透明 無地 シンプル 全面 クリア 送料無料 ストラップホール ソフトケース スマホケース スマホカバー TPUケース,449,センフィル,https://item.rakuten.co.jp/cenfill/11004095/?rafcid=wsc_i_is_c786838f-2c0a-4f11-8d08-7c1b7cb64c88
2026-06-15 10:53:30,スマホアクセサリー,新品,【P20倍】iPhone17 ケース MagSafe対応 iPhone17e iPhone16 iPhone16e iPhone17Pro iPhone Air iPhone16Pro iPhone1,1980,HANARO-SHOP 楽天市場店,https://item.rakuten.co.jp/hanaro/tpu-ring-iphone3/?rafcid=wsc_i_is_c786838f-2c0a-4f11-8d08-7c1b7cb64c88
2026-06-15 10:53:30,スマホアクセサリー,新品,【40%OFFクーポン配布中 リング一体型】iPhone17 ケース iPhone17e ケース iPhone16e iPhone15 iPhone16 ケース iPhone14 iPhone12 i,1000,QUEEN ROCK,https://item.rakuten.co.jp/qrshoji/3c-cs0024/?rafcid=wsc_i_is_c786838f-2c0a-4f11-8d08-7c1b7cb64c88
2026-06-15 10:53:30,スマホアクセサリー,新品,【楽天1位 限定クーポン配布中】スマホケース 手帳型 ショルダー付き 全機種対応 iPhone17 iPhone16 iPhone15 Pro Max SE3 Pixel8a Xperia Galax,1880,amicoco(アミココ) スマホケース,https://item.rakuten.co.jp/amicoco/f-001-strap/?rafcid=wsc_i_is_c786838f-2c0a-4f11-8d08-7c1b7cb64c88
2026-06-15 10:53:30,スマホアクセサリー,新品,【40%OFFクーポン配布中 リング一体型】iPhone17 ケース iPhone17e ケース iPhone16e iPhone15 iPhone16 ケース iPhone14 iPhone12 i,1000,QUEEN ROCK,https://item.rakuten.co.jp/qrshoji/3c-cs0025/?rafcid=wsc_i_is_c786838f-2c0a-4f11-8d08-7c1b7cb64c88
2026-06-15 10:53:30,スマホアクセサリー,新品,【30%OFFクーポン配布中】スマホショルダー iPhone17 ケース iPhone17e ケース iPhone16e iPhone15 iPhone16 ケース iPhone12 iPhone13,1280,QUEEN ROCK,https://item.rakuten.co.jp/qrshoji/3c-cs0016/?rafcid=wsc_i_is_c786838f-2c0a-4f11-8d08-7c1b7cb64c88
2026-06-15 10:53:30,スマホアクセサリー,新品,【楽天1位・ ガラスケース 】 iphone17 17e ケース スマホケース iphone16e ケース iPhone16 ケース iPhone16Pro 16Plus 16ProMax クリアケー,1580,保護フィルムのColorful,https://item.rakuten.co.jp/colorful999/case-class-clear/?rafcid=wsc_i_is_c786838f-2c0a-4f11-8d08-7c1b7cb64c88
2026-06-15 10:53:30,スマホアクセサリー,新品,＼全品8％オフ／iPhone17 ケース iPhone17pro ケース iphoneケース キルティング iphone16 ケース キラキラ iphone16pro ケース ストラップiPhone1,2280,EvolutionTogether,https://item.rakuten.co.jp/evolutiontogether/xc02-b1011/?rafcid=wsc_i_is_c786838f-2c0a-4f11-8d08-7c1b7cb64c88
2026-06-15 10:53:30,スマホアクセサリー,新品,【6月15日限定12%OFF条件なし】【ショルダーストラップ付き】 iPhone17 ケース iPhone Air カバー MagSafe対応 iPhone17e iPhone16 iPhoneケース,1890,ZENIX LIFE DESIGN,https://item.rakuten.co.jp/gift-present/necomimi/?rafcid=wsc_i_is_c786838f-2c0a-4f11-8d08-7c1b7cb64c88
2026-06-15 10:53:30,スマホアクセサリー,新品,【6/15限定☆33％OFFクーポン】 iphone16 ケース iphone16e ケース iPhoneケース スマホケース iphone16pro iphone11 ケース 16plus 16pr,1980,brillo【ブリジオ】,https://item.rakuten.co.jp/hello-brillo/c0047/?rafcid=wsc_i_is_c786838f-2c0a-4f11-8d08-7c1b7cb64c88
2026-06-15 10:53:30,スマホアクセサリー,新品,【4H限15%off_LINE配布】公式 Elegante キルティング 2Way スマホショルダー 手帳型 iPhone17e ケース iPhone17 air iPhone16e 16 pro m,2980,Elegante(エレガンテ),https://item.rakuten.co.jp/kintsu/dcase-2wayquilt/?rafcid=wsc_i_is_c786838f-2c0a-4f11-8d08-7c1b7cb64c88
2026-06-15 10:53:30,スマホアクセサリー,新品,【6/15限定☆33％OFFクーポン】iphone17 ケース iphone16 ケース iPhoneケース スマホケース iphone15 ケース iphoneケース iphone16e ケース ス,3680,brillo【ブリジオ】,https://item.rakuten.co.jp/hello-brillo/c0048/?rafcid=wsc_i_is_c786838f-2c0a-4f11-8d08-7c1b7cb64c88
2026-06-15 10:53:30,スマホアクセサリー,新品,【40%OFFクーポン配布中 光沢/マット】iPhone17 ケース iPhone17e ケース iPhone16e iPhone15 iPhone16 ケース iPhone12 iPhone13 m,1000,QUEEN ROCK,https://item.rakuten.co.jp/qrshoji/3c-cs0013/?rafcid=wsc_i_is_c786838f-2c0a-4f11-8d08-7c1b7cb64c88
2026-06-15 10:53:30,スマホアクセサリー,新品,P10倍15%OF】 スマホケース 全機種対応 手帳型 ショルダー pixel9a WISH5 SH-52F ケース sense9 iPhone16 E pro max nubia S SE 2 3 ,777,ASANA,https://item.rakuten.co.jp/asana-nm/18plaina244/?rafcid=wsc_i_is_c786838f-2c0a-4f11-8d08-7c1b7cb64c88
2026-06-15 10:53:30,スマホアクセサリー,新品,【月間優良ショップ受賞】スマホケース 手帳型 全機種対応【くすみ レザーorキルティング手帳ケース×ショートorロングストラップ】スマホショルダー ショルダータイプ スマホカバー 縦 横 斜めがけ 保,2480,スマホケース全機種OKネイルンデコ,https://item.rakuten.co.jp/embellirshop/smp-original178/?rafcid=wsc_i_is_c786838f-2c0a-4f11-8d08-7c1b7cb64c88
2026-06-15 10:53:30,スマホアクセサリー,新品,iPhone ケース 手帳型 手帳 手帳型ケース ストラップ付き シンプル 17e 17 Air 17Pro 17Promax 16e 16 16Plus 16Pro 16Promax 15 15Pl,1680,スマホグッズ専門店ステラケース,https://item.rakuten.co.jp/stellacase/iphone-dia112/?rafcid=wsc_i_is_c786838f-2c0a-4f11-8d08-7c1b7cb64c88
2026-06-15 10:53:30,スマホアクセサリー,新品,【ガラスフィルム付き】 iPhone17 ケース 手帳型 背面クリア iPhone17e iPhone16e iPhone16 iphone15 iPhone14 iPhone13 iphone12 ,1580,carrier-city,https://item.rakuten.co.jp/carrier-city/iphone-side-diary-case-/?rafcid=wsc_i_is_c786838f-2c0a-4f11-8d08-7c1b7cb64c88
2026-06-15 10:53:30,スマホアクセサリー,新品,【30%OFFクーポン配布中 レンズまで覆う】iPhone17 ケース iPhone17e ケース iPhone16e iPhone15 iPhone16 ケース iPhone14 iPhone12 ,1280,QUEEN ROCK,https://item.rakuten.co.jp/qrshoji/3c-cs0027/?rafcid=wsc_i_is_c786838f-2c0a-4f11-8d08-7c1b7cb64c88
2026-06-15 10:53:30,スマホアクセサリー,新品,【30%OFFクーポン配布中】スマホショルダー iPhone17 ケース iPhone17e ケース iPhone16e iPhone15 iPhone16 ケース iPhone12 iPhone13,1280,QUEEN ROCK,https://item.rakuten.co.jp/qrshoji/3c-cs0017/?rafcid=wsc_i_is_c786838f-2c0a-4f11-8d08-7c1b7cb64c88
2026-06-15 10:53:30,スマホアクセサリー,新品,【優良ショップ受賞】 iPhone17 ケース 16 ケース Pro ケース pro Max ケース plus ケース Air ケース 本革 栃木 レザー 手帳型 メンズ レディース 落下防止 カバー,8910,HUKURO,https://item.rakuten.co.jp/jacajaca/hu-ip033/?rafcid=wsc_i_is_c786838f-2c0a-4f11-8d08-7c1b7cb64c88
2026-06-15 10:53:30,スマホアクセサリー,新品,スマホケース手帳型 全機種対応 かわいい 携帯ケース スマホカバー iPhone17 16ケース iphone15 ケース iphone14 iPhone16 ケース iphone15 iphone1,1280,amicoco(アミココ) スマホケース,https://item.rakuten.co.jp/amicoco/color_design_002/?rafcid=wsc_i_is_c786838f-2c0a-4f11-8d08-7c1b7cb64c88
2026-06-15 10:53:30,スマホアクセサリー,新品,iPhone17e 17e iPhone17 ケース シリコン holdit iPhone 17 Pro Max Air iPhone17Pro iPhone17Air iPhone17ProMax ,2880,ZEROA(ゼロア)楽天市場店,https://item.rakuten.co.jp/lauda/essential_silicon/?rafcid=wsc_i_is_c786838f-2c0a-4f11-8d08-7c1b7cb64c88
2026-06-15 10:53:30,スマホアクセサリー,新品,【15日限定★10％OFF】iPhone17 iphone17e ケース ショルダー iPhone 17Pro air スマホケース iphone16 ケース キルティング iPhone16e 16p,2680,JUSTRAL,https://item.rakuten.co.jp/justral/s070/?rafcid=wsc_i_is_c786838f-2c0a-4f11-8d08-7c1b7cb64c88
2026-06-15 10:53:30,スマホアクセサリー,新品,【本日ポイント3倍】ELEVIDE スマホケース 手帳型 全機種対応 iPhone17e ケース iPhone17 Pro Air 16e 16 plus promax iPhone15 14 goo,1380,スマホケース・グッズのPlus-S,https://item.rakuten.co.jp/kintsu-pluss/elevide-sim/?rafcid=wsc_i_is_c786838f-2c0a-4f11-8d08-7c1b7cb64c88
2026-06-15 10:53:30,スマホアクセサリー,新品,【4H限15%off_LINE配布】公式 Elegante 2Way スマホショルダー 手帳型 スマホケース ショルダー タイプ iPhone17e ケース iPhone17 air 16e 16 p,2980,Elegante(エレガンテ),https://item.rakuten.co.jp/kintsu/dcase-2wayshldr/?rafcid=wsc_i_is_c786838f-2c0a-4f11-8d08-7c1b7cb64c88
2026-06-15 10:53:30,スマホアクセサリー,新品,iphone17 e シリーズ★春にピッタリ★ギフトに最適 スマホショルダー ストラップ スマホケース カード収納 肩掛け ミラー付 手帳型 iPhone14 iphone15 ケース iPhone1,1796,RISUKAI,https://item.rakuten.co.jp/auc-risukai/t776-/?rafcid=wsc_i_is_c786838f-2c0a-4f11-8d08-7c1b7cb64c88
2026-06-15 10:53:30,スマホアクセサリー,新品,【クーポンで11%off】 全面保護 覗き見防止 iphone17 iphone16 ケース MagSafe 対応 iphone17e 16e air 17pro max iphone15 14 13,3580,スマートBL楽天市場店,https://item.rakuten.co.jp/smart-bl-stor/051/?rafcid=wsc_i_is_c786838f-2c0a-4f11-8d08-7c1b7cb64c88
2026-06-15 10:53:30,スマホアクセサリー,新品,スマホケース 全機種対応 手帳型 ショルダー タイプ 本革 ケース iphone17 e iphone15 Pro Max Plus iPhone se ケース スマホ アンドロイド 黒 ビジネス x,1000,スマホケース の店 anve,https://item.rakuten.co.jp/anve/best_color-001/?rafcid=wsc_i_is_c786838f-2c0a-4f11-8d08-7c1b7cb64c88
2026-06-15 10:53:30,スマホアクセサリー,新品,【優良ショップ受賞】 iPhone 17e ケース iphone16e iphone15 iphone14 本革 栃木 レザー 手帳型 落下防止 Pro Max plus アイフォン カバー スマホケ,8910,HUKURO,https://item.rakuten.co.jp/jacajaca/hu-ip900/?rafcid=wsc_i_is_c786838f-2c0a-4f11-8d08-7c1b7cb64c88
2026-06-15 10:53:30,スマホアクセサリー,新品,【ポイント5倍】【DEMIU公式】iPhone17 ケース 背面 手帳型 レザー iPhone17Pro iPhone17ProMax iPhone16e iPhone16 iPhone16Pro i,17600,DEMIU公式 楽天市場店,https://item.rakuten.co.jp/can-vershop/hs-de115-i15p/?rafcid=wsc_i_is_c786838f-2c0a-4f11-8d08-7c1b7cb64c88
2026-06-15 10:53:30,スマホアクセサリー,新品,【P20倍】iPhone17 ケース 手帳型 本革 iPhone17e iPhone16 iPhone16e iPhone17Pro iPhone15 iPhone16Pro ケース iPhone14,3480,HANARO-SHOP 楽天市場店,https://item.rakuten.co.jp/hanaro/bok-pita-ol-iphone/?rafcid=wsc_i_is_c786838f-2c0a-4f11-8d08-7c1b7cb64c88
2026-06-15 10:53:30,スマホアクセサリー,新品,スマホケース 手帳型 iPhone16 iPhone16e レザー スマホ ケース スマホカバー iphone カバー 持ち手 ギフト アイフォンケース カバー 革 耐衝撃 携帯ケース カメラ保護 落,2799,向日葵SHOP楽天市場店,https://item.rakuten.co.jp/hmwr/hm-dz-sjk-24/?rafcid=wsc_i_is_c786838f-2c0a-4f11-8d08-7c1b7cb64c88
2026-06-15 10:53:30,スマホアクセサリー,新品,Galaxy ケース 手帳型 シンプル S26 S26Ultra S25 S25Ultra S24 S24FE S23 S22 S21 A57 A55 A54 A53 A36 A25 A23 A22 ,1480,スマホグッズ専門店ステラケース,https://item.rakuten.co.jp/stellacase/galaxy-dia108/?rafcid=wsc_i_is_c786838f-2c0a-4f11-8d08-7c1b7cb64c88
2026-06-15 10:53:30,スマホアクセサリー,新品,【P20倍】iPhone17 ケース 手帳 本革 iPhone17e iPhone16 iPhone16e iPhone17Pro ケース 手帳型 iPhone Air iPhone17ProMax ,4980,HANARO-SHOP 楽天市場店,https://item.rakuten.co.jp/hanaro/bok-pita-sb-iphone/?rafcid=wsc_i_is_c786838f-2c0a-4f11-8d08-7c1b7cb64c88
2026-06-15 10:53:30,スマホアクセサリー,新品,【優良ショップ受賞】 スマホポーチ スマホショルダー スマートサイフ L スマホショルダー バッグ スマホポシェット 本革 栃木レザー メンズ レディース 落下防止 斜め掛け 日本製 HUKURO フ,17600,HUKURO,https://item.rakuten.co.jp/jacajaca/hu-bg006/?rafcid=wsc_i_is_c786838f-2c0a-4f11-8d08-7c1b7cb64c88
2026-06-15 10:53:30,スマホアクセサリー,新品,【40%OFFクーポン配布中 大人上品なレザーケース】iPhone17 ケース iPhone17e ケース iPhone16e iPhone16 ケース iPhone15 iPhone14 iPhon,1000,QUEEN ROCK,https://item.rakuten.co.jp/qrshoji/3c-cs0023/?rafcid=wsc_i_is_c786838f-2c0a-4f11-8d08-7c1b7cb64c88
2026-06-15 10:53:30,スマホアクセサリー,新品,＼全品8％オフ／★カメラ全面保護★iphone ケース iPhone17 ケース キラキラiPhone17pro ケース iPhone17promaxケース スマホカバー iphone16 ケース i,2180,EvolutionTogether,https://item.rakuten.co.jp/evolutiontogether/xc02-b1085/?rafcid=wsc_i_is_c786838f-2c0a-4f11-8d08-7c1b7cb64c88
2026-06-15 10:53:30,スマホアクセサリー,新品,【優良ショップ受賞】 iPhone17 ケース 16 ケース Pro ケース pro Max ケース Air ケース 本革 栃木 レザー 落下防止 携帯カバー スマホケース メンズ レディース 日本製,7920,HUKURO,https://item.rakuten.co.jp/jacajaca/hu-ip060/?rafcid=wsc_i_is_c786838f-2c0a-4f11-8d08-7c1b7cb64c88
2026-06-15 10:53:30,スマホアクセサリー,新品,【15日限定★最大10％OFF】360°回転スタンド iPhone17 ケース Magsafe対応 iPhone17e Air 17Pro max iPhone16e iPhone16 16pro ケ,1980,JUSTRAL,https://item.rakuten.co.jp/justral/s051/?rafcid=wsc_i_is_c786838f-2c0a-4f11-8d08-7c1b7cb64c88
2026-06-15 10:53:30,スマホアクセサリー,新品,【P20倍】iPhone17 ケース 手帳型 iPhone17e ケース 手帳 iPhone16 iPhone16e iPhone17Pro iPhone Air 手帳型ケース iPhone16Pro,1750,HANARO-SHOP 楽天市場店,https://item.rakuten.co.jp/hanaro/bok-pita-amore-ip/?rafcid=wsc_i_is_c786838f-2c0a-4f11-8d08-7c1b7cb64c88
2026-06-15 10:53:30,スマホアクセサリー,新品,【P10倍】iPhone17 ケース 手帳型 iPhone17e ケース 手帳 iPhone16 iPhone16e iPhone17Pro iPhone Air iPhone16Pro iPhone,1650,HANARO-SHOP 楽天市場店,https://item.rakuten.co.jp/hanaro/diy-pita-ip-pu/?rafcid=wsc_i_is_c786838f-2c0a-4f11-8d08-7c1b7cb64c88
2026-06-15 10:53:30,スマホアクセサリー,新品,スマホケース手帳型 全機種対応 凸凹 BLACK6 7柄 耐衝撃 男性 人気 黒 シンプル カード収納 メンズ 父の日 プレゼント ギフト 携帯ケース 市松模様 携帯カバー aquos sense10,3980,スマホケースの店 けーたい自慢,https://item.rakuten.co.jp/sea-gull2/exc2hn51a-dkbk/?rafcid=wsc_i_is_c786838f-2c0a-4f11-8d08-7c1b7cb64c88
2026-06-15 10:53:30,スマホアクセサリー,新品,【15日限定 30%OFFクーポン】スマホケース 手帳型 全機種対応 iphone17 air iphone16 e pro max iphone15 iphone15proケース se ケース ip,3598,スマホ ケース 専門店のedge tribe,https://item.rakuten.co.jp/edgetribe/lscnb-all-superior2bicolor/?rafcid=wsc_i_is_c786838f-2c0a-4f11-8d08-7c1b7cb64c88
2026-06-15 10:53:30,スマホアクセサリー,新品,arrows We F-51B ケース FCG01 A101FC UQmobile 5G スマホケース手帳型 スマホケース 手帳型 アローズWe 手帳ケース 携帯ケース アロウズWe スマホカバー 赤,980,スマホケースや雑貨のウォッチミー,https://item.rakuten.co.jp/watch-me/df51b-77/?rafcid=wsc_i_is_c786838f-2c0a-4f11-8d08-7c1b7cb64c88
2026-06-15 10:53:30,スマホアクセサリー,新品,【15日限定★10％OFF】iphone 17e ケース ショルダー iphone 17 17pro Air iPhone16e スマホケース ショルダー iPhone16 iphone16pro 携,2280,Bellmowa,https://item.rakuten.co.jp/tshop01/s060/?rafcid=wsc_i_is_c786838f-2c0a-4f11-8d08-7c1b7cb64c88
2026-06-15 10:53:30,スマホアクセサリー,新品,iPhone17 ケース iPhoneケース 栃木レザー 手帳型 本革 iPhone Air 16 15 14 SE 第3世代 se3 iPhone12 iPhone 13 pro mini prom,6480,【Harmonia shop】,https://item.rakuten.co.jp/harmoniashop/r-ip-gtof/?rafcid=wsc_i_is_c786838f-2c0a-4f11-8d08-7c1b7cb64c88
2026-06-15 10:53:30,スマホアクセサリー,新品,【4H限15%off_LINE配布】公式 Elegante スマホショルダー iPhoneケース iPhone17e 17 Air 17Pro 17promax ケース iPhone16e 16 pl,1280,Elegante(エレガンテ),https://item.rakuten.co.jp/kintsu/hard-shoulder-ip/?rafcid=wsc_i_is_c786838f-2c0a-4f11-8d08-7c1b7cb64c88
2026-06-15 10:53:30,スマホアクセサリー,新品,【月間優良ショップ受賞】スマホケース ハード 全機種対応【くすみ クリアケース×レザーorキルティング 新旧カード入れor小銭入れ×ショートorロングストラップ】スマホショルダー カバー 収納 保護フ,1980,スマホケース全機種OKネイルンデコ,https://item.rakuten.co.jp/embellirshop/smp-original70/?rafcid=wsc_i_is_c786838f-2c0a-4f11-8d08-7c1b7cb64c88
2026-06-15 10:53:30,スマホアクセサリー,新品,【レンズも保護】 iPhone17e ケース iPhone17 ケース iPhone16e ケース iPhone16 ケース iPhone15 ケース iPhone14 ケース iPhone13 iP,1280,スマホグッズ専門店ステラケース,https://item.rakuten.co.jp/stellacase/iphone-cov221/?rafcid=wsc_i_is_c786838f-2c0a-4f11-8d08-7c1b7cb64c88
2026-06-15 10:53:30,スマホアクセサリー,新品,スマホケース 手帳型 全機種対応 手帳 ケース カバー iPhone 17 e Pro Air ProMax 16 15 14 13 12 11 X XR XS 8 7 6 5 SE mini Plu,999,TK-JIANG,https://item.rakuten.co.jp/takara-jiang/98-zen-001/?rafcid=wsc_i_is_c786838f-2c0a-4f11-8d08-7c1b7cb64c88
2026-06-15 10:53:30,スマホアクセサリー,新品,＼個人情報・しっかり守る／前後ガラスケース 覗き見防止 iPhone 17 スマホケース iPhone16 ケース iphone15 ケース iphone15pro ケース クリア Iphone14P,2198,RISUKAI,https://item.rakuten.co.jp/auc-risukai/t122/?rafcid=wsc_i_is_c786838f-2c0a-4f11-8d08-7c1b7cb64c88
2026-06-15 10:53:30,スマホアクセサリー,新品,【6/15限定☆33％OFFクーポン】MagSafe対応 iphone17 ケース iPhoneケース スマホケース iphone16 ケース iphone15 ケース iphone14 リング付き ,1780,brillo【ブリジオ】,https://item.rakuten.co.jp/hello-brillo/c0070/?rafcid=wsc_i_is_c786838f-2c0a-4f11-8d08-7c1b7cb64c88
2026-06-15 10:53:30,スマホアクセサリー,新品,【30%OFFクーポン配布中 レンズまで保護】MagSafe対応 iPhone17 ケース iPhone17e ケース iPhone16e iPhone15 iPhone16 ケース iPhone14,1280,QUEEN ROCK,https://item.rakuten.co.jp/qrshoji/3c-cs0034/?rafcid=wsc_i_is_c786838f-2c0a-4f11-8d08-7c1b7cb64c88
2026-06-15 10:53:30,スマホアクセサリー,新品,【月間優良ショップ受賞】スマホケース ハード 全機種対応【くすみ クリアケース×ベルト付き×レザーorキルティング 新旧カード入れor小銭入れ ロングストラップ付き】スマホショルダー スマホバンド 持,3480,スマホケース全機種OKネイルンデコ,https://item.rakuten.co.jp/embellirshop/smp-original72/?rafcid=wsc_i_is_c786838f-2c0a-4f11-8d08-7c1b7cb64c88
2026-06-15 10:53:30,スマホアクセサリー,新品,【4H限15%off_LINE配布】公式 Elegante Grayish Flower スマホケース 手帳型 全機種対応 iPhone17e ケース iPhone17 air 16e 16 pro ,2680,Elegante(エレガンテ),https://item.rakuten.co.jp/kintsu/dcase-kusumihana/?rafcid=wsc_i_is_c786838f-2c0a-4f11-8d08-7c1b7cb64c88
2026-06-15 10:53:30,スマホアクセサリー,新品,【15日限定！全品10%OFFクーポン！】 iPhone17 ケース iPhone17e ケース iPhone16 ケース iPhone17Pro ケース iPhone15 ケース iPhoneケース,1580,DotRaon,https://item.rakuten.co.jp/dottodot/i1244/?rafcid=wsc_i_is_c786838f-2c0a-4f11-8d08-7c1b7cb64c88
2026-06-15 10:53:30,スマホアクセサリー,新品,スマホケース ガラスフィルム付き iPhone11~17 iPhone17 スマホ ケース スマホカバー iphone ミラー ストラップ スタンド カバー 持ち手 ギフト アイフォンケース 耐衝撃 ,3280,森ランパーズ,https://item.rakuten.co.jp/telenty/te-dz-sjk-26/?rafcid=wsc_i_is_c786838f-2c0a-4f11-8d08-7c1b7cb64c88
2026-06-15 10:53:30,スマホアクセサリー,新品,【4H限15%off_LINE配布】公式 Elegante Belted スマホケース 手帳型 全機種対応 iPhone17e ケース iPhone17 air 16e 16 pro max iPho,2380,Elegante(エレガンテ),https://item.rakuten.co.jp/kintsu/dcase-belted/?rafcid=wsc_i_is_c786838f-2c0a-4f11-8d08-7c1b7cb64c88
2026-06-15 10:53:30,スマホアクセサリー,新品,S-LINE スマホケース 6色 耐衝撃 iPhone SE(第三世代) ケース iPhone13 Pro Max iPhone13 mini iPhone12 Pro Max iPhone12 mi,2980,アイフォンケース Anglers Case,https://item.rakuten.co.jp/anglers-case/ifa20210408/?rafcid=wsc_i_is_c786838f-2c0a-4f11-8d08-7c1b7cb64c88
2026-06-15 10:53:30,スマホアクセサリー,新品,Xperia Ace III SO-53C SOG08 AceIII ケース ソフトケース カバー TPU クリア Xperia AceIII 透明 無地 シンプル 全面 クリア 衝撃 吸収 指紋防止,449,センフィル,https://item.rakuten.co.jp/cenfill/11004028/?rafcid=wsc_i_is_c786838f-2c0a-4f11-8d08-7c1b7cb64c88
2026-06-15 10:53:30,スマホアクセサリー,新品,今だけ！★人気爆発 iphone 17 pro iphone16 16Pro ProMax Plusミニマム主義！ギフトに最適スマホショルダー ストラップ スマホケース iphone15 14 15 ,1679,モグモグリスコ,https://item.rakuten.co.jp/rezake-su/t090-/?rafcid=wsc_i_is_c786838f-2c0a-4f11-8d08-7c1b7cb64c88
2026-06-15 10:53:30,スマホアクセサリー,新品,【ガラスフィルム付き】AQUOS sense10 ケース クリア aquos sense9 sense8 sense7 sense6 sense5G sense4 lite sense6s カバー s,1380,carrier-city,https://item.rakuten.co.jp/carrier-city/aquos-side-color/?rafcid=wsc_i_is_c786838f-2c0a-4f11-8d08-7c1b7cb64c88
2026-06-15 10:53:30,スマホアクセサリー,新品,【ガラスフィルム付き】 iPhone17 ケース クリア iPhone17e iPhone16e iPhone16 iphone15 iPhone14 iPhone13 iphone12 iphone,1380,carrier-city,https://item.rakuten.co.jp/carrier-city/side-coler-case/?rafcid=wsc_i_is_c786838f-2c0a-4f11-8d08-7c1b7cb64c88
2026-06-15 10:53:30,スマホアクセサリー,新品,iPhone ケース 手帳型 手帳 手帳型ケース シンプル 17e 17 Air 17Pro 17Promax 16e 16 16Plus 16Pro 16Promax 15 15Plus 15Pro,1480,スマホグッズ専門店ステラケース,https://item.rakuten.co.jp/stellacase/iphone-dia108/?rafcid=wsc_i_is_c786838f-2c0a-4f11-8d08-7c1b7cb64c88
2026-06-15 10:53:30,スマホアクセサリー,新品,【クーポンで10%OFF】iPhone17 iPhone16 ケース キルティング iPhone15 15pro ケース iphone14 14pro iPhone13 13pro ケース iPhon,2480,BubuBubu,https://item.rakuten.co.jp/bubububu/xp-sjk-001/?rafcid=wsc_i_is_c786838f-2c0a-4f11-8d08-7c1b7cb64c88
2026-06-15 10:53:30,スマホアクセサリー,新品,＼期間限定：5980⇒1680円／iphone 16E ケース iPhone 17 ショルダー ケース iphone13 pro ケース ショルダーストラップ スマホケース iPhone14 ケース ,1680,Ruowl -ルアウル-,https://item.rakuten.co.jp/ruowl/t776-a1/?rafcid=wsc_i_is_c786838f-2c0a-4f11-8d08-7c1b7cb64c88
2026-06-15 10:53:30,スマホアクセサリー,新品,スマホケース 手帳型 全機種対応 本革 高品質 Google Pixel 9 ケース iPhone17ケース iPhone16ケース iphone12 Pixel9 シンプル 無地ケース 高級感 ip,950,amicoco(アミココ) スマホケース,https://item.rakuten.co.jp/amicoco/c-001_sp2/?rafcid=wsc_i_is_c786838f-2c0a-4f11-8d08-7c1b7cb64c88
2026-06-15 10:53:30,スマホアクセサリー,新品,【優良ショップ受賞】 iPhone 17e ケース iphone16e iphone15 iphone14 本革 落下防止 栃木 レザー Pro Max plus アイフォン カバー スマホケース 日,7920,HUKURO,https://item.rakuten.co.jp/jacajaca/hu-ip950/?rafcid=wsc_i_is_c786838f-2c0a-4f11-8d08-7c1b7cb64c88
2026-06-15 10:53:30,スマホアクセサリー,新品,iphoneSE ケース 手帳型 iphone8ケース iphone7ケース iPhoneSE3 iPhonese2 手帳型ケース 第3世代 第2世代 iPhoneSE2ケース アイフォン7 手帳型ス,810,スマホケースや雑貨のウォッチミー,https://item.rakuten.co.jp/watch-me/ip6-9900/?rafcid=wsc_i_is_c786838f-2c0a-4f11-8d08-7c1b7cb64c88
2026-06-15 10:53:30,スマホアクセサリー,新品,スマホケース 全機種対応 ケース カバー クリアケース iPhone 17 e Pro Air ProMax 16 15 14 13 12 11 X XR XS 8 7 6 5 SE mini Plu,1690,TK-JIANG,https://item.rakuten.co.jp/takara-jiang/08-zen-hanagara/?rafcid=wsc_i_is_c786838f-2c0a-4f11-8d08-7c1b7cb64c88
2026-06-15 10:53:30,スマホアクセサリー,新品,【0と5のつく日20％OFF】 【2枚目半額・3枚目99％OFF】 iPhone17e iphone17 保護フィルム 覗き防止 ガラスフィルム iPhone iphone16 iphone16e i,1080,スマホケース屋さん 楽天市場店,https://item.rakuten.co.jp/smartphonecase/bb-film/?rafcid=wsc_i_is_c786838f-2c0a-4f11-8d08-7c1b7cb64c88
2026-06-15 10:53:30,スマホアクセサリー,新品,【楽天1位獲得】 iPhone 保護フィルム iPhone17 pro フィルム iPhone17e ガラスフィルム iPhone17 保護フィルム iPhone16e iPhone16 iPhone,1100,shizukawill(シズカウィル),https://item.rakuten.co.jp/shizuka-will-/ap-ip8gl/?rafcid=wsc_i_is_c786838f-2c0a-4f11-8d08-7c1b7cb64c88
2026-06-15 10:53:30,スマホアクセサリー,新品,【楽天1位獲得】2枚入り iPhone 保護フィルム iPhone17 保護フィルム iPhone17e フィルム iPhone16e フィルム ブルーライトカット iPhone17pro ガラスフィ,1000,Lively Life(ライブリーライフ),https://item.rakuten.co.jp/livelylife/g301310/?rafcid=wsc_i_is_c786838f-2c0a-4f11-8d08-7c1b7cb64c88
2026-06-15 10:53:30,スマホアクセサリー,新品,【楽天1位獲得】iPhone 保護フィルム iPhone17 pro iPhone17e 16e ガラスフィルム iPhone16 iPhone15 iPhone Air 保護フィルム フィルム 17,1000,Bridge Store 楽天市場店,https://item.rakuten.co.jp/bridge-store/iphone-k/?rafcid=wsc_i_is_c786838f-2c0a-4f11-8d08-7c1b7cb64c88
2026-06-15 10:53:30,スマホアクセサリー,新品,iPhone SE ( 第3世代 / 第2世代 ) 5G ガラスフィルム 保護フィルム フィルム 10H SE3 SE2 ガラスザムライ 2020 2022年発売 アイフォン SE 液晶保護フィルム ,1000,Bridge Store 楽天市場店,https://item.rakuten.co.jp/bridge-store/259-k/?rafcid=wsc_i_is_c786838f-2c0a-4f11-8d08-7c1b7cb64c88
2026-06-15 10:53:30,スマホアクセサリー,新品,Google Pixel 10a 9a フィルム Google Pixel 10 保護フィルム Google Pixel10 Pro XL Pixel9 8a 8 Pro Pixel 7a Pixel,1280,Bridge Store 楽天市場店,https://item.rakuten.co.jp/bridge-store/google-3d/?rafcid=wsc_i_is_c786838f-2c0a-4f11-8d08-7c1b7cb64c88
2026-06-15 10:53:30,スマホアクセサリー,新品,【お得な2枚組★楽天1位獲得】 NIMASO iPhone17 保護フィルム iPhone17e ガラスフィルム iPhone16 iPhone15 iPhone16e 保護フィルム iPhone17,1499,NimasoDirect楽天市場店,https://item.rakuten.co.jp/niccou-store/yr-2018-n2/?rafcid=wsc_i_is_c786838f-2c0a-4f11-8d08-7c1b7cb64c88
2026-06-15 10:53:30,スマホアクセサリー,新品,【 365日完全保証 ブルーライトカット 】 iPhone17 pro 保護フィルム iPhone16 ガラスフィルム iPhone17e 16e フィルム iPhone air 17promax i,1380,Bridge Store 楽天市場店,https://item.rakuten.co.jp/bridge-store/iphone-blue/?rafcid=wsc_i_is_c786838f-2c0a-4f11-8d08-7c1b7cb64c88
2026-06-15 10:53:30,スマホアクセサリー,新品,【 ブルーライトカット iPhone17 対応 】 iPhone 16 pro 17e ガラスフィルム iPhone 17 Pro Max 16e iPhone15 iPhone Air 保護フィルム,1380,保護フィルムのColorful,https://item.rakuten.co.jp/colorful999/9hfullblue/?rafcid=wsc_i_is_c786838f-2c0a-4f11-8d08-7c1b7cb64c88
2026-06-15 10:53:30,スマホアクセサリー,新品,【 AGC旭硝子 ・365日交換保証】 iPhone SE3 ガラスフィルム iPhone 14 13 13Pro フィルム iPhone 17 16 16e 15 Pro max 保護フィルム iP,1000,保護フィルムのColorful,https://item.rakuten.co.jp/colorful999/9hbhm/?rafcid=wsc_i_is_c786838f-2c0a-4f11-8d08-7c1b7cb64c88
2026-06-15 10:53:30,スマホアクセサリー,新品,【10%OFFクーポン配布中】楽天1位 MAGIC JOHN 2枚組 iPhone17 保護フィルム iPhone17e ガラスフィルム 強化 グレア光沢 ガイド枠 iPhone17 フィルム iPh,1780,MAGIC JOHN,https://item.rakuten.co.jp/magicjohn/mt-iphonem-hd/?rafcid=wsc_i_is_c786838f-2c0a-4f11-8d08-7c1b7cb64c88
2026-06-15 10:53:30,スマホアクセサリー,新品,【0と5のつく日20％OFF】 【2枚目半額・3枚目99％OFF】 iPhone17e iphone17 保護フィルム ガラスフィルム iPhone iphone16 iphone15 iphone1,880,スマホケース屋さん 楽天市場店,https://item.rakuten.co.jp/smartphonecase/black/?rafcid=wsc_i_is_c786838f-2c0a-4f11-8d08-7c1b7cb64c88
2026-06-15 10:53:30,スマホアクセサリー,新品,【ブルーライトカット】 iPhone17 保護フィルム iPhone17e フィルム iPhone16e ガラスフィルム iPhone16 フィルム iPhone17 pro Max iPhone15,1380,shizukawill(シズカウィル),https://item.rakuten.co.jp/shizuka-will-/ap-ipglbc/?rafcid=wsc_i_is_c786838f-2c0a-4f11-8d08-7c1b7cb64c88
2026-06-15 10:53:30,スマホアクセサリー,新品,Galaxy ガラスフィルム 保護フィルム 強化ガラス フィルム S26 S25 S25Ultra S24 S24FE S24Ultra S23 S23Ultra S22 S21 S20 S10 A2,1280,スマホグッズ専門店ステラケース,https://item.rakuten.co.jp/stellacase/galaxy-gl01/?rafcid=wsc_i_is_c786838f-2c0a-4f11-8d08-7c1b7cb64c88
2026-06-15 10:53:30,スマホアクセサリー,新品,AQUOS R10 ガラスフィルム AQUOS sense10 sense9 フィルム R9 R8 sense8 7 Plus sense6s 6 5G 4 4lite 4basic 3 zero5G,1380,Bridge Store 楽天市場店,https://item.rakuten.co.jp/bridge-store/aquos-blue-3d/?rafcid=wsc_i_is_c786838f-2c0a-4f11-8d08-7c1b7cb64c88
2026-06-15 10:53:30,スマホアクセサリー,新品,Xperia ガラスフィルム ブルーライトカット 保護フィルム 強化ガラス フィルム 10VII 1VII 10VI 1VI 5V 10V 1V 5IV 10IV 1IV 5III 1III 10II,1280,スマホグッズ専門店ステラケース,https://item.rakuten.co.jp/stellacase/xperia-bl01/?rafcid=wsc_i_is_c786838f-2c0a-4f11-8d08-7c1b7cb64c88
2026-06-15 10:53:30,スマホアクセサリー,新品,【楽天1位獲得】 iPhone ガラスフィルム ブルーライトカット iPhone17 17e iPhone16 16e iPhone15 iPhone14 iPhone13 Pro ProMax Pl,1399,Limep 楽天市場店,https://item.rakuten.co.jp/r-limep/gfds-blc/?rafcid=wsc_i_is_c786838f-2c0a-4f11-8d08-7c1b7cb64c88
2026-06-15 10:53:30,スマホアクセサリー,新品,AQUOS ガラスフィルム フィルム wish5 sense10 sense9 R9 Pro wish4 sense8 7 basio active sense6s sense6 zero6 wish,1000,Bridge Store 楽天市場店,https://item.rakuten.co.jp/bridge-store/aquos-k/?rafcid=wsc_i_is_c786838f-2c0a-4f11-8d08-7c1b7cb64c88
2026-06-15 10:53:30,スマホアクセサリー,新品,iPhone17e iPhone17 フィルム ブルーライトカット iPhone16 iPhone16e iPhone16Pro iPhone17Pro 保護フィルム iPhone Air iPhon,800,HANARO オンラインストア,https://item.rakuten.co.jp/hanaro-online-store/iphone-blc-film-agc/?rafcid=wsc_i_is_c786838f-2c0a-4f11-8d08-7c1b7cb64c88
2026-06-15 10:53:30,スマホアクセサリー,新品,2枚組[覗き防止] iPhone17e フィルム iPhone17 pro Max air iPhone16 iPhone16e iPhone15/14 pro Max plus iPhone11/1,1000,AI ネットショップ 楽天市場店,https://item.rakuten.co.jp/ai-netshop/591-1/?rafcid=wsc_i_is_c786838f-2c0a-4f11-8d08-7c1b7cb64c88
2026-06-15 10:53:30,スマホアクセサリー,新品,LOOF iPhone17e iPhone17 iPhone16e フィルム ガラス iPhoneAir iPhone16 iPhone15 iPhone 14 13 12 11 Pro Max Pl,980,LOOF楽天市場店,https://item.rakuten.co.jp/loof-shop/3dglass/?rafcid=wsc_i_is_c786838f-2c0a-4f11-8d08-7c1b7cb64c88
2026-06-15 10:53:30,スマホアクセサリー,新品,AQUOS ガラスフィルム フィルム wish5 R9 Pro sense10 sense9 wish4 sense8 7 sense6s sense6 zero6 wish2 wish3 5G se,1380,Bridge Store 楽天市場店,https://item.rakuten.co.jp/bridge-store/aquos-blue/?rafcid=wsc_i_is_c786838f-2c0a-4f11-8d08-7c1b7cb64c88
2026-06-15 10:53:30,スマホアクセサリー,新品,【3D全面保護・2枚】NIMASO iPhone17 保護フィルム iPhone17e 保護フィルム iPhone17 17pro ガラスフィルム iPhone air 17promax 保護フィルム,1799,NimasoDirect楽天市場店,https://item.rakuten.co.jp/niccou-store/yr-2018-3d2/?rafcid=wsc_i_is_c786838f-2c0a-4f11-8d08-7c1b7cb64c88
2026-06-15 10:53:30,スマホアクセサリー,新品,【覗き見防止】 iPhone17 pro iPhone17 ガラスフィルム iPhone17e 16e 保護フィルム iPhone16 iPhone15 フィルム Air 17promax iPhon,1380,Bridge Store 楽天市場店,https://item.rakuten.co.jp/bridge-store/iphone-nzb/?rafcid=wsc_i_is_c786838f-2c0a-4f11-8d08-7c1b7cb64c88
2026-06-15 10:53:30,スマホアクセサリー,新品,【360 覗き見防止 + ブルーライトカット 】 iPhone17 iPhone16 Pro Max ガラスフィルム iPhone17e 保護フィルム iPhone15 Pro 覗き防止 除き見防止フ,1480,aPanda,https://item.rakuten.co.jp/apanda/iphone-ftk-360-blue/?rafcid=wsc_i_is_c786838f-2c0a-4f11-8d08-7c1b7cb64c88
2026-06-15 10:53:30,スマホアクセサリー,新品,Google Pixel ガラスフィルム 保護フィルム 強化ガラス フィルム Pixel10a Pixel10 Pixel10Pro Pixel10ProXL Pixel9a Pixel9 Pixel,1280,スマホグッズ専門店ステラケース,https://item.rakuten.co.jp/stellacase/pixel-gl01/?rafcid=wsc_i_is_c786838f-2c0a-4f11-8d08-7c1b7cb64c88
2026-06-15 10:53:30,スマホアクセサリー,新品,AQUOS ガラスフィルム ブルーライトカット 保護フィルム 強化ガラス フィルム sense10 sense9 sense8 sense7 sense7Plus sense6 sense6s sen,1280,スマホグッズ専門店ステラケース,https://item.rakuten.co.jp/stellacase/aquos-bl01/?rafcid=wsc_i_is_c786838f-2c0a-4f11-8d08-7c1b7cb64c88
2026-06-15 10:53:30,スマホアクセサリー,新品,Xperia1 viii ガラスフィルム Xperia 10 vii フィルム ブルーライトカット Xperia 10 vi 保護フィルム Xperia 1 vii 1 vi 5 v 10 v 1 v,1380,shizukawill(シズカウィル),https://item.rakuten.co.jp/shizuka-will-/so-x1m2glbkbc/?rafcid=wsc_i_is_c786838f-2c0a-4f11-8d08-7c1b7cb64c88
2026-06-15 10:53:30,スマホアクセサリー,新品,【2枚組】 iPhone ガラスフィルム 覗きみ防止 覗き防止 覗き ブルーライトカット iPhone17e iPhone17 iPhone17Pro iPhone16e iPhone16 16Pro,1280,スマホグッズ専門店ステラケース,https://item.rakuten.co.jp/stellacase/2p-iphone-pb01/?rafcid=wsc_i_is_c786838f-2c0a-4f11-8d08-7c1b7cb64c88
2026-06-15 10:53:30,スマホアクセサリー,新品,【0と5のつく日20％OFF】 【2枚目半額】 iPhone17e iPhone17 iphone16e iPhone16 iphone15 iphone14 iphone13 iphonese ip,1080,モバイルショップ A-モバイル,https://item.rakuten.co.jp/a-mobi/bb-film/?rafcid=wsc_i_is_c786838f-2c0a-4f11-8d08-7c1b7cb64c88
2026-06-15 10:53:30,スマホアクセサリー,新品,【クリアランスセール】Xperia 10 VII 1 VII 5 V 10 V ガラスフィルム 1 VI 10 VI Ace III フィルム 1V 5IV 1 IV Xperia 10 IV III,1280,MY WAY SMART 楽天市場店,https://item.rakuten.co.jp/mywaysmart/a9-jcvx-ulvg/?rafcid=wsc_i_is_c786838f-2c0a-4f11-8d08-7c1b7cb64c88
2026-06-15 10:53:30,スマホアクセサリー,新品,【2枚組】 iPhone ガラスフィルム 覗きみ防止 覗き防止 覗き さらさら サラサラ アンチグレア 指紋防止 iPhone17e iPhone17 iPhone17Pro iPhone16e iP,1280,スマホグッズ専門店ステラケース,https://item.rakuten.co.jp/stellacase/2p-iphone-pa01/?rafcid=wsc_i_is_c786838f-2c0a-4f11-8d08-7c1b7cb64c88
2026-06-15 10:53:30,スマホアクセサリー,新品,2枚セット 強化ガラスフィルム iPhoneSE 第3世代 第2世代 SE3 SE2 iPhone17e フィルム iPhone17 iPhone Air iPhone16 iPhone16e iPh,1280,FLORA,https://item.rakuten.co.jp/imore/0409-glass-002/?rafcid=wsc_i_is_c786838f-2c0a-4f11-8d08-7c1b7cb64c88
2026-06-15 10:53:30,スマホアクセサリー,新品,Google Pixel10a ガラスフィルム ブルーライトカット Google Pixel9a フィルム Google Pixel10 pro Pixel9 Pixel8a Pixel8 Pixel,1380,shizukawill(シズカウィル),https://item.rakuten.co.jp/shizuka-will-/go-pi3aglbkbc/?rafcid=wsc_i_is_c786838f-2c0a-4f11-8d08-7c1b7cb64c88
2026-06-15 10:53:30,スマホアクセサリー,新品,【15日は店内全品ポイント5倍】Galaxy A25 フィルム Galaxy A25 5G フィルム Samsung Galaxy A25 5G Galaxy A25 5G SC-53F フィルム a,800,Thursday -サーズデイ- 楽天市場店,https://item.rakuten.co.jp/thursdayltd/sf201-ga-a25/?rafcid=wsc_i_is_c786838f-2c0a-4f11-8d08-7c1b7cb64c88
2026-06-15 10:53:30,スマホアクセサリー,新品,【 ブルーライトカット iPhone17 対応 】 iPhone 16 pro 17e ガラスフィルム iPhone 17 Pro Max 16e iPhone15 iPhone Air 保護フィルム,980,aPanda,https://item.rakuten.co.jp/apanda/9hfullblue/?rafcid=wsc_i_is_c786838f-2c0a-4f11-8d08-7c1b7cb64c88
2026-06-15 10:53:30,スマホアクセサリー,新品,【楽天1位】【 極上の さらさら感 全面保護 】 iPhone 17 17e 16 Pro Max 16e フィルム iPhone14 ガラスフィルム iPhone13 Pro 保護フィルム アンチグ,1380,保護フィルムのColorful,https://item.rakuten.co.jp/colorful999/9hfullms/?rafcid=wsc_i_is_c786838f-2c0a-4f11-8d08-7c1b7cb64c88
2026-06-15 10:53:30,スマホアクセサリー,新品,【P10倍 2枚セット】Xperia 10 VI Xperia 1 VIII Xperia 1 VII 保護フィルム Xperia 10 VII 液晶保護フィルム Xperia 1 VI Xperia,1380,HANARO-SHOP 楽天市場店,https://item.rakuten.co.jp/hanaro/xperia-film-agc/?rafcid=wsc_i_is_c786838f-2c0a-4f11-8d08-7c1b7cb64c88
2026-06-15 10:53:30,スマホアクセサリー,新品,【P10倍】iPhone17 フィルム 覗き見防止 iPhone17e iPhone16 iPhone16e iPhone17Pro iPhone Air iPhone16Pro iPhone17Pr,1180,HANARO-SHOP 楽天市場店,https://item.rakuten.co.jp/hanaro/ip-fpfilm-nb/?rafcid=wsc_i_is_c786838f-2c0a-4f11-8d08-7c1b7cb64c88
2026-06-15 10:53:30,スマホアクセサリー,新品,iPhone ブルーライトカット ガラスフィルム iPhone17 17e Pro Max plus Air iPhone 15 14 13 12 iPhoneSE ( 第3世代 / 第2世代 ) 保,1490,極上フィルム専門店Agrado【公式】,https://item.rakuten.co.jp/tsubame123/iphone_blue/?rafcid=wsc_i_is_c786838f-2c0a-4f11-8d08-7c1b7cb64c88
2026-06-15 10:53:30,スマホアクセサリー,新品,【 楽天1位・2枚 】 保護フィルム Galaxy S25 S25+ S24 S20 S21 Plus S22 S23 Ultra TPU保護フィルム フィルム Galaxy A32 A20 A21 ,1280,保護フィルムのColorful,https://item.rakuten.co.jp/colorful999/tpu-yxm/?rafcid=wsc_i_is_c786838f-2c0a-4f11-8d08-7c1b7cb64c88
2026-06-15 10:53:30,スマホアクセサリー,新品,【15日は店内全品ポイント5倍】arrows We2 ブルーライトカット フィルム ガラスフィルム 保護フィルム スマホフィルム 強化ガラス スマホ 液晶保護 画面保護 飛散防止 液晶 保護 指紋防止,800,Thursday -サーズデイ- 楽天市場店,https://item.rakuten.co.jp/thursdayltd/sf201-ar-we2/?rafcid=wsc_i_is_c786838f-2c0a-4f11-8d08-7c1b7cb64c88
2026-06-15 10:53:30,スマホアクセサリー,新品,Galaxy S26 保護フィルム Galaxy S25 フィルム Galaxy S24 S23 S22 S21 S21+ S21 Ultra 5G S20 S20+ ギャラクシー 全面保護 液晶保護,1280,shizukawill(シズカウィル),https://item.rakuten.co.jp/shizuka-will-/sa-gasgltpu/?rafcid=wsc_i_is_c786838f-2c0a-4f11-8d08-7c1b7cb64c88
2026-06-15 10:53:30,スマホアクセサリー,新品,【P20倍 2枚セット】 Google Pixel 10a 保護 フィルム Google Pixel9a Pixel10 Pixel8a ガラスフィルム Pixel10Pro Pixel9 Pixel,1280,HANARO オンラインストア,https://item.rakuten.co.jp/hanaro-online-store/google-film-as-set/?rafcid=wsc_i_is_c786838f-2c0a-4f11-8d08-7c1b7cb64c88
2026-06-15 10:53:30,スマホアクセサリー,新品,Google Pixel 9a フィルム グーグルピクセル9a 保護フィルム 全面保護 GooglePixel9a ガラスフィルム Pixel9a 全面吸着タイプ 10H ガラスザムライ 全面 保護 ,1280,Bridge Store 楽天市場店,https://item.rakuten.co.jp/bridge-store/424-3d/?rafcid=wsc_i_is_c786838f-2c0a-4f11-8d08-7c1b7cb64c88
2026-06-15 10:53:30,スマホアクセサリー,新品,【 覗き見防止 】 iPhone17 ガラスフィルム iPhone17 pro フィルム iPhone17e 保護フィルム iPhone16e フィルム iPhone17 pro Max iPhone,1580,shizukawill(シズカウィル),https://item.rakuten.co.jp/shizuka-will-/ap-nogl/?rafcid=wsc_i_is_c786838f-2c0a-4f11-8d08-7c1b7cb64c88
2026-06-15 10:53:30,スマホアクセサリー,新品,【P10倍 2枚セット】 AQUOS sense10 wish5 保護フィルム AQUOS sense9 wish4 R10 R9 R9Pro フィルム sense8 wish3 ガラスフィルム R8,1380,HANARO-SHOP 楽天市場店,https://item.rakuten.co.jp/hanaro/aquos-film-agc/?rafcid=wsc_i_is_c786838f-2c0a-4f11-8d08-7c1b7cb64c88
2026-06-15 10:53:30,スマホアクセサリー,新品,Xperia ガラスフィルム 全面保護 保護フィルム 強化ガラス フィルム 10VII 1VII 10VI 1VI 5V 10V 1V 5IV 10IV 1IV 5III 1III 10III 5II,1280,スマホグッズ専門店ステラケース,https://item.rakuten.co.jp/stellacase/y-ze-1-xperia/?rafcid=wsc_i_is_c786838f-2c0a-4f11-8d08-7c1b7cb64c88
2026-06-15 10:53:30,スマホアクセサリー,新品,【6月15日限定12%OFF条件なし】iPhone17 ガラスフィルム iPhone Air フィルム 【クリア/ブルーライトカット/覗き見防止/アンチグレア】 iPhone16 保護フィルム iPh,560,ZENIX LIFE DESIGN,https://item.rakuten.co.jp/gift-present/glass-film121/?rafcid=wsc_i_is_c786838f-2c0a-4f11-8d08-7c1b7cb64c88
2026-06-15 10:53:30,スマホアクセサリー,新品,iPhone16 ガラスフィルム 保護フィルム iPhone16pro フィルム 全面保護 16pro 16plus 16promax iphone16フィルム iPhone15 アイフォン 液晶保護,1000,BELLEMOND(ベルモンド)公式,https://item.rakuten.co.jp/mobile123/b0050iphonese2020clbk/?rafcid=wsc_i_is_c786838f-2c0a-4f11-8d08-7c1b7cb64c88
2026-06-15 10:53:30,スマホアクセサリー,新品,Google Pixel8 ガラスフィルム 全面保護フィルム ブルーライト32%カット 目に優しい ブルーライトカット 10H ガラスザムライ フィルム 液晶保護フィルム OVER`s オーバーズ 黒,1380,Bridge Store 楽天市場店,https://item.rakuten.co.jp/bridge-store/392-blue-3d/?rafcid=wsc_i_is_c786838f-2c0a-4f11-8d08-7c1b7cb64c88
2026-06-15 10:53:30,スマホアクセサリー,新品,【P20倍】Google Pixel 10a フィルム ブルーライトカット Google Pixel 9a Pixel 8a Google Pixel 7a ガラスフィルム グーグルピクセル9a ピク,1080,HANARO オンラインストア,https://item.rakuten.co.jp/hanaro-online-store/google-blc-film-as/?rafcid=wsc_i_is_c786838f-2c0a-4f11-8d08-7c1b7cb64c88
2026-06-15 10:53:30,スマホアクセサリー,新品,【P20倍 2枚】Google Pixel 10a フィルム ブルーライトカット Google Pixel 9a Google Pixel 8a Google Pixel 7a ガラスフィルム グーグ,1580,HANARO オンラインストア,https://item.rakuten.co.jp/hanaro-online-store/google-blc-film-as-set/?rafcid=wsc_i_is_c786838f-2c0a-4f11-8d08-7c1b7cb64c88
2026-06-15 10:53:30,スマホアクセサリー,新品,iPhone17 フィルム iPhone17e iPhone16 iPhone16e iPhone17Pro iPhone Air iPhone16Pro ガラスフィルム iPhone17ProMax,800,HANARO-SHOP 楽天市場店,https://item.rakuten.co.jp/hanaro/iphone-film/?rafcid=wsc_i_is_c786838f-2c0a-4f11-8d08-7c1b7cb64c88
2026-06-15 10:53:30,スマホアクセサリー,新品,AQUOS sense10 フィルム AQUOS sense9 ガラスフィルム sense8 sense7 sense6s sense6 sense5G sense4 保護フィルム アクオスセンス 液,1280,shizukawill(シズカウィル),https://item.rakuten.co.jp/shizuka-will-/sh-aqse2glbk/?rafcid=wsc_i_is_c786838f-2c0a-4f11-8d08-7c1b7cb64c88
2026-06-15 10:53:30,スマホアクセサリー,新品,【P20倍 2枚セット】Google Pixel 10a 保護 フィルム Google Pixel9a Pixel10 Pixel8a ガラスフィルム Pixel10Pro Pixel9 Pixel9,1480,HANARO-SHOP 楽天市場店,https://item.rakuten.co.jp/hanaro/google-film-as-set/?rafcid=wsc_i_is_c786838f-2c0a-4f11-8d08-7c1b7cb64c88
2026-06-15 10:53:30,スマホアクセサリー,新品,【P10倍】iPhone17 フィルム ブルーライトカット iPhone17e iPhone16 iPhone16e iPhone16Pro iPhone17Pro 保護フィルム iPhone Air,1080,HANARO-SHOP 楽天市場店,https://item.rakuten.co.jp/hanaro/iphone-blc-film-agc/?rafcid=wsc_i_is_c786838f-2c0a-4f11-8d08-7c1b7cb64c88
2026-06-15 10:53:30,スマホアクセサリー,新品,Galaxy ガラスフィルム ブルーライトカット 保護フィルム 強化ガラス フィルム S26 S26Ultra S25 S25Ultra S24 S24FE S23 S22 S21 S20 A57 A,1280,スマホグッズ専門店ステラケース,https://item.rakuten.co.jp/stellacase/galaxy-zebl03/?rafcid=wsc_i_is_c786838f-2c0a-4f11-8d08-7c1b7cb64c88
2026-06-15 10:53:30,スマホアクセサリー,新品,Xperia1 viii ガラスフィルム Xperia 10 vii フィルム Xperia 10 vi Xperia 1 vii 1 vi 5 v 10 v 1 v 5 iv 10 iv 1 iv ,1280,shizukawill(シズカウィル),https://item.rakuten.co.jp/shizuka-will-/so-x10m2glbk/?rafcid=wsc_i_is_c786838f-2c0a-4f11-8d08-7c1b7cb64c88
2026-06-15 10:53:30,スマホアクセサリー,新品,Galaxy ガラスフィルム ブルーライトカット 保護フィルム 強化ガラス フィルム S26 S25 S24 S24FE S23 S22 S21 A20 A21 A22 A23 A25 5G A36 ,1280,スマホグッズ専門店ステラケース,https://item.rakuten.co.jp/stellacase/galaxy-bl01/?rafcid=wsc_i_is_c786838f-2c0a-4f11-8d08-7c1b7cb64c88
2026-06-15 10:53:30,スマホアクセサリー,新品,【日本製硝子】arrows We2 液晶 保護フィルム arrows We2 Plus らくらくスマートフォン F-53E F-52B ガラスフィルム らくらくスマートフォン Lite らくらくスマー,980,HANARO-SHOP 楽天市場店,https://item.rakuten.co.jp/hanaro/arrows-film/?rafcid=wsc_i_is_c786838f-2c0a-4f11-8d08-7c1b7cb64c88
2026-06-15 10:53:30,スマホアクセサリー,新品,【楽天1位獲得】 iPhone ガラスフィルム 10H 全面保護 iPhone17 17e iPhone16 16e iPhone15 iPhone14 保護フィルム iPhoneAir iPhone,1348,Limep 楽天市場店,https://item.rakuten.co.jp/r-limep/gf-d/?rafcid=wsc_i_is_c786838f-2c0a-4f11-8d08-7c1b7cb64c88
2026-06-15 10:53:30,スマホアクセサリー,新品,Galaxy A53 5G SC-53C SCG15 ガラスフィルム 保護フィルム ブルーライトカット galaxya53 ガラスフィルム フィルム ギャラクシー 全面 保護 液晶保護フィルム シズカ,1380,shizukawill(シズカウィル),https://item.rakuten.co.jp/shizuka-will-/sa-gaa53glbkbc/?rafcid=wsc_i_is_c786838f-2c0a-4f11-8d08-7c1b7cb64c88
2026-06-15 10:53:30,スマホアクセサリー,新品,【楽天1位】【 極上の さらさら感 全面保護 】 iPhone 17 17e 16 Pro Max 16e フィルム iPhone14 ガラスフィルム iPhone13 Pro 保護フィルム アンチグ,598,aPanda,https://item.rakuten.co.jp/apanda/9hfullms/?rafcid=wsc_i_is_c786838f-2c0a-4f11-8d08-7c1b7cb64c88
2026-06-15 10:53:30,スマホアクセサリー,新品,【フチ割れしない】Xperia 5 III ガラスフィルム Xperia 10 III/10 III lite 10 IV Xperia 5 II Xperia 1 II 10 Xperia5 フィル,1199,HANARO-SHOP 楽天市場店,https://item.rakuten.co.jp/hanaro/xperia-softfilm1/?rafcid=wsc_i_is_c786838f-2c0a-4f11-8d08-7c1b7cb64c88
2026-06-15 10:53:30,スマホアクセサリー,新品,AQUOS sense10 フィルム AQUOS sense9 ガラスフィルム ブルーライトカットsense8 sense7 sense6s sense6 sense5G sense4 保護フィルム ,1380,shizukawill(シズカウィル),https://item.rakuten.co.jp/shizuka-will-/sh-aqse2glbkbc/?rafcid=wsc_i_is_c786838f-2c0a-4f11-8d08-7c1b7cb64c88
2026-06-15 10:53:30,スマホアクセサリー,新品,iPhone17e 全機種対応 ガラスフィルム 保護フィルム iPhone17 iPhoneAir iPhone17Pro iPhone17ProMax iPhone16e iPhone16 保護フィ,389,スマホケースのexshop,https://item.rakuten.co.jp/exshop/iphone-glass/?rafcid=wsc_i_is_c786838f-2c0a-4f11-8d08-7c1b7cb64c88
2026-06-15 10:53:30,スマホアクセサリー,新品,ガラスフィルム AQUOS R10 R9 R8 pro R7 R6 R5G R3 sense10 sense9 sense8 sense7 sense6 plus sense4 lite basic ,1000,スマホアクセ,https://item.rakuten.co.jp/smahoacce/acc-firumu-aq/?rafcid=wsc_i_is_c786838f-2c0a-4f11-8d08-7c1b7cb64c88
2026-06-15 10:53:30,スマホアクセサリー,新品,【楽天1位】AQUOS sense10 保護フィルム sense9 フィルム sense7 フィルム AQUO R9 sense6 ガラスフィルム 全面吸着 AQUOS R フィルム 全面保護 ガラス,1180,Lively Life(ライブリーライフ),https://item.rakuten.co.jp/livelylife/g300912/?rafcid=wsc_i_is_c786838f-2c0a-4f11-8d08-7c1b7cb64c88
2026-06-15 10:53:30,スマホアクセサリー,新品,arrows We F-51B ガラスフィルム 保護フィルム ブルーライトカット arrowswe ガラスフィルム フィルム アローズ 全面 保護 液晶保護フィルム 画面フィルム 画面保護フィルム 叶,1380,叶kanae,https://item.rakuten.co.jp/i-kanae/k-arf51bglbkbc/?rafcid=wsc_i_is_c786838f-2c0a-4f11-8d08-7c1b7cb64c88
2026-06-15 10:53:30,スマホアクセサリー,新品,【P10倍 2枚】iPhone17 フィルム iPhone17e iPhone16 iPhone16e iPhone17Pro iPhone Air iPhone16Pro ガラスフィルム iPhon,1380,HANARO-SHOP 楽天市場店,https://item.rakuten.co.jp/hanaro/iphone-film-agc/?rafcid=wsc_i_is_c786838f-2c0a-4f11-8d08-7c1b7cb64c88
2026-06-15 10:53:30,スマホアクセサリー,新品,arrows ガラスフィルム ブルーライトカット 保護フィルム 強化ガラス フィルム We2 Plus We Alpha アローズ アルファ カバー シール F-51F M08 F-52E FCG02,1000,スマホグッズ専門店ステラケース,https://item.rakuten.co.jp/stellacase/arrows-bl01/?rafcid=wsc_i_is_c786838f-2c0a-4f11-8d08-7c1b7cb64c88
2026-06-15 10:53:30,スマホアクセサリー,新品,強化ガラスフィルム ブルーライトカット フィルム ガラスフィルム ブルーライト スマホカバー 画面保護 iphone 保護フィルム 液晶保護 フイルム iPhone17 16 15 14 13 12 ,1290,TK-JIANG,https://item.rakuten.co.jp/takara-jiang/hogo-blue01/?rafcid=wsc_i_is_c786838f-2c0a-4f11-8d08-7c1b7cb64c88
2026-06-15 10:53:30,スマホアクセサリー,新品,【2枚入り】 ガラス武将 ガラスフィルム ブルーライトカット 貼りやすい 1年保証 高品質 衝撃吸収 iPhone17 iPhone17air iPhone17pro iPhone17promax i,1200,ホビナビ 楽天市場店,https://item.rakuten.co.jp/hobinavi/rh-9h-film-cl/?rafcid=wsc_i_is_c786838f-2c0a-4f11-8d08-7c1b7cb64c88
2026-06-15 10:53:30,スマホアクセサリー,新品,【 期間限定ポイント5倍! !】【 2枚セット / 楽天1位獲得!!】ガラスフィルム 保護フィルム iPhone フィルム iPhone17 Air iPhone16 16e iPhone15 iPh,1180,JOY-SHOP,https://item.rakuten.co.jp/auc-infuc/wms_glass-film001/?rafcid=wsc_i_is_c786838f-2c0a-4f11-8d08-7c1b7cb64c88
2026-06-15 10:53:30,スマホアクセサリー,新品,2枚入り★20%OFF【楽天1位】 iPhone ガラスフィルム iPhone 17e 保護 フィルム iPhone16 iPhone15 フィルム 15Pro 15ProMax 保護フィルム iPh,1180,RISUKAI,https://item.rakuten.co.jp/auc-risukai/t148-/?rafcid=wsc_i_is_c786838f-2c0a-4f11-8d08-7c1b7cb64c88
2026-06-15 10:53:30,スマホアクセサリー,新品,エレコム iPhone SE 第3世代 / 第2世代 ガラスフィルム ゴリラ 0.21mm 4.7インチ iPhoneSE アイフォン SE3 / SE2 / 8/7/6s/6 液晶 保護 ガラス フ,2180,エレコムダイレクトショップ,https://item.rakuten.co.jp/elecom/4549550243131/?rafcid=wsc_i_is_c786838f-2c0a-4f11-8d08-7c1b7cb64c88
2026-06-15 10:53:30,スマホアクセサリー,新品,AQUOS sense10 カメラ保護フィルム AQUOS sense9 カメラフィルム AQUOS sense8 ガラスフィルム sense7 plus R9 pro カメラ フィルム R8 カメラ,1000,叶kanae,https://item.rakuten.co.jp/i-kanae/k-aqse4rgl/?rafcid=wsc_i_is_c786838f-2c0a-4f11-8d08-7c1b7cb64c88
2026-06-15 10:53:30,スマホアクセサリー,新品,iPhone17 Pro iPhone17e ガラスフィルム ブルーライトカット iphone16e ガラスフィルム 透明 ブルーライト iphone15 フィルム iPhone16 保護フィルム ブ,1480,MY WAY SMART 楽天市場店,https://item.rakuten.co.jp/mywaysmart/apip-figl-or-blc/?rafcid=wsc_i_is_c786838f-2c0a-4f11-8d08-7c1b7cb64c88
2026-06-15 10:53:30,スマホアクセサリー,新品,【4枚セット 覗きみ防止 ブルーライトカット 液晶保護 2枚 カメラ保護 2枚】 iPhone ガラスフィルム iPhone17e iPhone17 iPhone17Pro iPhone16e iPh,1480,スマホグッズ専門店ステラケース,https://item.rakuten.co.jp/stellacase/4p-iphone-pbc01/?rafcid=wsc_i_is_c786838f-2c0a-4f11-8d08-7c1b7cb64c88
2026-06-15 10:53:30,スマホアクセサリー,新品,iPhone SE SE3 SE2 フィルム 高光沢 カメラフィルム付 指紋防止キズ防止 防汚 気泡消失割れない 日本製 ASDEC アスデック ASH-IPN21,792,モバイルフィルム 楽天市場店,https://item.rakuten.co.jp/mobilefilm/ash-ipn21/?rafcid=wsc_i_is_c786838f-2c0a-4f11-8d08-7c1b7cb64c88
2026-06-15 10:53:30,スマホアクセサリー,新品,AQUOS sense10 フィルム 全面保護 AQUOS sense9 ガラスフィルム AQUOS sense8 保護フィルム sense7 sense6s sense6 sense5G sense,1280,叶kanae,https://item.rakuten.co.jp/i-kanae/k-aqglbk/?rafcid=wsc_i_is_c786838f-2c0a-4f11-8d08-7c1b7cb64c88
2026-06-15 10:53:30,スマホアクセサリー,新品,Galaxy ガラスフィルム 保護フィルム 強化ガラス フィルム S26 S26Ultra S25 S25Ultra S24 S24FE S24Ultra S23 S23FE S23Ultra S22,1280,スマホグッズ専門店ステラケース,https://item.rakuten.co.jp/stellacase/y-ze-galaxy/?rafcid=wsc_i_is_c786838f-2c0a-4f11-8d08-7c1b7cb64c88
2026-06-15 10:53:30,スマホアクセサリー,新品,Galaxy S26 フィルム S26 Ultra フィルム Galaxy フィルム 保護フィルム GalaxyS26 GalaxyS26 Ultra ギャラクシー フィルム S25 Ultra 保護,1480,MY WAY SMART 楽天市場店,https://item.rakuten.co.jp/mywaysmart/gn-2shl-kchj/?rafcid=wsc_i_is_c786838f-2c0a-4f11-8d08-7c1b7cb64c88
2026-06-15 10:53:30,スマホアクセサリー,新品,arrows We2 強化ガラスフィルム 富士通スマホ arrows We2 F-52E docomo 液晶保護ガラスシール arrows We2 FCG02 クリア仕様 高透過率 ラウンドエッジ加工,780,アークショップ 楽天市場店,https://item.rakuten.co.jp/arcshop/arc-1723/?rafcid=wsc_i_is_c786838f-2c0a-4f11-8d08-7c1b7cb64c88
2026-06-15 10:53:30,スマホアクセサリー,新品,【 365日完全保証 ・ ブルーライトカット 】 iPhone17 Pro Max ガラスフィルム iPhoneAir iPhone16 16e Pro Max フィルム iPhone15 iPhon,1000,aPanda,https://item.rakuten.co.jp/apanda/9hblue-iphone-zj/?rafcid=wsc_i_is_c786838f-2c0a-4f11-8d08-7c1b7cb64c88
2026-06-15 10:53:30,スマホアクセサリー,新品,iPhone SE3 SE2 iPhone8 iPhone7 iPhone6s 共用 ガラスフィルム 平面保護 ブルーライトカット 高光沢 高透明 クリア 干渉しない 干渉レス 薄型 0.2mm 硬度,1280,【ラスタバナナ】の飾り屋,https://item.rakuten.co.jp/keitai-kazariya/ge3301ip247/?rafcid=wsc_i_is_c786838f-2c0a-4f11-8d08-7c1b7cb64c88
2026-06-15 10:53:30,スマホアクセサリー,新品,【覗き見防止】 iPhone12 ガラスフィルム 反射防止 保護フィルム 10H ガラスザムライ プライバシー保護 液晶保護フィルム アイフォン iPhone 12 ゲーム TP01,1380,Bridge Store 楽天市場店,https://item.rakuten.co.jp/bridge-store/282-nzb/?rafcid=wsc_i_is_c786838f-2c0a-4f11-8d08-7c1b7cb64c88
2026-06-15 10:53:30,スマホアクセサリー,新品,【アンチグレア】 iPhone17 ガラスフィルム iPhone17 pro フィルム iPhone17e 保護フィルム iPhone16e フィルム iPhone17 pro Max iPhone1,1380,shizukawill(シズカウィル),https://item.rakuten.co.jp/shizuka-will-/ap-angl/?rafcid=wsc_i_is_c786838f-2c0a-4f11-8d08-7c1b7cb64c88
2026-06-15 10:53:30,スマホアクセサリー,新品,Xperia 10VI 保護フィルム Xperia 1 VIII Xperia 1VII 10VII 10VI 1VI ガラスフィルム Xperia 5V 5 IV フィルム Xperia 10 V ,980,HANARO-SHOP 楽天市場店,https://item.rakuten.co.jp/hanaro/xperia-film/?rafcid=wsc_i_is_c786838f-2c0a-4f11-8d08-7c1b7cb64c88
2026-06-15 10:53:30,スマホアクセサリー,新品,楽天1位【2個目半額クーポン】急速充電器 ACアダプター iphone 充電器 type-c 充電器 ケーブルセット pd充電器 20W USB PD 対応 PSE認証 iPhone充電ケーブル us,1280,OKUTA ダイレクト楽天市場店,https://item.rakuten.co.jp/besthouse/ot-ac01/?rafcid=wsc_i_is_c786838f-2c0a-4f11-8d08-7c1b7cb64c88
2026-06-15 10:53:30,スマホアクセサリー,新品,【最強翌日配送】iPhone スマホ ケーブル一体型 急速充電 Type-C 充電器 2A 1.5mケーブル スマートフォン Android 簡単 すぐ使える ゆうパケット 簡易包装 送料無料 適格領,1180,王様の充電器,https://item.rakuten.co.jp/okw/012tc351/?rafcid=wsc_i_is_c786838f-2c0a-4f11-8d08-7c1b7cb64c88
2026-06-15 10:53:30,スマホアクセサリー,新品,【楽天ランキング1位】 スマホ 充電器 タイプc 急速充電 Type-C スマホ充電器タイプC タイプシー充電器 type-c 充電器可愛い 充電器タイプc 高速 20W ACアダプター AC充電器 ,2080,いーこね,https://item.rakuten.co.jp/e-conne/jx-ac-135b/?rafcid=wsc_i_is_c786838f-2c0a-4f11-8d08-7c1b7cb64c88
2026-06-15 10:53:30,スマホアクセサリー,新品,★感謝SALE・クーポンで40％OFF以上〜 ★ PD 充電器 スマホ iPad 急速充電器 ACアダプター 18W 20W iPhone16 15 14 Quick Charge 3.0 100-2,1099,ミミ&ペット,https://item.rakuten.co.jp/mimipet/pd1/?rafcid=wsc_i_is_c786838f-2c0a-4f11-8d08-7c1b7cb64c88
2026-06-15 10:53:30,スマホアクセサリー,新品,P倍倍★1位6冠 正規品 モバイルバッテリー 超マット加工 PSE認証【200円offクーポン2個目に使える】大容量 小型 軽量 ミニ iPhone 急速充電 タイプc ケーブル ケーブル内蔵 And,1460,ケースbyケース,https://item.rakuten.co.jp/case-by-case/3017/?rafcid=wsc_i_is_c786838f-2c0a-4f11-8d08-7c1b7cb64c88
2026-06-15 10:53:30,スマホアクセサリー,新品,NTTドコモ ドコモ純正 ACアダプタ 08 Type-C 最大45W 高速充電 異常検知機能 iPhone Android Nintendo Switch スイッチ対応 AMD39027,3199,ひかりTVショッピング 楽天市場店,https://item.rakuten.co.jp/hikaritv/2010103265/?rafcid=wsc_i_is_c786838f-2c0a-4f11-8d08-7c1b7cb64c88
2026-06-15 10:53:30,スマホアクセサリー,新品,USB 充電器 15W出力 20W出力 30W出力 タイプC 1.5m PD QC 急速充電 コンセント ノートPC アンドロイド スマートフォン ACアダプター ケーブル 一体型 薄型 USB-Aポ,1780,スマホ充電器のKYOHAYA楽天市場店,https://item.rakuten.co.jp/kyohaya/jkac3015c2/?rafcid=wsc_i_is_c786838f-2c0a-4f11-8d08-7c1b7cb64c88
2026-06-15 10:53:30,スマホアクセサリー,新品,"【iPhone17シリーズ対応】＼スマホ1位★89%OFF&P2倍→1,452円／モバイルバッテリー iPhone Android 軽量 小型 MFi認証品 LED残量表示 5000mAh Light",1580,GraceVally 楽天市場店,https://item.rakuten.co.jp/gracevally/grace-xpb/?rafcid=wsc_i_is_c786838f-2c0a-4f11-8d08-7c1b7cb64c88
2026-06-15 10:53:30,スマホアクセサリー,新品,P9倍 楽天1位【30分で65%まで充電 GaN搭載】急速充電器 ケーブル セット PSE認証 充電器 急速 タイプc acアダプター タイプcケーブル ライトニングケーブル 充電ケーブル andro,1090,ケースbyケース,https://item.rakuten.co.jp/case-by-case/1000-2/?rafcid=wsc_i_is_c786838f-2c0a-4f11-8d08-7c1b7cb64c88
2026-06-15 10:53:30,スマホアクセサリー,新品,【2点セット★2個目半額OFF】iphone 急速充電器 ケーブル セット 20W 急速充電器 2ポート iphone17充電器 iphone 充電 コード 純正 タイプCケーブル pd充電器 PD対,1380,プロゼロ,https://item.rakuten.co.jp/akiya/tan-3216-seto-ayx/?rafcid=wsc_i_is_c786838f-2c0a-4f11-8d08-7c1b7cb64c88
2026-06-15 10:53:30,スマホアクセサリー,新品,★6/15 23:59まで！クーポンで最安648円★ 「日本経産省届出済み・安心」iPhone 充電器 ケーブルセット PD充電器 20W 急速充電器 iPad 充電器 PD対応 ACアダプター 充電,799,RISUKAI,https://item.rakuten.co.jp/auc-risukai/t265-/?rafcid=wsc_i_is_c786838f-2c0a-4f11-8d08-7c1b7cb64c88
2026-06-15 10:53:30,スマホアクセサリー,新品,iphone 充電器 ケーブルセット PD充電器 20W 急速充電器 30分で60%まで急速充電 タイプC充電器 スマホ 充電器 iphone 充電 コード 純正 1m 2m i phone 充電器 ,880,プロゼロ,https://item.rakuten.co.jp/akiya/cha-004-s/?rafcid=wsc_i_is_c786838f-2c0a-4f11-8d08-7c1b7cb64c88
2026-06-15 10:53:30,スマホアクセサリー,新品,【5冠楽天1位 mitas公式】Type-C ACアダプター 1.5m スマホ 急速 充電器 くすみカラー ACアダプタ 急速充電 ケーブル一体型 一体型 最大2A アンドロイド android スマ,1640,mitas ショップレビュー13万件,https://item.rakuten.co.jp/oobikiyaking/1709/?rafcid=wsc_i_is_c786838f-2c0a-4f11-8d08-7c1b7cb64c88
2026-06-15 10:53:30,スマホアクセサリー,新品,"Anker 523 Charger (Nano 3, 47W) USB PD USB-C 急速充電器【PowerIQ 3.0 (Gen2)搭載/PSE技術基準適合/折りたたみ式プラグ】iPhone 1",3990,アンカー・ダイレクト楽天市場店,https://item.rakuten.co.jp/anker/a2039/?rafcid=wsc_i_is_c786838f-2c0a-4f11-8d08-7c1b7cb64c88
2026-06-15 10:53:30,スマホアクセサリー,新品,【P3倍】タイプC【楽天1位】今売れに売れてる!! 選べる3本セット 急速 android / iphone 充電 ケーブル 充電ケーブル iphone 充電コード usb-c 0.25m 1m 2m,1050,ケースbyケース,https://item.rakuten.co.jp/case-by-case/1-956-2/?rafcid=wsc_i_is_c786838f-2c0a-4f11-8d08-7c1b7cb64c88
2026-06-15 10:53:30,スマホアクセサリー,新品,【安心の30日保証付き】 【全機種対応】 iphone 充電 ケーブル 充電器 タイプCケーブル タイプBケーブル 50cm 1m 2m 3m アイフォン 携帯充電器 スマホ 充電 急速充電 充電コー,150,TSUDOI 楽天市場店,https://item.rakuten.co.jp/cigar-shop/lightning1-1/?rafcid=wsc_i_is_c786838f-2c0a-4f11-8d08-7c1b7cb64c88
2026-06-15 10:53:30,スマホアクセサリー,新品,オシャモバ正規品【モバイルバッテリー 5000mAh usbc 軽量 小型 名入れ iFace対応 ミニ iPhone モバイル充電器 ケーブル内蔵 大容量 バッテリー 軽い かわいい くすみカラー ,1180,La Chou Chou,https://item.rakuten.co.jp/corsage/1005-174_2/?rafcid=wsc_i_is_c786838f-2c0a-4f11-8d08-7c1b7cb64c88
2026-06-15 10:53:30,スマホアクセサリー,新品,Anker PowerPort 4 USB急速充電器 40W4ポート マルチポート 折りたたみ式プラグ搭載 海外対応 アダプター【PowerIQ & VoltageBoost搭載】(ブラック・ホワイト,2990,アンカー・ダイレクト楽天市場店,https://item.rakuten.co.jp/anker/power-port-4/?rafcid=wsc_i_is_c786838f-2c0a-4f11-8d08-7c1b7cb64c88
2026-06-15 10:53:30,スマホアクセサリー,新品,"Anker 511 Charger (Nano 3, 30W) (USB PD 充電器 USB-C)【USB PD 対応 / PSE技術基準適合 / PPS規格対応】MacBook USB PD対応W",2790,アンカー・ダイレクト楽天市場店,https://item.rakuten.co.jp/anker/a2147/?rafcid=wsc_i_is_c786838f-2c0a-4f11-8d08-7c1b7cb64c88
2026-06-15 10:53:30,スマホアクセサリー,新品,USB充電器 2ポート iPhone Android 3.4A 2台同時 急速充電 スマートフォン iphone13 iPhoneSE AQUOS xperia Galaxy Swich 対応 CHA,1280,スマホ充電器のKYOHAYA楽天市場店,https://item.rakuten.co.jp/kyohaya/jkiq3400/?rafcid=wsc_i_is_c786838f-2c0a-4f11-8d08-7c1b7cb64c88
2026-06-15 10:53:30,スマホアクセサリー,新品,【P3倍】ライトニング【楽天1位】今売れに売れてる!! 選べる3本セット 急速 30分50％ iphone 充電ケーブル 充電器 コード 高品質【レビューで10%offクーポン】0.25m 1m 1.,1050,ケースbyケース,https://item.rakuten.co.jp/case-by-case/1-504-2/?rafcid=wsc_i_is_c786838f-2c0a-4f11-8d08-7c1b7cb64c88
2026-06-15 10:53:30,スマホアクセサリー,新品,Anker PowerPort 2 Elite (24W 2ポート USB充電器)【PSE認証済/PowerIQ搭載/折りたたみ式プラグ搭載】 iPhone/iPad/Galaxy / Xperia ,2590,アンカー・ダイレクト楽天市場店,https://item.rakuten.co.jp/anker/a2023/?rafcid=wsc_i_is_c786838f-2c0a-4f11-8d08-7c1b7cb64c88
2026-06-15 10:53:30,スマホアクセサリー,新品,【正規代理店】 エレコム MPA-ACC01WF AC充電器 Type-Cケーブル一体型 長寿命設計 2.4A出力 1.5m ホワイトフェイス ELECOM 1年保証 ケーブル スマートフォン モバイ,1674,ウルマックス 楽天市場店,https://item.rakuten.co.jp/auc-ulmax/4953103352186/?rafcid=wsc_i_is_c786838f-2c0a-4f11-8d08-7c1b7cb64c88
2026-06-15 10:53:30,スマホアクセサリー,新品,★感謝SALE・クーポンで40％OFF以上〜 ★ PD 充電器 スマホ iPad 急速充電器 ACアダプター 18W 20W iPhone16 15 14 Quick Charge 3.0 100-2,1099,サロン HANA,https://item.rakuten.co.jp/salonhana/pd1/?rafcid=wsc_i_is_c786838f-2c0a-4f11-8d08-7c1b7cb64c88
2026-06-15 10:53:30,スマホアクセサリー,新品,【6月15日P5倍】充電器 アダプタ usb充電器 2.4A2ポート 自動識別 ACアダプタ USB充電器 安全充電 2台充電 保護回路を搭載 スマホ タブレット ノートパソコン ゲーム機 【▲】/2,640,威風堂,https://item.rakuten.co.jp/ifdltd/4560348444486/?rafcid=wsc_i_is_c786838f-2c0a-4f11-8d08-7c1b7cb64c88
2026-06-15 10:53:30,スマホアクセサリー,新品,【楽天1位 家電雑誌掲載】USB-Type-C 充電ケーブル 1m 2m 3A 急速充電 USB3.0 変換 タイプc typec USB-C usbc USB-A android Xperia Ga,698,メンズベルト・USB機器SAVILEMAN,https://item.rakuten.co.jp/savileman/usb-type-c-usbc-cable/?rafcid=wsc_i_is_c786838f-2c0a-4f11-8d08-7c1b7cb64c88
2026-06-15 10:53:30,スマホアクセサリー,新品,Anker Nano Charger (20W) PD 20W USB-C 急速充電器【PSE技術基準適合/PowerIQ 3.0 (Gen2)搭載】iPhone Android その他各種機器対応,1690,アンカー・ダイレクト楽天市場店,https://item.rakuten.co.jp/anker/a2637/?rafcid=wsc_i_is_c786838f-2c0a-4f11-8d08-7c1b7cb64c88
2026-06-15 10:53:30,スマホアクセサリー,新品,Pixel 9 9a 9Pro XL 半年保証 LG android One スマホ 充電器 Type-C ケーブル 一体型 急速充電 高速充電 20W AC充電器 1.5m スマートフォン ACアダ,2080,オールモデルズ 楽天市場店,https://item.rakuten.co.jp/allmodels/jx-ac-135b-1-4/?rafcid=wsc_i_is_c786838f-2c0a-4f11-8d08-7c1b7cb64c88
2026-06-15 10:53:30,スマホアクセサリー,新品,【ふるさと納税】Owltech(オウルテック) 最大PD20W出力 GaN採用 USB Type-C×1 USB Type-A×1 AC充電器 OWL-APD20C1A1G【 神奈川県 海老名市 】,7000,神奈川県海老名市,https://item.rakuten.co.jp/f142158-ebina/9-0400/?rafcid=wsc_i_is_c786838f-2c0a-4f11-8d08-7c1b7cb64c88
2026-06-15 10:53:30,スマホアクセサリー,新品,【楽天マラソン限定★ポイント5倍】USB 充電器 コンセント ACアダプター 2A急速充電 軽量 超小型 コンパクト USB Type-C USB Linghting USB micro アダプタ ス,798,彩睿本舗,https://item.rakuten.co.jp/saieistore/435-1/?rafcid=wsc_i_is_c786838f-2c0a-4f11-8d08-7c1b7cb64c88
2026-06-15 10:53:30,スマホアクセサリー,新品,スマートタップ 4ポート ACアダプター USBタップ USBアダプター 急速 ACアダプタ コンセント タップ usb 4口 6.0A 充電器 チャージャー USB充電器 コンセント 2口 1400,3330,TK-JIANG,https://item.rakuten.co.jp/takara-jiang/jiang-tap03/?rafcid=wsc_i_is_c786838f-2c0a-4f11-8d08-7c1b7cb64c88
2026-06-15 10:53:30,スマホアクセサリー,新品,"【クーポンで1,680円】＼容量2倍UP↑／ モバイルバッテリー 大容量 軽量 小型 12000mAh iPhone15 ケーブル内蔵 2.1A 急速充電 2台同時充電 コンパクト コードレス And",2180,ASKRTECH,https://item.rakuten.co.jp/askrtech/cdb-d57/?rafcid=wsc_i_is_c786838f-2c0a-4f11-8d08-7c1b7cb64c88
2026-06-15 10:53:30,スマホアクセサリー,新品,USB充電器 2ポート PD急速充電 3.4A Type-C＋USB-A 折りたたみ式プラグ iPhone Android 対応 100〜240V 海外対応 軽量 コンパクト USBアダプター【ネコポ,1000,未来プラスショップ,https://item.rakuten.co.jp/itoplus/10002-151/?rafcid=wsc_i_is_c786838f-2c0a-4f11-8d08-7c1b7cb64c88
2026-06-15 10:53:30,スマホアクセサリー,新品,【6ヶ月間の保証付き】 iPhone 17 17e スマホ 充電器 コンセント Type-C タイプC ケーブル 急速充電 高速充電 一体型 ケーブル内蔵 20W AC充電器 1.5m スマートフォン,2080,オールモデルズ 楽天市場店,https://item.rakuten.co.jp/allmodels/jx-ac-135b/?rafcid=wsc_i_is_c786838f-2c0a-4f11-8d08-7c1b7cb64c88
2026-06-15 10:53:30,スマホアクセサリー,新品,「楽天1位★2点セット」「30分で60％まで充電」充電器 iphone ケーブルセット 30分で60％まで充電 急速充電器 android タイプc type-C 電源アダプター PD充電器 スマホ ,1380,ASUKA Supply,https://item.rakuten.co.jp/asukapainting/cdqsjx/?rafcid=wsc_i_is_c786838f-2c0a-4f11-8d08-7c1b7cb64c88
2026-06-15 10:53:30,スマホアクセサリー,新品,【サマーセール32%OFFクーポン】☆楽天1位 UGREEN 充電器 (30W 2*USB-C+1*USB-A)【PSE適合/PD3.0対応/30W急速充電/コンパクトデザイン】 iPhone/And,2180,UGREEN公式楽天市場店,https://item.rakuten.co.jp/ugreen-gear/55537/?rafcid=wsc_i_is_c786838f-2c0a-4f11-8d08-7c1b7cb64c88
2026-06-15 10:53:30,スマホアクセサリー,新品,【mitas公式】 ACアダプター 20W Type-C ケーブルセット USB充電器 PD 急速 2ポート タイプc Type-A 2口 チャージャー PSE認証 コンセント AC充電器 くすみカラ,1899,mitas ショップレビュー13万件,https://item.rakuten.co.jp/oobikiyaking/2mset-1685/?rafcid=wsc_i_is_c786838f-2c0a-4f11-8d08-7c1b7cb64c88
2026-06-15 10:53:30,スマホアクセサリー,新品,"23連冠【COUPONで2,190円・超お得SALE】 モバイルバッテリー 大容量 軽量 40000mAh 22.5W 急速充電 3台同時充電 30,0000+累計販売 小型 携帯充電器 SCP22.",3390,夢の森,https://item.rakuten.co.jp/yumenomori/p1t05cdbhe/?rafcid=wsc_i_is_c786838f-2c0a-4f11-8d08-7c1b7cb64c88
2026-06-15 10:53:30,スマホアクセサリー,新品,楽天1位【30分で65%まで充電 / 急速GaN搭載】急速充電器 ケーブル セット 充電器タイプc タイプcケーブル ライトニングケーブル 充電ケーブル iphone 充電器 android 急速 タ,1090,ケースbyケース,https://item.rakuten.co.jp/case-by-case/3013-set/?rafcid=wsc_i_is_c786838f-2c0a-4f11-8d08-7c1b7cb64c88
2026-06-15 10:53:30,スマホアクセサリー,新品,【楽天1位】モバイルバッテリー iphone アンドロイド 専用 かわいい 多機種対応 ライトニング タイプC 軽量 大容量 小型 Lightning type-c 2.4A 一体型 Android ,1678,one-more,https://item.rakuten.co.jp/fukuroyuri/bateri-hkl/?rafcid=wsc_i_is_c786838f-2c0a-4f11-8d08-7c1b7cb64c88
2026-06-15 10:53:30,スマホアクセサリー,新品,【楽天1位 mitas公式】 Type-C ACアダプター 20W 急速 充電器 PD対応 USB Type-Aポート付き タイプC ケーブル一体型 ACアダプター 高速 スマホ ゲーム機 タブレット,2299,mitas ショップレビュー13万件,https://item.rakuten.co.jp/oobikiyaking/4518707115768e/?rafcid=wsc_i_is_c786838f-2c0a-4f11-8d08-7c1b7cb64c88
2026-06-15 10:53:30,スマホアクセサリー,新品,【新商品】iPhone モバイルバッテリー 5000mAh 急速充電バッテリー 残量表示 22.5w モバイルバッテリー 大容量 ケーブル内蔵 直接充電 Lightning Type-c 小型 かわい,1980,OKUTA ダイレクト楽天市場店,https://item.rakuten.co.jp/besthouse/ot-ac05/?rafcid=wsc_i_is_c786838f-2c0a-4f11-8d08-7c1b7cb64c88
2026-06-15 10:53:30,スマホアクセサリー,新品,1.5mケーブル一体型だからコンセントに挿すだけ簡単 スマホ充電器 Type-C USB1ポート付き 2.4A アンドロイド iPhoneブラック ホワイト ピンク okwacu-10c24w ゆうパ,1180,王様の充電器,https://item.rakuten.co.jp/okw/okwacu-10c24w/?rafcid=wsc_i_is_c786838f-2c0a-4f11-8d08-7c1b7cb64c88
2026-06-15 10:53:30,スマホアクセサリー,新品,スマホ充電器 コンセントタイプC USB Type-C to Type-Cケーブル＋USB-ACアダプタセット タイプC 1m USB 充電ケーブル スマホ スマートフォン 充電器 USBケーブル 充,1000,スマホケースや雑貨のウォッチミー,https://item.rakuten.co.jp/watch-me/wm-849-u060/?rafcid=wsc_i_is_c786838f-2c0a-4f11-8d08-7c1b7cb64c88
2026-06-15 10:53:30,スマホアクセサリー,新品,充電器 Type-C android 2ポート 2.4A 2台同時 急速充電器 スマホ xperia xz galaxy s8 aquos r v20 pro pixel xl nexus6p 各種対,1280,スマホ充電器のKYOHAYA楽天市場店,https://item.rakuten.co.jp/kyohaya/jkiq80cwh/?rafcid=wsc_i_is_c786838f-2c0a-4f11-8d08-7c1b7cb64c88
2026-06-15 10:53:30,スマホアクセサリー,新品,【2個セット】Anker PowerPort mini（USB充電器 12W 2ポート）【PSE技術基準適合/折りたたみ式プラグ/PowerIQ/超コンパクトサイズ 】iPhone iPad Andr,2490,アンカー・ダイレクト楽天市場店,https://item.rakuten.co.jp/anker/b2620/?rafcid=wsc_i_is_c786838f-2c0a-4f11-8d08-7c1b7cb64c88
2026-06-15 10:53:30,スマホアクセサリー,新品,【30分最大80%まで充電】iPhone 17 ケーブルセット 30W iPhone 充電 タイプc スマホ 3ポート充電器 USB androidスマホ充電器 iPhone17 16 15 14 P,1250,ルクラス,https://item.rakuten.co.jp/lukurasu/t717-/?rafcid=wsc_i_is_c786838f-2c0a-4f11-8d08-7c1b7cb64c88
2026-06-15 10:53:30,スマホアクセサリー,新品,45W【高性能チップGaN搭載】コンパクト 急速 充電器 スマホ ノートパソコン PC 対応 USB-C【PD対応/PSE認証/折りたたみ式プラグ】MacBook iPad iPhone アンドロイド,2660,ケースbyケース,https://item.rakuten.co.jp/case-by-case/3012/?rafcid=wsc_i_is_c786838f-2c0a-4f11-8d08-7c1b7cb64c88
2026-06-15 10:53:30,スマホアクセサリー,新品,スマホ充電器 コンセントタイプC USB Type-C to Type-Cケーブル＋USB-ACアダプタセット タイプC 1m USB 充電ケーブル スマホ スマートフォン 充電器 USBケーブル 充,1000,スマホケースや雑貨のウォッチミー,https://item.rakuten.co.jp/watch-me/wm-849-u060_1/?rafcid=wsc_i_is_c786838f-2c0a-4f11-8d08-7c1b7cb64c88
2026-06-15 10:53:30,スマホアクセサリー,新品,"＼衝撃2,990円★赤字クーポンで／ P5倍 【楽天1位】 ソーラー充電器 23800mAh 5台同時充電 モバイルバッテリー 大容量 軽量 太陽能 充電器 薄型 2台同時充電 スマホ充電器 携帯充電",3990,レインボー商事,https://item.rakuten.co.jp/rainbowshoji/taiyang-15000mah/?rafcid=wsc_i_is_c786838f-2c0a-4f11-8d08-7c1b7cb64c88
2026-06-15 10:53:30,スマホアクセサリー,新品,【6冠楽天1位 mitas公式】急速充電器 2.4A 最大12W くすみカラー ACアダプター 2ポート USB スマートIC 充電器 チャージャー PSE認証 USB充電器 AC充電器 Type-c,1100,mitas ショップレビュー13万件,https://item.rakuten.co.jp/oobikiyaking/1685/?rafcid=wsc_i_is_c786838f-2c0a-4f11-8d08-7c1b7cb64c88
2026-06-15 10:53:30,スマホアクセサリー,新品,【高評価4.5点超え＆1年安心保証】ACアダプター USB充電器 3ポート 折り畳み式 スマホ充電器 Quick Charge 3.0 QC3.0 急速充電器ト USB コンセント iPhone 充電,1080,プロゼロ,https://item.rakuten.co.jp/akiya/charger-0151/?rafcid=wsc_i_is_c786838f-2c0a-4f11-8d08-7c1b7cb64c88
2026-06-15 10:53:30,スマホアクセサリー,新品,充電ケーブル タイプC 高速 スパイラルケーブル 巻き取り マグネット ケーブル 1m 2m USB Type-C USB-C USB-PD3.1 iPhone16 iPhone Android iP,1780,ホビナビ 楽天市場店,https://item.rakuten.co.jp/hobinavi/code-mf-100/?rafcid=wsc_i_is_c786838f-2c0a-4f11-8d08-7c1b7cb64c88
2026-06-15 10:53:30,スマホアクセサリー,新品,【持てる冷却力、急速の極み！】iPhone 17 PD 充電器 ケーブルセット 30W 急速充電器 Type-C 充電器 iPhone16e 充電器 ライトニング ケーブル iPhone 充電コード ,978,RISUKAI,https://item.rakuten.co.jp/auc-risukai/v-k03-01/?rafcid=wsc_i_is_c786838f-2c0a-4f11-8d08-7c1b7cb64c88
2026-06-15 10:53:30,スマホアクセサリー,新品,クーポンで500円OFF！PD65W 急速充電 3ポート 多摩電子工業 日本メーカー公式 USB-C iPhone MacBook コンセントアダプタ ノートPC ビジネス 春色カラバリ 推し色 Wi,2930,多摩電子工業ダイレクト楽天市場店,https://item.rakuten.co.jp/tamadenco/pr-ap146uc2/?rafcid=wsc_i_is_c786838f-2c0a-4f11-8d08-7c1b7cb64c88
2026-06-15 10:53:30,スマホアクセサリー,新品,【クーポンで最大10%OFF】iPhone17 対応 充電ケーブル type-c 1m 1.5m 2m 3m 0.25m 0.5m タイプC Type-C USB 充電コード 充電器 高速充電 and,398,GARAGE COLLECTION,https://item.rakuten.co.jp/weiwei/ctbl/?rafcid=wsc_i_is_c786838f-2c0a-4f11-8d08-7c1b7cb64c88
2026-06-15 10:53:30,スマホアクセサリー,新品,【半年保証】 Xperia AQUOS スマホ 充電器 Type-C ケーブル 一体型 急速充電 高速充電器 20W 1.5m スマートフォン ACアダプター 持ち運び スマホ タブレット ケーブル一,2080,オールモデルズ 楽天市場店,https://item.rakuten.co.jp/allmodels/jx-ac-135b-1/?rafcid=wsc_i_is_c786838f-2c0a-4f11-8d08-7c1b7cb64c88
2026-06-15 10:53:30,スマホアクセサリー,新品,オシャモバ正規品【モバイルバッテリー 軽量 type-c usbc 小型 大容量 名入れ 卒業記念 記念品 プレゼント #OSHAMOBA iPhone 10000mAh ケーブル内蔵 薄型 薄い 軽,1680,La Chou Chou,https://item.rakuten.co.jp/corsage/1005-129_2/?rafcid=wsc_i_is_c786838f-2c0a-4f11-8d08-7c1b7cb64c88
2026-06-15 10:53:30,スマホアクセサリー,新品,1.5mケーブル一体型充電器 Type-C iPhone スマホ 2A出力 アンドロイド 6か月保証 ブラック ホワイト ピンク ゆうパケット 送料無料 簡易包装 アウトレット 適格領収書発行可能 タ,1180,王様の充電器,https://item.rakuten.co.jp/okw/ecb000125/?rafcid=wsc_i_is_c786838f-2c0a-4f11-8d08-7c1b7cb64c88
2026-06-15 10:53:30,スマホアクセサリー,新品,モバイルバッテリー 携帯バッテリー スマホ充電器 大容量 iPhone17/16充電 12000mAh 小型 急速充電器 【PSE認証済】 残量表示 3台同時充電 iPhone/iPad/Androi,1380,愛度楽天市場店,https://item.rakuten.co.jp/aidort/slub-592a2/?rafcid=wsc_i_is_c786838f-2c0a-4f11-8d08-7c1b7cb64c88
2026-06-15 10:53:30,スマホアクセサリー,新品,iPhone 17 17e スマホ充電器 コンセント 急速 充電器 タイプc充電器 スマホ Type-C スマホ急速充電 タイプシー充電器 USBポート付き 充電器ACアダプタ 充電器タイプc タイプ,2180,オールモデルズ 楽天市場店,https://item.rakuten.co.jp/allmodels/type-c-usb/?rafcid=wsc_i_is_c786838f-2c0a-4f11-8d08-7c1b7cb64c88
2026-06-15 10:53:30,スマホアクセサリー,新品,充電器 Type-C USB-C 急速充電器 20W C to C ケーブル 1m 付き Power Delivery 3.0 Quick Charge 3.0 対応 PSE認証 AC充電器 iPad,1380,スマホ充電器のKYOHAYA楽天市場店,https://item.rakuten.co.jp/kyohaya/jkpd20c1cc/?rafcid=wsc_i_is_c786838f-2c0a-4f11-8d08-7c1b7cb64c88
2026-06-15 10:53:30,スマホアクセサリー,新品,AC充電器 ケーブルセット 20W 2ポート Apple認証品 iPhone 充電器 急速充電 ライトニングケーブル USB A type C 電源コンセント pd QC3.0 ACアダプター ipa,1180,Detoxify,https://item.rakuten.co.jp/kisiya/4571552421187-1014/?rafcid=wsc_i_is_c786838f-2c0a-4f11-8d08-7c1b7cb64c88
2026-06-15 10:53:30,スマホアクセサリー,新品,ACアダプター USB充電器 2A 高速充電 iPhone17/16/15充電可 高品質 PSE認証 USB電源アダプター スマホ充電器 ACコンセント アンドロイド チャージャ 急速 超高出力 IO,798,明誠ショップ,https://item.rakuten.co.jp/meisei/435a1/?rafcid=wsc_i_is_c786838f-2c0a-4f11-8d08-7c1b7cb64c88
2026-06-15 10:53:30,スマホアクセサリー,新品,【2本目半額】GaNII窒化ガリウム 急速充電器 USB-A USB-C GaN 20W 30W 45W 65W 100W PD QC4.0 PPS USB充電器 同時充電 小型 軽量 usb Typ,1000,MSL FORCE公式楽天市場店,https://item.rakuten.co.jp/sunivision/msl/?rafcid=wsc_i_is_c786838f-2c0a-4f11-8d08-7c1b7cb64c88
2026-06-15 10:53:30,スマホアクセサリー,新品,ACアダプター PD 充電器 20W USB-C 電源アダプター iPhone17/16/15充電可 急速充電器 USB-A+Type-C ダブル出力 ACアダプタ Type-C急速充電器 PDチャー,1198,愛度楽天市場店,https://item.rakuten.co.jp/aidort/slub-1278a1/?rafcid=wsc_i_is_c786838f-2c0a-4f11-8d08-7c1b7cb64c88
2026-06-15 10:53:30,スマホアクセサリー,新品,エレコム　ELECOM　AC充電器 2.4A出力 Type-C USB-C ケーブル同梱 1.5m USB-Aメス1ポート ホワイトフェイス　MPA-ACC23WF,1386,コジマ楽天市場店,https://item.rakuten.co.jp/r-kojima/4549550199124/?rafcid=wsc_i_is_c786838f-2c0a-4f11-8d08-7c1b7cb64c88
2026-06-15 10:53:30,スマホアクセサリー,新品,【楽天1位・30分最大50%まで充電】 iphone 充電器 iPhone16 15 iPhone14 Pro 13 12 SE ipad 急速充電器 20W 電源 アダプター アイホン 充電 タイプ,1380,保護フィルムのColorful,https://item.rakuten.co.jp/colorful999/charge-pd-pse/?rafcid=wsc_i_is_c786838f-2c0a-4f11-8d08-7c1b7cb64c88
2026-06-15 10:53:30,スマホアクセサリー,新品,【0と5のつく日20％OFF】 【2本目半額】 タイプcケーブル iphone16 iphone15 充電ケーブル cタイプケーブル タイプc iphone15 ケーブル タイプcケーブル タイプc ,784,xoxo resort style,https://item.rakuten.co.jp/xoxoxoxo/typec/?rafcid=wsc_i_is_c786838f-2c0a-4f11-8d08-7c1b7cb64c88
2026-06-15 10:53:30,スマホアクセサリー,新品,モバイルバッテリー GP2-5000 選べる10色 GSPOWER 5000mAh コンパクトサイズ 送料無料 スマホ充電器 同時充電可能 Type-C iPhone android GALAXY X,980,卸問屋ジェネシス,https://item.rakuten.co.jp/genesis-shop/gspower2-5000/?rafcid=wsc_i_is_c786838f-2c0a-4f11-8d08-7c1b7cb64c88
2026-06-15 10:53:30,スマホアクセサリー,新品,＼2点目半額／PD20W 充電器 急速 USB-C/USB-A 2ポート iPhone Android対応 iphone17充電器 type-c 急速充電器 スマホ AC充電器 急速 iPhone ア,1000,BBice(ビバイス),https://item.rakuten.co.jp/dryershop/cha-00f2/?rafcid=wsc_i_is_c786838f-2c0a-4f11-8d08-7c1b7cb64c88
2026-06-15 10:53:30,スマホアクセサリー,新品,iPhoneケーブル 長さ 0.25m 0.5m 1m 1.5m 2m 3m 急速充電 充電器 データ転送ケーブル USBケーブル iPad iPhone用 充電ケーブル iPhone17 Air 1,258,明誠ショップ,https://item.rakuten.co.jp/meisei/246/?rafcid=wsc_i_is_c786838f-2c0a-4f11-8d08-7c1b7cb64c88
2026-06-15 10:53:30,スマホアクセサリー,新品,極小超軽量 5000mAh モバイルバッテリー コンパクト 2A 急速充電 2台 同時充電 持ち運び iPhone Android | PSE認証 モバイル充電器 バッテリー 携帯充電器 携帯バッテリ,1280,HANARO-SHOP 楽天市場店,https://item.rakuten.co.jp/hanaro/acs-battery-prima5000/?rafcid=wsc_i_is_c786838f-2c0a-4f11-8d08-7c1b7cb64c88
2026-06-15 10:53:30,スマホアクセサリー,新品,【セットがお得】 コンパクト ACアダプター 2A USB充電器 PSE 5V/1A〜2A 小型家電 軽量 コンパクト 卓上家電 ミニ加湿器 ミニ扇風機 USBライト iPhone Android ス,798,LOOF楽天市場店,https://item.rakuten.co.jp/loof-shop/txac01/?rafcid=wsc_i_is_c786838f-2c0a-4f11-8d08-7c1b7cb64c88
2026-06-15 10:53:30,スマホアクセサリー,新品,【カラー限定大特価実施中！】30W充電器 1.5mケーブル 急速充電 iPhone16 android スマホ QC3.0 PD対応 ライトニングケーブル2ポート USB C コンセント ACアダプタ,1380,QISI楽天市場店,https://item.rakuten.co.jp/qisi/4571552426144-0521/?rafcid=wsc_i_is_c786838f-2c0a-4f11-8d08-7c1b7cb64c88
2026-06-15 10:53:30,スマホアクセサリー,新品,「iPhone 急速充電器&ケーブルセット」iphone 充電器 ケーブルセット 急速充電器 android タイプc type-C 電源アダプター PD充電器 スマホ 充電器 ipad 充電器 ミニ,1120,Hitidear,https://item.rakuten.co.jp/hitidear/cdqsjx/?rafcid=wsc_i_is_c786838f-2c0a-4f11-8d08-7c1b7cb64c88
2026-06-15 10:53:30,スマホアクセサリー,新品,スマホ 充電アダプター 2ポート USB 充電器 コンセント 変換アダプター ACアダプター 2口 iPhone16e iPhone17e iPhone15 iPhone14 iPhone13 iph,698,スマホケースや雑貨のウォッチミー,https://item.rakuten.co.jp/watch-me/usb005_1/?rafcid=wsc_i_is_c786838f-2c0a-4f11-8d08-7c1b7cb64c88
2026-06-15 10:53:30,スマホアクセサリー,新品,6800mAh モバイルバッテリー スマホ充電器 携帯充電器 大容量 超小型 ミニ型 超薄型 軽量 最小最軽最薄 急速充電 USB2ポート 楽々収納 コンパクト スマホ充電器 送料無料 【PL保険】,1280,ccstore,https://item.rakuten.co.jp/ccstore/539a1/?rafcid=wsc_i_is_c786838f-2c0a-4f11-8d08-7c1b7cb64c88
2026-06-15 10:53:30,スマホアクセサリー,新品,エレコム ELECOM MPA-ACD03WH ホワイト スマートフォン・タブレット用AC充電器 USB充電器,4054,イーベストPC・家電館,https://item.rakuten.co.jp/ebest/4549550114523/?rafcid=wsc_i_is_c786838f-2c0a-4f11-8d08-7c1b7cb64c88
2026-06-15 10:53:30,スマホアクセサリー,新品,エレコム MPA-ACC20WF ホワイトフェイス 充電器 12W Type-Cケーブル 1.5m Android/タブレット 対応 送料無料 【SK10624】,1350,THINK RICH STORE,https://item.rakuten.co.jp/thinkrich/q16166/?rafcid=wsc_i_is_c786838f-2c0a-4f11-8d08-7c1b7cb64c88
2026-06-15 10:53:30,スマホアクセサリー,新品,【10%OFFクーポン配布中】USB Type-Cケーブル 全7色 25cm 50cm 1m 1.5m 2m 超高耐久 断線防止 2.1A 急速 急速充電対応 iPhone17 16 15 Pro M,398,WEIMALL公式ストア 楽天市場店,https://item.rakuten.co.jp/weimall/ctbl-1/?rafcid=wsc_i_is_c786838f-2c0a-4f11-8d08-7c1b7cb64c88
2026-06-15 10:53:30,スマホアクセサリー,新品,2026最新 【爆売り！新発！正規認証済】充電器 急速充電器 30W 3ポート 超小型急速充電器 iphone充電器 Android AC充電器 pd充電器 usb type c 充電器 スマホ充電器,1200,星明ショップ,https://item.rakuten.co.jp/starlighting/k35-13/?rafcid=wsc_i_is_c786838f-2c0a-4f11-8d08-7c1b7cb64c88
2026-06-15 10:53:30,スマホアクセサリー,新品,Anker PowerWave 10 Stand ワイヤレス充電器 Qi認証 iPhone 15シリーズ Galaxy 各種対応 最大10W出力,2999,アンカー・ダイレクト楽天市場店,https://item.rakuten.co.jp/anker/a2524/?rafcid=wsc_i_is_c786838f-2c0a-4f11-8d08-7c1b7cb64c88
2026-06-15 10:53:30,スマホアクセサリー,新品,iPhoneケーブル 長さ 0.25m 0.5m 1m 1.5m急速充電 速達送料無料 充電器 データ転送ケーブル USBケーブル iphone 充電 ケーブル 1m iPhone8/8Plus iP,248,ccstore,https://item.rakuten.co.jp/ccstore/246/?rafcid=wsc_i_is_c786838f-2c0a-4f11-8d08-7c1b7cb64c88
2026-06-15 10:53:30,スマホアクセサリー,新品,USB充電器 2ポート iPhone Android 2.4A 2台同時 急速充電 スマートフォン iPhone 16 iPhone15 AQUOS Xperia Galaxy Swich 対応 CH,1180,スマホ充電器のKYOHAYA楽天市場店,https://item.rakuten.co.jp/kyohaya/jk2400iq/?rafcid=wsc_i_is_c786838f-2c0a-4f11-8d08-7c1b7cb64c88
2026-06-15 10:53:30,スマホアクセサリー,新品,QISI AC充電器 ケーブルセット 20W 2ポート 急速充電 iPhone15充電器 USB C コンセント usb 電源コンセント type c pd対応 QC3.0 ACアダプター USB充電,1180,QISI楽天市場店,https://item.rakuten.co.jp/qisi/4571552421187-1014/?rafcid=wsc_i_is_c786838f-2c0a-4f11-8d08-7c1b7cb64c88
2026-06-15 10:53:30,スマホアクセサリー,新品,LOOF PD対応 20W ACアダプター Type C USB C USBC 出力 アダプター スマホ 充電器 コンパクト ケーブルセット ケーブル付き スマホ スマートフォン iPhone アンド,1980,LOOF楽天市場店,https://item.rakuten.co.jp/loof-shop/loofpdac01/?rafcid=wsc_i_is_c786838f-2c0a-4f11-8d08-7c1b7cb64c88
2026-06-15 10:53:30,スマホアクセサリー,新品,ポイント5倍！ ACアダプター USB-A アダプタ 2ポート 急速充電器 折りたたみ 5V 3.4A USB スマートIC 充電器 チャージャー PSE認証 USB充電器 AC充電器 コンセント ア,1000,TOKAIZ公式 楽天市場店,https://item.rakuten.co.jp/stravel/80001712/?rafcid=wsc_i_is_c786838f-2c0a-4f11-8d08-7c1b7cb64c88
2026-06-15 10:53:30,スマホアクセサリー,新品,半年保証 ARROWS Rakuten Mobile KYOCERA スマホ 充電器 Type-C ケーブル 一体型 急速充電 20W AC充電器 1.5m スマートフォン ACアダプター スマホ タ,2080,オールモデルズ 楽天市場店,https://item.rakuten.co.jp/allmodels/jx-ac-135b-3/?rafcid=wsc_i_is_c786838f-2c0a-4f11-8d08-7c1b7cb64c88
2026-06-15 10:53:30,スマホアクセサリー,新品,【30分最大50%まで充電・楽天1位 】 iphone 充電器 iPhone 16 15 14 Pro Max Plus 13 12 SE ipad 急速充電器 20W 電源 アダプター アイホン 充,1100,aPanda,https://item.rakuten.co.jp/apanda/charge-pd-pse/?rafcid=wsc_i_is_c786838f-2c0a-4f11-8d08-7c1b7cb64c88
2026-06-15 10:53:30,GPU,新品,GeForce RTX 3050 VENTUS 2X E 6G OC,30455,ツクモ 楽天市場店,https://item.rakuten.co.jp/shoptsukumo/9170166011/?rafcid=wsc_i_is_c786838f-2c0a-4f11-8d08-7c1b7cb64c88
2026-06-15 10:53:30,GPU,新品,MSI｜エムエスアイ MSI GeForce RTX 3050 VENTUS 2X E 6G OC / PCI-Express 4.0 グラフィックボード（ブラック） 3050VENTUS2XE6GO,37800,Joshin web 家電とPCの大型専門店,https://item.rakuten.co.jp/jism/0824142385173-44-62363-n/?rafcid=wsc_i_is_c786838f-2c0a-4f11-8d08-7c1b7cb64c88
2026-06-15 10:53:30,GPU,新品,玄人志向 GF-GT710-E1GB/HS GT710搭載 1GB グラフィックボード(ファンレス),5081,ツクモ 楽天市場店,https://item.rakuten.co.jp/shoptsukumo/5762467016/?rafcid=wsc_i_is_c786838f-2c0a-4f11-8d08-7c1b7cb64c88
2026-06-15 10:53:30,GPU,新品,【中古】グラフィックカード FMV GeForce GTX 1050Ti GDDR5 4GB,7700,BTOパソコン専門店のPC-MAX,https://item.rakuten.co.jp/pc-max-shop/lak-30/?rafcid=wsc_i_is_c786838f-2c0a-4f11-8d08-7c1b7cb64c88
2026-06-15 10:53:30,GPU,新品,【エントリーで最大2万ポイント当たる｜6/25まで】 MSI｜エムエスアイ グラフィックボード GeForce RTX 3050 VENTUS 2X E 6G OC [GeForce RTXシリーズ ,37800,楽天ビック(ビックカメラ×楽天),https://item.rakuten.co.jp/biccamera/0824142385173/?rafcid=wsc_i_is_c786838f-2c0a-4f11-8d08-7c1b7cb64c88
2026-06-15 10:53:30,GPU,新品,【中古】グラフィックカード おまかせ GeForce GTX 1060 GDDR5 6GB,8800,BTOパソコン専門店のPC-MAX,https://item.rakuten.co.jp/pc-max-shop/lak-92/?rafcid=wsc_i_is_c786838f-2c0a-4f11-8d08-7c1b7cb64c88
2026-06-15 10:53:30,GPU,新品,【中古】グラフィックカード おまかせ GeForce RTX 2070 GDDR6 8GB,19800,BTOパソコン専門店のPC-MAX,https://item.rakuten.co.jp/pc-max-shop/lak-45/?rafcid=wsc_i_is_c786838f-2c0a-4f11-8d08-7c1b7cb64c88
2026-06-15 10:53:30,GPU,新品,【1日と5.0のつく日、18日はポイント3倍！】【中古】グラフィックボード NVIDIA Quadro M2000 PCIExp 4GB,8260,エクセラー,https://item.rakuten.co.jp/excellar/1050004861/?rafcid=wsc_i_is_c786838f-2c0a-4f11-8d08-7c1b7cb64c88
2026-06-15 10:53:30,GPU,新品,GAINWARD RTX5080 PHOENIX 16GB GDDR7 256bit 3-DP HDMI CUDAコア10752基とGDDR7メモリ16GB装備 グラフィックカード｜NE7508001,218000,ASKダイレクト,https://item.rakuten.co.jp/ask-direct/vd8971/?rafcid=wsc_i_is_c786838f-2c0a-4f11-8d08-7c1b7cb64c88
2026-06-15 10:53:30,GPU,新品,【中古】グラフィックカード ロープロファイル AMD RX550x GDDR5 4GB,6600,BTOパソコン専門店のPC-MAX,https://item.rakuten.co.jp/pc-max-shop/lak-60/?rafcid=wsc_i_is_c786838f-2c0a-4f11-8d08-7c1b7cb64c88
2026-06-15 10:53:30,GPU,新品,【中古】グラフィックカード FMV Radeon RX550 GDDR5 2GB,4400,BTOパソコン専門店のPC-MAX,https://item.rakuten.co.jp/pc-max-shop/lak-72/?rafcid=wsc_i_is_c786838f-2c0a-4f11-8d08-7c1b7cb64c88
2026-06-15 10:53:30,GPU,新品,【中古】グラフィックカード NVIDIA GeForce GT 730 GDDR5 2GB DPx2,2750,BTOパソコン専門店のPC-MAX,https://item.rakuten.co.jp/pc-max-shop/lak-29/?rafcid=wsc_i_is_c786838f-2c0a-4f11-8d08-7c1b7cb64c88
2026-06-15 10:53:30,GPU,新品,【中古】グラフィックカード おまかせ GeForce GTX 1050 GDDR5 2GB,5500,BTOパソコン専門店のPC-MAX,https://item.rakuten.co.jp/pc-max-shop/lak-12/?rafcid=wsc_i_is_c786838f-2c0a-4f11-8d08-7c1b7cb64c88
2026-06-15 10:53:30,GPU,新品,MSI｜エムエスアイ グラフィックボード NVIDIA GeForce GT 710搭載 PCI-Express　MSI GT 710 2GD3H LP［2GB/GeForce GTシリーズ］【バルク,6100,楽天ビック(ビックカメラ×楽天),https://item.rakuten.co.jp/biccamera/4537694234702/?rafcid=wsc_i_is_c786838f-2c0a-4f11-8d08-7c1b7cb64c88
2026-06-15 10:53:30,GPU,新品,【中古】グラフィックカード ロープロファイル AMD Radeon RX550 GDDR5 4GB,6600,BTOパソコン専門店のPC-MAX,https://item.rakuten.co.jp/pc-max-shop/lak-24/?rafcid=wsc_i_is_c786838f-2c0a-4f11-8d08-7c1b7cb64c88
2026-06-15 10:53:30,GPU,新品,【中古】グラフィックカード ロープロファイル NVIDIA GeForce GT 730 GDDR5 2GB DPx2,3300,BTOパソコン専門店のPC-MAX,https://item.rakuten.co.jp/pc-max-shop/lak-40/?rafcid=wsc_i_is_c786838f-2c0a-4f11-8d08-7c1b7cb64c88
2026-06-15 10:53:30,GPU,新品,【中古】グラフィックカード ロープロファイル NVIDIA GeForce GT 730 GDDR5 2GB,3300,BTOパソコン専門店のPC-MAX,https://item.rakuten.co.jp/pc-max-shop/lak-19/?rafcid=wsc_i_is_c786838f-2c0a-4f11-8d08-7c1b7cb64c88
2026-06-15 10:53:30,GPU,新品,GeForce RTX 3050 VENTUS 2X E 6G OC MSI ブラック [グラフィックボード]【KK9N0D18P】,41580,総合通販PREMOA 楽天市場店,https://item.rakuten.co.jp/premoa/0824142385173/?rafcid=wsc_i_is_c786838f-2c0a-4f11-8d08-7c1b7cb64c88
2026-06-15 10:53:30,GPU,新品,ASUS TUF-RTX5070TI-O16G-GAMING グラフィックボード + TUF-GAMING-1200G ブラック 電源ユニット セット 【KK9N0D18P】,272570,XPRICE楽天市場店,https://item.rakuten.co.jp/a-price/2980000562396/?rafcid=wsc_i_is_c786838f-2c0a-4f11-8d08-7c1b7cb64c88
2026-06-15 10:53:30,GPU,新品,玄人志向 グラフィックボード AMD Radeon RX6400 GDDR6 4GB 搭載モデル 【国内正規代理店品】 RD-RX6400-E4GB/LP 黒,23737,ピーサイドキック 楽天市場店,https://item.rakuten.co.jp/psidekick/4988755062046/?rafcid=wsc_i_is_c786838f-2c0a-4f11-8d08-7c1b7cb64c88
2026-06-15 10:53:30,GPU,新品,玄人志向 くろうとしこう / GF-GT710-E1GB/HS / GT710 1GB DDR3 / [GF-GT710-E1GB/HS] / 4988755047128 / グラフィックボード,5480,ドスパラ楽天市場店,https://item.rakuten.co.jp/dospara-r/ic465312/?rafcid=wsc_i_is_c786838f-2c0a-4f11-8d08-7c1b7cb64c88
2026-06-15 10:53:30,GPU,新品,【中古】グラフィックカード おまかせ GeForce GTX 1060 GDDR5 3GB,6600,BTOパソコン専門店のPC-MAX,https://item.rakuten.co.jp/pc-max-shop/lak-10/?rafcid=wsc_i_is_c786838f-2c0a-4f11-8d08-7c1b7cb64c88
2026-06-15 10:53:30,GPU,新品,MSI GT710 2GD3H LP [グラフィックボード(PCIExp 2GB)] 【KK9N0D18P】,6580,XPRICE楽天市場店,https://item.rakuten.co.jp/a-price/4537694234702/?rafcid=wsc_i_is_c786838f-2c0a-4f11-8d08-7c1b7cb64c88
2026-06-15 10:53:30,GPU,新品,ASUS｜エイスース ASUS DUAL Radeon RX 9060 XT 16GB GDDR6 デュアルファン搭載 グラフィックボード DUAL-RX9060XT-16G,64980,Joshin web 家電とPCの大型専門店,https://item.rakuten.co.jp/jism/0199291196766-44-48276-n/?rafcid=wsc_i_is_c786838f-2c0a-4f11-8d08-7c1b7cb64c88
2026-06-15 10:53:30,GPU,新品,ASUS エイスース　グラフィックボード [GeForce GTシリーズ /2GB]　GT710-SL-2GD5-BRK-EVO,9000,コジマ楽天市場店,https://item.rakuten.co.jp/r-kojima/0197105418684/?rafcid=wsc_i_is_c786838f-2c0a-4f11-8d08-7c1b7cb64c88
2026-06-15 10:53:30,GPU,新品,MSI Gaming RTX 4070 Ti Super 16G Ventus 2X OC グラフィックスカード (NVIDIA Super、256ビット、エクストリームクロック:2655MHz、16,341980,パームスアメリカ,https://item.rakuten.co.jp/palmsamerica/aysgt3rkny/?rafcid=wsc_i_is_c786838f-2c0a-4f11-8d08-7c1b7cb64c88
2026-06-15 10:53:30,GPU,新品,Palit(パリット) GeForce RTX 5070 Infinity 3 12GB / NE75070019K9-GB2050S,99800,ドスパラ楽天市場店,https://item.rakuten.co.jp/dospara-r/ic522671/?rafcid=wsc_i_is_c786838f-2c0a-4f11-8d08-7c1b7cb64c88
2026-06-15 10:53:30,GPU,新品,ASUS GT730-4H-SL-2GD5 NVIDIA GeForce GT 730 搭載グラフィックカード ファンレスタイプ,18990,パソコン工房 楽天市場店,https://item.rakuten.co.jp/pckoubou/m4s1p850783/?rafcid=wsc_i_is_c786838f-2c0a-4f11-8d08-7c1b7cb64c88
2026-06-15 10:53:30,GPU,新品,PNY GeForce RTX 5060 8GB Overclocked Dualfan　VCG50608DFXPB1-O,59000,ツクモ 楽天市場店,https://item.rakuten.co.jp/shoptsukumo/9173345017/?rafcid=wsc_i_is_c786838f-2c0a-4f11-8d08-7c1b7cb64c88
2026-06-15 10:53:30,GPU,新品,R205-AMD FirePro V5900 2GB グラフィックボード 1点 PCI-Express DP-DVI HF P/N:102C2030201 グラフィックボード V5900 【中古動作美,3980,エーワンケント楽天市場店,https://item.rakuten.co.jp/e-wankento/r205/?rafcid=wsc_i_is_c786838f-2c0a-4f11-8d08-7c1b7cb64c88
2026-06-15 10:53:30,GPU,新品,【中古】グラフィックカード Palit GeForce GTX 1650 GDDR5 4GB HDMI,12100,BTOパソコン専門店のPC-MAX,https://item.rakuten.co.jp/pc-max-shop/lak-62/?rafcid=wsc_i_is_c786838f-2c0a-4f11-8d08-7c1b7cb64c88
2026-06-15 10:53:30,GPU,新品,Palit(パリット) RTX 5060 Dual 8GB / NE75060019P1-GB2063D / グラフィックボード,58800,ドスパラ楽天市場店,https://item.rakuten.co.jp/dospara-r/ic525590/?rafcid=wsc_i_is_c786838f-2c0a-4f11-8d08-7c1b7cb64c88
2026-06-15 10:53:30,GPU,新品,MSI｜エムエスアイ MSI GeForce RTX 5070 12G VENTUS 2X OC / PCI Express 5.0 グラフィックスボード（ブラック） 507012GVENTUS2XO,102800,Joshin web 家電とPCの大型専門店,https://item.rakuten.co.jp/jism/4711377308229-44-73259-n/?rafcid=wsc_i_is_c786838f-2c0a-4f11-8d08-7c1b7cb64c88
2026-06-15 10:53:30,GPU,新品,GIGABYTE｜ギガバイト GIGABYTE Radeon RX 9070 XT GAMING OC 16G / PCI Express 5.0 グラフィックボード （Radeon RX 9070 ,116800,Joshin web 家電とPCの大型専門店,https://item.rakuten.co.jp/jism/4988755070942-44-48275-n/?rafcid=wsc_i_is_c786838f-2c0a-4f11-8d08-7c1b7cb64c88
2026-06-15 10:53:30,GPU,新品,【1日と5.0のつく日、18日はポイント3倍！】【中古】グラフィックボード NVIDIA Quadro K2000 PCIExp 2GB,3880,エクセラー,https://item.rakuten.co.jp/excellar/1050004330/?rafcid=wsc_i_is_c786838f-2c0a-4f11-8d08-7c1b7cb64c88
2026-06-15 10:53:30,GPU,新品,【15日はエントリーで最大5000ポイント】MSI エムエスアイGeForce RTX 3050搭載 グラフィックボード 6GB GDDR6 転送不可 GeForce RTX 3050 VENTUS ,39720,e-zoa 楽天市場 SHOP,https://item.rakuten.co.jp/e-zoa/itm0015898021/?rafcid=wsc_i_is_c786838f-2c0a-4f11-8d08-7c1b7cb64c88
2026-06-15 10:53:30,GPU,新品,【中古】MSI製グラボ GTX 1070 GAMING X 8G PCIExp 8GB,14800,エクセラー2号館 楽天市場店,https://item.rakuten.co.jp/kadekaden/1050007066/?rafcid=wsc_i_is_c786838f-2c0a-4f11-8d08-7c1b7cb64c88
2026-06-15 10:53:30,GPU,新品,MSI｜エムエスアイ MSI GeForce RTX 5060 8G VENTUS 2X OC WHITE / PCI Express 5.0 グラフィックスボード RTX50608GVEN2XOCW,60091,Joshin web 家電とPCの大型専門店,https://item.rakuten.co.jp/jism/4711377344296-44-73966-n/?rafcid=wsc_i_is_c786838f-2c0a-4f11-8d08-7c1b7cb64c88
2026-06-15 10:53:30,GPU,新品,MSI GeForce RTX 3050 VENTUS 2X E 6G OC ブラック [グラフィックボード] 【KK9N0D18P】,37800,XPRICE楽天市場店,https://item.rakuten.co.jp/a-price/0824142385173/?rafcid=wsc_i_is_c786838f-2c0a-4f11-8d08-7c1b7cb64c88
2026-06-15 10:53:30,GPU,新品,【15日はエントリーで最大5000ポイント】ASUS エイスースDual GeForce RTX 3050 OC Edition 6GB GDDR6 グラフィックボード DUAL-RTX3050-O6,33980,e-zoa 楽天市場 SHOP,https://item.rakuten.co.jp/e-zoa/itm0015843962/?rafcid=wsc_i_is_c786838f-2c0a-4f11-8d08-7c1b7cb64c88
2026-06-15 10:53:30,GPU,新品,ASRock Radeon RX 7600 Challenger 8GB OC グラフィックボード｜RX7600 CL 8GO,60349,PC4U 楽天市場店,https://item.rakuten.co.jp/pc4u/vd8510/?rafcid=wsc_i_is_c786838f-2c0a-4f11-8d08-7c1b7cb64c88
2026-06-15 10:53:30,GPU,新品,【1日と5.0のつく日、18日はポイント3倍！】【中古】グラフィックボード NVIDIA Quadro P4000 PCIExp 8GB,29800,エクセラー,https://item.rakuten.co.jp/excellar/1050009209/?rafcid=wsc_i_is_c786838f-2c0a-4f11-8d08-7c1b7cb64c88
2026-06-15 10:53:30,GPU,新品,中古品 NVIDIA Quadro NVS290 PCI-E 256MB ENVS290-256EB16 ビデオカード ●送料無料・即日発送●,1408,ツタエ,https://item.rakuten.co.jp/auc-tsutae/nvs290/?rafcid=wsc_i_is_c786838f-2c0a-4f11-8d08-7c1b7cb64c88
2026-06-15 10:53:30,GPU,新品,【1日と5.0のつく日、18日はポイント3倍！】【中古】グラフィックボード NVIDIA Quadro M4000 PCIExp 8GB,18800,エクセラー,https://item.rakuten.co.jp/excellar/1050008022/?rafcid=wsc_i_is_c786838f-2c0a-4f11-8d08-7c1b7cb64c88
2026-06-15 10:53:30,GPU,新品,【中古】グラフィックカード おまかせ GeForce RTX 2080 GDDR6 8GB,23800,BTOパソコン専門店のPC-MAX,https://item.rakuten.co.jp/pc-max-shop/lak-76/?rafcid=wsc_i_is_c786838f-2c0a-4f11-8d08-7c1b7cb64c88
2026-06-15 10:53:30,GPU,新品,【1日と5.0のつく日、18日はポイント3倍！】【中古】グラフィックボード NVIDIA Quadro 2000 PCIExp 1GB,3100,エクセラー,https://item.rakuten.co.jp/excellar/30309087/?rafcid=wsc_i_is_c786838f-2c0a-4f11-8d08-7c1b7cb64c88
2026-06-15 10:53:30,GPU,新品,サイズ：1GB 玄人志向 NVIDIA GeForce GT 710 搭載 グラフィックボード 1GB GF-GT710-E1GB/HS,6688,サンデーモーニング 楽天市場店,https://item.rakuten.co.jp/sunday-morning/wss201501b07n2yf13j/?rafcid=wsc_i_is_c786838f-2c0a-4f11-8d08-7c1b7cb64c88
2026-06-15 10:53:30,GPU,新品,【中古】MSI Radeon RX 560 AERO ITX 4G OC グラフィックスボード VD6359 n5ksbvb,21500,ドリエムコーポレーション,https://item.rakuten.co.jp/doriem/yb072frhrnq/?rafcid=wsc_i_is_c786838f-2c0a-4f11-8d08-7c1b7cb64c88
2026-06-15 10:53:30,GPU,新品,【1日と5.0のつく日、18日はポイント3倍！】【中古】グラフィックボード NVIDIA Quadro K600 PCIExp 1GB,3300,エクセラー,https://item.rakuten.co.jp/excellar/1050000839/?rafcid=wsc_i_is_c786838f-2c0a-4f11-8d08-7c1b7cb64c88
2026-06-15 10:53:30,GPU,新品,楽天1位獲得！ディスプレイポートケーブル 3m 1年保証 8K/60Hz 4K/144Hz DP1.4 HDR対応 MacLab. DisplayPortケーブル ブラック BC-DP30BK14 |,1499,ベストクリック 楽天市場店,https://item.rakuten.co.jp/bestclick/p0704/?rafcid=wsc_i_is_c786838f-2c0a-4f11-8d08-7c1b7cb64c88
2026-06-15 10:53:30,GPU,新品,【中古】 MSI GeForce RTX 2060 SUPER VENTUS XS J OC グラフィックスボード VD7099,104600,AJIMURA-SHOP,https://item.rakuten.co.jp/ajimura4861/a-b08164nq1g/?rafcid=wsc_i_is_c786838f-2c0a-4f11-8d08-7c1b7cb64c88
2026-06-15 10:53:30,GPU,新品,【中古】 玄人志向 NVIDIA GeForce RTX 2070 SUPER グラフィックボード 8GB デュアルファン GALAKURO GAMINGシリーズ GG-RTX2070SP-E8GB/,63960,AJIMURA-SHOP,https://item.rakuten.co.jp/ajimura4861/a-b07v2dbvmh/?rafcid=wsc_i_is_c786838f-2c0a-4f11-8d08-7c1b7cb64c88
2026-06-15 10:53:30,GPU,新品,MSI GeForce GTX 660 2048MB DVI-D/DVI-I/HDMI/DisplayPort PCI Express 3.0 x16 N660-2GD5【中古グラフィックボード】,9800,アールデバイス,https://item.rakuten.co.jp/waysas/10013362/?rafcid=wsc_i_is_c786838f-2c0a-4f11-8d08-7c1b7cb64c88
2026-06-15 10:53:30,GPU,新品,MSI｜エムエスアイ MSI NVIDIA GeForce GT 710 DDR3 2GB HDMI×4 グラフィックスボード GT7102GD3H4HDMI,5980,Joshin web 家電とPCの大型専門店,https://item.rakuten.co.jp/jism/4711377232845-44-48274-n/?rafcid=wsc_i_is_c786838f-2c0a-4f11-8d08-7c1b7cb64c88
2026-06-15 10:53:30,GPU,新品,【中古】 GIGABYTE Gv-N2060OC-6GD GeForce RTX 2060 OC GG グラフィックスカード 2X ウィンドフォースファン 6GB 192-bit GDDR6 REV2,79600,AJIMURA-SHOP,https://item.rakuten.co.jp/ajimura4861/a-b07nykd5ft/?rafcid=wsc_i_is_c786838f-2c0a-4f11-8d08-7c1b7cb64c88
2026-06-15 10:53:30,GPU,新品,GIGABYTE｜ギガバイト GIGABYTE GeForce GT 1030 搭載 グラフィックボード(ロープロファイル対応) GV-N1030D4-2GL,16200,Joshin web 家電とPCの大型専門店,https://item.rakuten.co.jp/jism/4988755058858-44-48274-n/?rafcid=wsc_i_is_c786838f-2c0a-4f11-8d08-7c1b7cb64c88
2026-06-15 10:53:30,GPU,新品,【中古】 PowerColor ビデオカード AMD Radeon RX VEGA64 AXRX VEGA 64 8GBHBM2-2D2H/OC,419320,AJIMURA-SHOP,https://item.rakuten.co.jp/ajimura4861/a-b078ggnbqx/?rafcid=wsc_i_is_c786838f-2c0a-4f11-8d08-7c1b7cb64c88
2026-06-15 10:53:30,GPU,新品,【中古】 ZOTAC GAMING GeForce RTX 2060 Twin Fan グラフィックスボード VD6860 ZTRTX2060-6GGDR6TWIN ZTRTX2060-6GGDR6T,73600,AJIMURA-SHOP,https://item.rakuten.co.jp/ajimura4861/a-b07mcb1j48/?rafcid=wsc_i_is_c786838f-2c0a-4f11-8d08-7c1b7cb64c88
2026-06-15 10:53:30,GPU,新品,【中古】 玄人志向 NVIDIA GeForce RTX 2060 グラフィックボード 6GB デュアルファン GALAKURO GAMINGシリーズ GG-RTX2060-E6GB/DF,48000,AJIMURA-SHOP,https://item.rakuten.co.jp/ajimura4861/a-b07v7wr1gn/?rafcid=wsc_i_is_c786838f-2c0a-4f11-8d08-7c1b7cb64c88
2026-06-15 10:53:30,GPU,新品,【1日と5.0のつく日、18日はポイント3倍！】【中古】グラフィックボード NVIDIA Quadro 4000 PCIExp 2GB,5580,エクセラー,https://item.rakuten.co.jp/excellar/3031565/?rafcid=wsc_i_is_c786838f-2c0a-4f11-8d08-7c1b7cb64c88
2026-06-15 10:53:30,GPU,新品,ASUS｜エイスース ASUS NVIDIA GeForce GT 710チップセット搭載 グラフィックスボード GT710SL2GD5BRKEVO,6080,Joshin web 家電とPCの大型専門店,https://item.rakuten.co.jp/jism/0197105418684-44-48274-n/?rafcid=wsc_i_is_c786838f-2c0a-4f11-8d08-7c1b7cb64c88
2026-06-15 10:53:30,GPU,新品,【中古】 ZOTAC GAMING GeForce GTX 1660 SUPER Twin Fan グラフィックスボード ZTGTX1660S-6GBTWIN/ZT-T16620F-10L VD710,79600,AJIMURA-SHOP,https://item.rakuten.co.jp/ajimura4861/a-b07zhdrnkl/?rafcid=wsc_i_is_c786838f-2c0a-4f11-8d08-7c1b7cb64c88
2026-06-15 10:53:30,GPU,新品,【中古】グラフィックボード NVIDIA Quadro K2200 PCIExp 4GB,6080,エクセラー3号館 楽天市場店,https://item.rakuten.co.jp/home-carpentry/1050008781/?rafcid=wsc_i_is_c786838f-2c0a-4f11-8d08-7c1b7cb64c88
2026-06-15 10:53:30,GPU,新品,【中古】NVIDIA Quadro FX 1500 256MB DDR3 DVIx2 グラフィックボード,1680,DigitalPark,https://item.rakuten.co.jp/yuukou-pczone/nvidia-fx-1500/?rafcid=wsc_i_is_c786838f-2c0a-4f11-8d08-7c1b7cb64c88
2026-06-15 10:53:30,GPU,新品,【中古】 GIGABYTE Geforce RTX 2060 OC GG グラフィックカード WINDFORCEファン 6GB 192-Bit GDDR6 GV-N2060OC-6GD ビデオカード,313600,AJIMURA-SHOP,https://item.rakuten.co.jp/ajimura4861/a-b07mpm8hk1/?rafcid=wsc_i_is_c786838f-2c0a-4f11-8d08-7c1b7cb64c88
2026-06-15 10:53:30,GPU,新品,グラフィックボード ビデオカード NVIDIA Quadro 600 GDDR3 1GB PCI-E 送料無料【中古】,2980,E-SKY 中古PC販売,https://item.rakuten.co.jp/esky-pc/ki-gpu-005/?rafcid=wsc_i_is_c786838f-2c0a-4f11-8d08-7c1b7cb64c88
2026-06-15 10:53:30,GPU,新品,【1日と5.0のつく日、18日はポイント3倍！】【中古】グラフィックボード NVIDIA Quadro 600 PCIExp 1GB,2000,エクセラー,https://item.rakuten.co.jp/excellar/30308949/?rafcid=wsc_i_is_c786838f-2c0a-4f11-8d08-7c1b7cb64c88
2026-06-15 10:53:30,GPU,新品,【エントリーでポイント5倍】 グラボ 中古 NVIDIA Quadro P2200 1280コア 5GB GDDRX DisplayPort 4画面対応 75W シングルスロット 8K構築可能 CAD,29800,パソコンショップ@フェローズ,https://item.rakuten.co.jp/e-fellows5/16122010/?rafcid=wsc_i_is_c786838f-2c0a-4f11-8d08-7c1b7cb64c88
2026-06-15 10:53:30,GPU,新品,【15日はエントリーで最大5000ポイント】MSI エムエスアイGeForce GT710 GDDR3 2GB グラフィックスボード GT 710 2GD3H LP(2398344)送料無料,9071,e-zoa 楽天市場 SHOP,https://item.rakuten.co.jp/e-zoa/itm0015728452/?rafcid=wsc_i_is_c786838f-2c0a-4f11-8d08-7c1b7cb64c88
2026-06-15 10:53:30,GPU,新品,【送料無料】グラフィックボード ロープロファイル NVIDIA NVS 315 DMS-59 GDDR3 1GB ビデオカード【中古】,2530,E-SKY 中古PC販売,https://item.rakuten.co.jp/esky-pc/ki-gpu-003/?rafcid=wsc_i_is_c786838f-2c0a-4f11-8d08-7c1b7cb64c88
2026-06-15 10:53:30,GPU,新品,【1日と5.0のつく日、18日はポイント3倍！】【中古】MSI製グラボ GeForce GTX 1660 SUPER AERO ITX OC PCIExp 6GB 元箱あり,16600,エクセラー,https://item.rakuten.co.jp/excellar/1050014210/?rafcid=wsc_i_is_c786838f-2c0a-4f11-8d08-7c1b7cb64c88
2026-06-15 10:53:30,GPU,新品,【増設オプション】新品★HDMI端子付き★メーカーお任せ　高品質グラフィックボード☆NVIDIA GeForce GTシリーズ 1GB DDR3 PCI-E HDMI / DVI-D / D-Sub/,6000,pclive-shop,https://item.rakuten.co.jp/pclive-shop/240711/?rafcid=wsc_i_is_c786838f-2c0a-4f11-8d08-7c1b7cb64c88
2026-06-15 10:53:30,GPU,新品,ZOTAC GeForce GTX 550 Ti 1GB DVI *2/HDMI/DisplayPort PCI Express 2.0 x16 ZT-50401【中古グラフィックボード】,5980,アールデバイス,https://item.rakuten.co.jp/waysas/10009362/?rafcid=wsc_i_is_c786838f-2c0a-4f11-8d08-7c1b7cb64c88
2026-06-15 10:53:30,GPU,新品,【1日と5.0のつく日、18日はポイント3倍！】【中古】グラフィックボード NVIDIA Quadro K2000 PCIExp 2GB,3780,エクセラー,https://item.rakuten.co.jp/excellar/3031855/?rafcid=wsc_i_is_c786838f-2c0a-4f11-8d08-7c1b7cb64c88
2026-06-15 10:53:30,GPU,新品,【1日と5.0のつく日、18日はポイント3倍！】【中古】グラボ NVIDIA Quadro K620 PCIExp 2GB,3100,エクセラー,https://item.rakuten.co.jp/excellar/1050002552/?rafcid=wsc_i_is_c786838f-2c0a-4f11-8d08-7c1b7cb64c88
2026-06-15 10:53:30,GPU,新品,ASUS GT730-SL-2GD5-BRK NVIDIA GeForce GT 730 搭載 グラフィックボード ファンレスモデル,14950,パソコン工房 楽天市場店,https://item.rakuten.co.jp/pckoubou/m4s1p838380/?rafcid=wsc_i_is_c786838f-2c0a-4f11-8d08-7c1b7cb64c88
2026-06-15 10:53:30,GPU,新品,【中古】グラフィックボード NVIDIA Quadro K600 PCIExp 1GB,3260,エクセラー2号館 楽天市場店,https://item.rakuten.co.jp/kadekaden/1050000839/?rafcid=wsc_i_is_c786838f-2c0a-4f11-8d08-7c1b7cb64c88
2026-06-15 10:53:30,GPU,新品,【中古】グラフィックボード NVIDIA Quadro K4000 PCIExp 3GB,6800,エクセラー2号館 楽天市場店,https://item.rakuten.co.jp/kadekaden/3032075/?rafcid=wsc_i_is_c786838f-2c0a-4f11-8d08-7c1b7cb64c88
2026-06-15 10:53:30,GPU,新品,【1日と5.0のつく日、18日はポイント3倍！】【中古】グラフィックボード NVIDIA Quadro K2200 PCIExp 4GB,6080,エクセラー,https://item.rakuten.co.jp/excellar/1050008781/?rafcid=wsc_i_is_c786838f-2c0a-4f11-8d08-7c1b7cb64c88
2026-06-15 10:53:30,GPU,新品,【中古】グラフィックボード NVIDIA Quadro 600 PCIExp 1GB,1960,エクセラー3号館 楽天市場店,https://item.rakuten.co.jp/home-carpentry/30308949/?rafcid=wsc_i_is_c786838f-2c0a-4f11-8d08-7c1b7cb64c88
2026-06-15 10:53:30,GPU,新品,【中古ビデオカード】 NVIDIA Quadro P600 GDDR5 プロフェッショナルグラフィックスボード グラフィックカード PCI Express,12800,DigitalPark,https://item.rakuten.co.jp/yuukou-pczone/nvidia-p600-2g/?rafcid=wsc_i_is_c786838f-2c0a-4f11-8d08-7c1b7cb64c88
2026-06-15 10:53:30,GPU,新品,【中古】グラボ NVIDIA Quadro K620 PCIExp 2GB,3060,エクセラー3号館 楽天市場店,https://item.rakuten.co.jp/home-carpentry/1050002552/?rafcid=wsc_i_is_c786838f-2c0a-4f11-8d08-7c1b7cb64c88
2026-06-15 10:53:30,GPU,新品,【1日と5.0のつく日、18日はポイント3倍！】【中古】ASUS製グラボ STRIX-GTX960-DC2OC-2GD5 PCIExp 2GB,6800,エクセラー,https://item.rakuten.co.jp/excellar/1050014475/?rafcid=wsc_i_is_c786838f-2c0a-4f11-8d08-7c1b7cb64c88
2026-06-15 10:53:30,GPU,新品,MSI｜エムエスアイ グラフィックボード GT 710 2GD3H 4HDMI [GeForce GTシリーズ /2GB],5980,楽天ビック(ビックカメラ×楽天),https://item.rakuten.co.jp/biccamera/4711377232845/?rafcid=wsc_i_is_c786838f-2c0a-4f11-8d08-7c1b7cb64c88
2026-06-15 10:53:30,GPU,新品,MSI｜エムエスアイ MSI GT710 2GD3H LP / PCI-Express 2.0 x8対応(形状はx16) グラフィックスボード GT710 2GD3H LP,6100,Joshin web 家電とPCの大型専門店,https://item.rakuten.co.jp/jism/4537694234702-44-48274-n/?rafcid=wsc_i_is_c786838f-2c0a-4f11-8d08-7c1b7cb64c88
2026-06-15 10:53:30,GPU,新品,Palit(パリット) GeForce RTX5060 WHITE OC / NE75060U19P1 / グラフィックボード,56800,ドスパラ楽天市場店,https://item.rakuten.co.jp/dospara-r/ic539273/?rafcid=wsc_i_is_c786838f-2c0a-4f11-8d08-7c1b7cb64c88
2026-06-15 10:53:30,GPU,新品,ASUS GT710-SL-2GD5-BRK-EVO NVIDIA GEFORCE GT 710 搭載 グラフィックボード ロープロファイル&ファンレスモデル,10081,パソコン工房 楽天市場店,https://item.rakuten.co.jp/pckoubou/m4s1p1074974/?rafcid=wsc_i_is_c786838f-2c0a-4f11-8d08-7c1b7cb64c88
2026-06-15 10:53:30,GPU,新品,R017-ZOTAC GeForce RTX 2070 グラフィックボード 1点 8GB GDDR6 PCI-E DP*3/HDMI/USB-C ZT-T20700L-10B※送料無料※【中古動作美品,19980,エーワンケント楽天市場店,https://item.rakuten.co.jp/e-wankento/r017/?rafcid=wsc_i_is_c786838f-2c0a-4f11-8d08-7c1b7cb64c88
2026-06-15 10:53:30,GPU,新品,【中古】 MSI Radeon RX 580 ARMOR 8G OC グラフィックスボード VD6879,29600,AJIMURA-SHOP,https://item.rakuten.co.jp/ajimura4861/a-b07nf9pnxr/?rafcid=wsc_i_is_c786838f-2c0a-4f11-8d08-7c1b7cb64c88
2026-06-15 10:53:30,GPU,新品,【中古】グラフィックボード NVIDIA Quadro M2000 PCIExp 4GB,8260,エクセラー3号館 楽天市場店,https://item.rakuten.co.jp/home-carpentry/1050004861/?rafcid=wsc_i_is_c786838f-2c0a-4f11-8d08-7c1b7cb64c88
2026-06-15 10:53:30,GPU,中古,【中古】グラフィックカード おまかせ GeForce RTX 2070 GDDR6 8GB,19800,BTOパソコン専門店のPC-MAX,https://item.rakuten.co.jp/pc-max-shop/lak-45/?rafcid=wsc_i_is_c786838f-2c0a-4f11-8d08-7c1b7cb64c88
2026-06-15 10:53:30,GPU,中古,【中古】グラフィックカード FMV GeForce GTX 1050Ti GDDR5 4GB,7700,BTOパソコン専門店のPC-MAX,https://item.rakuten.co.jp/pc-max-shop/lak-30/?rafcid=wsc_i_is_c786838f-2c0a-4f11-8d08-7c1b7cb64c88
2026-06-15 10:53:30,GPU,中古,【中古】グラフィックカード NVIDIA GeForce GT 730 GDDR5 2GB DPx2,2750,BTOパソコン専門店のPC-MAX,https://item.rakuten.co.jp/pc-max-shop/lak-29/?rafcid=wsc_i_is_c786838f-2c0a-4f11-8d08-7c1b7cb64c88
2026-06-15 10:53:30,GPU,中古,R017-ZOTAC GeForce RTX 2070 グラフィックボード 1点 8GB GDDR6 PCI-E DP*3/HDMI/USB-C ZT-T20700L-10B※送料無料※【中古動作美品,19980,エーワンケント楽天市場店,https://item.rakuten.co.jp/e-wankento/r017/?rafcid=wsc_i_is_c786838f-2c0a-4f11-8d08-7c1b7cb64c88
2026-06-15 10:53:30,GPU,中古,【中古】グラフィックカード FMV Radeon RX550 GDDR5 2GB,4400,BTOパソコン専門店のPC-MAX,https://item.rakuten.co.jp/pc-max-shop/lak-72/?rafcid=wsc_i_is_c786838f-2c0a-4f11-8d08-7c1b7cb64c88
2026-06-15 10:53:30,GPU,中古,【中古】グラフィックカード おまかせ GeForce GTX 1060 GDDR5 3GB,6600,BTOパソコン専門店のPC-MAX,https://item.rakuten.co.jp/pc-max-shop/lak-10/?rafcid=wsc_i_is_c786838f-2c0a-4f11-8d08-7c1b7cb64c88
2026-06-15 10:53:30,GPU,中古,【中古】グラフィックカード おまかせ GeForce GTX 1050 GDDR5 2GB,5500,BTOパソコン専門店のPC-MAX,https://item.rakuten.co.jp/pc-max-shop/lak-12/?rafcid=wsc_i_is_c786838f-2c0a-4f11-8d08-7c1b7cb64c88
2026-06-15 10:53:30,GPU,中古,【中古】グラフィックカード ロープロファイル AMD Radeon RX550 GDDR5 4GB,6600,BTOパソコン専門店のPC-MAX,https://item.rakuten.co.jp/pc-max-shop/lak-24/?rafcid=wsc_i_is_c786838f-2c0a-4f11-8d08-7c1b7cb64c88
2026-06-15 10:53:30,GPU,中古,【中古】グラフィックカード Palit GeForce GTX 1650 GDDR5 4GB HDMI,12100,BTOパソコン専門店のPC-MAX,https://item.rakuten.co.jp/pc-max-shop/lak-62/?rafcid=wsc_i_is_c786838f-2c0a-4f11-8d08-7c1b7cb64c88
2026-06-15 10:53:30,GPU,中古,【中古】グラフィックカード おまかせ GeForce GTX 1660 GDDR6 6GB,13200,BTOパソコン専門店のPC-MAX,https://item.rakuten.co.jp/pc-max-shop/lak-63/?rafcid=wsc_i_is_c786838f-2c0a-4f11-8d08-7c1b7cb64c88
2026-06-15 10:53:30,GPU,中古,【中古】グラフィックカード ロープロファイル NVIDIA GeForce GT 730 GDDR5 2GB,3300,BTOパソコン専門店のPC-MAX,https://item.rakuten.co.jp/pc-max-shop/lak-19/?rafcid=wsc_i_is_c786838f-2c0a-4f11-8d08-7c1b7cb64c88
2026-06-15 10:53:30,GPU,中古,【中古】グラフィックカード ロープロファイル AMD RX550x GDDR5 4GB,6600,BTOパソコン専門店のPC-MAX,https://item.rakuten.co.jp/pc-max-shop/lak-60/?rafcid=wsc_i_is_c786838f-2c0a-4f11-8d08-7c1b7cb64c88
2026-06-15 10:53:30,GPU,中古,【中古】ZOTAC製グラボ GAMING GeForce RTX 2060 ZT-T20600H-10M PCIExp 6GB,20800,エクセラー3号館 楽天市場店,https://item.rakuten.co.jp/home-carpentry/1050014028/?rafcid=wsc_i_is_c786838f-2c0a-4f11-8d08-7c1b7cb64c88
2026-06-15 10:53:30,GPU,中古,【中古】グラフィックボード NVIDIA Quadro K2000 PCIExp 2GB,3550,エクセラー3号館 楽天市場店,https://item.rakuten.co.jp/home-carpentry/1050004330/?rafcid=wsc_i_is_c786838f-2c0a-4f11-8d08-7c1b7cb64c88
2026-06-15 10:53:30,GPU,中古,【中古】グラフィックカード ロープロファイル NVIDIA GeForce GT 730 GDDR5 2GB DPx2,3300,BTOパソコン専門店のPC-MAX,https://item.rakuten.co.jp/pc-max-shop/lak-40/?rafcid=wsc_i_is_c786838f-2c0a-4f11-8d08-7c1b7cb64c88
2026-06-15 10:53:30,GPU,中古,【中古パーツ】MSI GeForce GT710 1GB DDR3 メール便送料無料 1週間動作保証 ビデオカード グラフィックボード ロープロファイル LP,2899,PCとパーツのパソどん楽天市場店,https://item.rakuten.co.jp/pasodon/msi-710/?rafcid=wsc_i_is_c786838f-2c0a-4f11-8d08-7c1b7cb64c88
2026-06-15 10:53:30,GPU,中古,富士通 Radeon RX 550 2.0GB Dual-Link DVI-D/DisplayPort *2 PCI Express 3.0 x8 288-2E361-103FJ CP748810【中,5980,アールデバイス,https://item.rakuten.co.jp/waysas/10018614/?rafcid=wsc_i_is_c786838f-2c0a-4f11-8d08-7c1b7cb64c88
2026-06-15 10:53:30,GPU,中古,GIGA-BYTE Technology GeForce GTX 660 2.0GB DVI-I/DVI-D/DisplayPort/HDMI PCI Express 3.0 x16 GV-N660W,5980,アールデバイス,https://item.rakuten.co.jp/waysas/10013149/?rafcid=wsc_i_is_c786838f-2c0a-4f11-8d08-7c1b7cb64c88
2026-06-15 10:53:30,GPU,中古,ASUS NVIDIA GeForce GTX 650 1GB 128BIT GDDR5 GTX650-E-1GD5【中古グラフィックボード】,5980,アールデバイス,https://item.rakuten.co.jp/waysas/10002144/?rafcid=wsc_i_is_c786838f-2c0a-4f11-8d08-7c1b7cb64c88
2026-06-15 10:53:30,GPU,中古,R205-AMD FirePro V5900 2GB グラフィックボード 1点 PCI-Express DP-DVI HF P/N:102C2030201 グラフィックボード V5900 【中古動作美,3980,エーワンケント楽天市場店,https://item.rakuten.co.jp/e-wankento/r205/?rafcid=wsc_i_is_c786838f-2c0a-4f11-8d08-7c1b7cb64c88
2026-06-15 10:53:30,GPU,中古,【中古】グラフィックボード NVIDIA Quadro K2200 PCIExp 4GB,6080,エクセラー3号館 楽天市場店,https://item.rakuten.co.jp/home-carpentry/1050008781/?rafcid=wsc_i_is_c786838f-2c0a-4f11-8d08-7c1b7cb64c88
2026-06-15 10:53:30,GPU,中古,Dell Radeon HD 6450 1GB DVI/HDMI/VGA PCI Express x16 0HCVMH【中古グラフィックボード】,6000,アールデバイス,https://item.rakuten.co.jp/waysas/10011948/?rafcid=wsc_i_is_c786838f-2c0a-4f11-8d08-7c1b7cb64c88
2026-06-15 10:53:30,GPU,中古,中古品 NVIDIA Quadro NVS290 PCI-E 256MB ENVS290-256EB16 ビデオカード ●送料無料・即日発送●,1408,ツタエ,https://item.rakuten.co.jp/auc-tsutae/nvs290/?rafcid=wsc_i_is_c786838f-2c0a-4f11-8d08-7c1b7cb64c88
2026-06-15 10:53:30,GPU,中古,【1日と5.0のつく日、18日はポイント3倍！】【中古】グラフィックボード NVIDIA Quadro 2000 PCIExp 1GB,3100,エクセラー,https://item.rakuten.co.jp/excellar/30309087/?rafcid=wsc_i_is_c786838f-2c0a-4f11-8d08-7c1b7cb64c88
2026-06-15 10:53:30,GPU,中古,【中古】グラフィックボード NVIDIA Quadro P620 NVQP620-2G PCIExp 2GB,6680,エクセラー3号館 楽天市場店,https://item.rakuten.co.jp/home-carpentry/1050012020/?rafcid=wsc_i_is_c786838f-2c0a-4f11-8d08-7c1b7cb64c88
2026-06-15 10:53:30,GPU,中古,【送料無料】グラフィックボード ロープロファイル NVIDIA NVS 315 DMS-59 GDDR3 1GB ビデオカード【中古】,2530,E-SKY 中古PC販売,https://item.rakuten.co.jp/esky-pc/ki-gpu-003/?rafcid=wsc_i_is_c786838f-2c0a-4f11-8d08-7c1b7cb64c88
2026-06-15 10:53:30,GPU,中古,【中古】MSI製グラボ GeForce GTX 1660 SUPER AERO ITX OC PCIExp 6GB 元箱あり,16600,エクセラー2号館 楽天市場店,https://item.rakuten.co.jp/kadekaden/1050014210/?rafcid=wsc_i_is_c786838f-2c0a-4f11-8d08-7c1b7cb64c88
2026-06-15 10:53:30,GPU,中古,【1日と5.0のつく日、18日はポイント3倍！】【中古】グラフィックボード NVIDIA Quadro 600 PCIExp 1GB,2000,エクセラー,https://item.rakuten.co.jp/excellar/30308949/?rafcid=wsc_i_is_c786838f-2c0a-4f11-8d08-7c1b7cb64c88
2026-06-15 10:53:30,GPU,中古,グラフィックボード ビデオカード NVIDIA Quadro 600 GDDR3 1GB PCI-E 送料無料【中古】,2980,E-SKY 中古PC販売,https://item.rakuten.co.jp/esky-pc/ki-gpu-005/?rafcid=wsc_i_is_c786838f-2c0a-4f11-8d08-7c1b7cb64c88
2026-06-15 10:53:30,GPU,中古,R232-Geforce GTX 1050 Ti グラフィックボード 1点 ZOTAC/FUJITSU/NVIDIA/PaLit PCI-Express GTX 1050 Ti 4GB GDDR5 D,6980,エーワンケント楽天市場店,https://item.rakuten.co.jp/e-wankento/r232/?rafcid=wsc_i_is_c786838f-2c0a-4f11-8d08-7c1b7cb64c88
2026-06-15 10:53:30,GPU,中古,GIGA-BYTE Technology GeForce GTX 670 2.0GB DVI-I/DVI-D/HDMI/DisplayPort PCI Express 3.0 x16 GV-N670O,5980,アールデバイス,https://item.rakuten.co.jp/waysas/10013231/?rafcid=wsc_i_is_c786838f-2c0a-4f11-8d08-7c1b7cb64c88
2026-06-15 10:53:30,GPU,中古,【1日と5.0のつく日、18日はポイント3倍！】【中古】グラフィックボード NVIDIA Quadro 4000 PCIExp 2GB,5580,エクセラー,https://item.rakuten.co.jp/excellar/3031565/?rafcid=wsc_i_is_c786838f-2c0a-4f11-8d08-7c1b7cb64c88
2026-06-15 10:53:30,GPU,中古,【1日と5.0のつく日、18日はポイント3倍！】【中古】MSI製グラボ GeForce RTX 3060 Ti VENTUS 2X 8G OCV1 LHR PCIExp 8GB,36800,エクセラー,https://item.rakuten.co.jp/excellar/1050021817/?rafcid=wsc_i_is_c786838f-2c0a-4f11-8d08-7c1b7cb64c88
2026-06-15 10:53:30,GPU,中古,MSI GeForce GTX 660 2048MB DVI-D/DVI-I/HDMI/DisplayPort PCI Express 3.0 x16 N660-2GD5【中古グラフィックボード】,9800,アールデバイス,https://item.rakuten.co.jp/waysas/10013362/?rafcid=wsc_i_is_c786838f-2c0a-4f11-8d08-7c1b7cb64c88
2026-06-15 10:53:30,GPU,中古,【1日と5.0のつく日、18日はポイント3倍！】【中古】ASUS製グラボ STRIX-GTX960-DC2OC-2GD5 PCIExp 2GB,6800,エクセラー,https://item.rakuten.co.jp/excellar/1050014475/?rafcid=wsc_i_is_c786838f-2c0a-4f11-8d08-7c1b7cb64c88
2026-06-15 10:53:30,GPU,中古,【エントリーでポイント5倍】 【Aランク 良品】NVIDIA RTX A4000 GDDR6 16GB 動作確認済 3ヶ月保証付 グラフィックボード DisplayPort 4ポート PCIe Gen,169800,パソコンショップ@フェローズ,https://item.rakuten.co.jp/e-fellows5/13406075/?rafcid=wsc_i_is_c786838f-2c0a-4f11-8d08-7c1b7cb64c88
2026-06-15 10:53:30,GPU,中古,【1日と5.0のつく日、18日はポイント3倍！】【中古】グラフィックボード NVIDIA Quadro K2000 PCIExp 2GB,3780,エクセラー,https://item.rakuten.co.jp/excellar/3031855/?rafcid=wsc_i_is_c786838f-2c0a-4f11-8d08-7c1b7cb64c88
2026-06-15 10:53:30,GPU,中古,Palit Microsystems GeForce GTX 460 1GB VGA/DVI/HDMI PCI Express 2.0 x16 NE5X460SF1102-N1040【中古グラフィック,4980,アールデバイス,https://item.rakuten.co.jp/waysas/10011261/?rafcid=wsc_i_is_c786838f-2c0a-4f11-8d08-7c1b7cb64c88
2026-06-15 10:53:30,GPU,中古,GIGABYTE NVIDIA GeForce GV-N560OC-1GI 1GB GDDR5 256BIT【中古グラフィックボード】,6500,アールデバイス,https://item.rakuten.co.jp/waysas/10002114/?rafcid=wsc_i_is_c786838f-2c0a-4f11-8d08-7c1b7cb64c88
2026-06-15 10:53:30,GPU,中古,【1日と5.0のつく日、18日はポイント3倍！】【中古】グラフィックボード NVIDIA Quadro M2000 PCIExp 4GB,8260,エクセラー,https://item.rakuten.co.jp/excellar/1050004861/?rafcid=wsc_i_is_c786838f-2c0a-4f11-8d08-7c1b7cb64c88
2026-06-15 10:53:30,GPU,中古,【1日と5.0のつく日、18日はポイント3倍！】【中古】MSI製グラボ GeForce GTX 1660 SUPER AERO ITX OC PCIExp 6GB 元箱あり,16600,エクセラー,https://item.rakuten.co.jp/excellar/1050014210/?rafcid=wsc_i_is_c786838f-2c0a-4f11-8d08-7c1b7cb64c88
2026-06-15 10:53:30,GPU,中古,【中古】NVIDIA Quadro FX 1500 256MB DDR3 DVIx2 グラフィックボード,1680,DigitalPark,https://item.rakuten.co.jp/yuukou-pczone/nvidia-fx-1500/?rafcid=wsc_i_is_c786838f-2c0a-4f11-8d08-7c1b7cb64c88
2026-06-15 10:53:30,GPU,中古,【中古】グラフィックボード NVIDIA Quadro 600 PCIExp 1GB,1960,エクセラー3号館 楽天市場店,https://item.rakuten.co.jp/home-carpentry/30308949/?rafcid=wsc_i_is_c786838f-2c0a-4f11-8d08-7c1b7cb64c88
2026-06-15 10:53:30,GPU,中古,【中古】MSI製グラボ GTX 1070 GAMING X 8G PCIExp 8GB,14800,エクセラー2号館 楽天市場店,https://item.rakuten.co.jp/kadekaden/1050007066/?rafcid=wsc_i_is_c786838f-2c0a-4f11-8d08-7c1b7cb64c88
2026-06-15 10:53:30,GPU,中古,ASUSTeK Computer GeForce GTS 450 1GB HDMI/DVI-I/VGA PCI Express 2.0 x16 ENGTS450 DIRECTCU/DI/1GD5【中古,4980,アールデバイス,https://item.rakuten.co.jp/waysas/10011945/?rafcid=wsc_i_is_c786838f-2c0a-4f11-8d08-7c1b7cb64c88
2026-06-15 10:53:30,GPU,中古,【中古】ASRock製グラボ Radeon RX 6600 Challenger D 8GB PCIExp 8GB 元箱あり,24600,エクセラー2号館 楽天市場店,https://item.rakuten.co.jp/kadekaden/1050018790/?rafcid=wsc_i_is_c786838f-2c0a-4f11-8d08-7c1b7cb64c88
2026-06-15 10:53:30,GPU,中古,【中古】ELSA NVIDIA Quadro K2200搭載 プロフェッショナルグラフィックスボード メモリ4GB EQK2200-4GER d2ldlup,10750,ドリエムコーポレーション,https://item.rakuten.co.jp/doriem/yb00mnwyk6s/?rafcid=wsc_i_is_c786838f-2c0a-4f11-8d08-7c1b7cb64c88
2026-06-15 10:53:30,GPU,中古,【中古】グラフィックボード NVIDIA Quadro K2200 PCIExp 4GB,6080,エクセラー2号館 楽天市場店,https://item.rakuten.co.jp/kadekaden/1050008781/?rafcid=wsc_i_is_c786838f-2c0a-4f11-8d08-7c1b7cb64c88
2026-06-15 10:53:30,GPU,中古,MSI R5770 Hawk Twin Frozr II RADEON HD 5770 1GB GDDR5 DP/HDMI/DVI-I【中古グラフィックボード】,4980,アールデバイス,https://item.rakuten.co.jp/waysas/10003118/?rafcid=wsc_i_is_c786838f-2c0a-4f11-8d08-7c1b7cb64c88
2026-06-15 10:53:30,GPU,中古,ZOTAC GeForce GTX 750 1024MB DL-DVI-I/DL-DVI-D/mini-HDMI PCI Express 3.0 x16 ZT-70701-10M【中古グラフィックボー,8800,アールデバイス,https://item.rakuten.co.jp/waysas/10013159/?rafcid=wsc_i_is_c786838f-2c0a-4f11-8d08-7c1b7cb64c88
2026-06-15 10:53:30,GPU,中古,【中古】グラフィックボード NVIDIA Quadro P400 PCIExp 2GB,3880,エクセラー3号館 楽天市場店,https://item.rakuten.co.jp/home-carpentry/1050017796/?rafcid=wsc_i_is_c786838f-2c0a-4f11-8d08-7c1b7cb64c88
2026-06-15 10:53:30,GPU,中古,【1日と5.0のつく日、18日はポイント3倍！】【中古】グラフィックボード NVIDIA Quadro K4200 PCIExp 4GB,8880,エクセラー,https://item.rakuten.co.jp/excellar/1050003059/?rafcid=wsc_i_is_c786838f-2c0a-4f11-8d08-7c1b7cb64c88
2026-06-15 10:53:30,GPU,中古,【1日と5.0のつく日、18日はポイント3倍！】【中古】グラフィックボード NVIDIA Quadro P400 PCIExp 2GB,4480,エクセラー,https://item.rakuten.co.jp/excellar/1050017796/?rafcid=wsc_i_is_c786838f-2c0a-4f11-8d08-7c1b7cb64c88
2026-06-15 10:53:30,GPU,中古,AMD Radeon HD 6770 1GB HDMI/DVI/VGA PCI Express x16 LF R84FB【中古グラフィックボード】,6980,アールデバイス,https://item.rakuten.co.jp/waysas/10011516/?rafcid=wsc_i_is_c786838f-2c0a-4f11-8d08-7c1b7cb64c88
2026-06-15 10:53:30,GPU,中古,【中古】MSI GTX 750Ti GAMING グラフィックスボード 日本正規代理店品 VD5285 N750Ti TF 2GD5/OC 9jupf8b,54782,ドリエムコーポレーション,https://item.rakuten.co.jp/doriem/yb00ikafh2i/?rafcid=wsc_i_is_c786838f-2c0a-4f11-8d08-7c1b7cb64c88
2026-06-15 10:53:30,GPU,中古,NVIDIA Corporation GeForce GTX 670 2GB DVI *2/HDMI/DisplayPort PCI Express 2.0 x16 915-3004【中古グラフィック,9800,アールデバイス,https://item.rakuten.co.jp/waysas/10012681/?rafcid=wsc_i_is_c786838f-2c0a-4f11-8d08-7c1b7cb64c88
2026-06-15 10:53:30,GPU,中古,ZOTAC GeForce GTX 550 Ti 1GB DVI *2/HDMI/DisplayPort PCI Express 2.0 x16 ZT-50401【中古グラフィックボード】,5980,アールデバイス,https://item.rakuten.co.jp/waysas/10009362/?rafcid=wsc_i_is_c786838f-2c0a-4f11-8d08-7c1b7cb64c88
2026-06-15 10:53:30,GPU,中古,【中古】グラボ NVIDIA Quadro K2200 NVQK2200 PCIExp 4GB,6800,エクセラー3号館 楽天市場店,https://item.rakuten.co.jp/home-carpentry/1050003225/?rafcid=wsc_i_is_c786838f-2c0a-4f11-8d08-7c1b7cb64c88
2026-06-15 10:53:30,GPU,中古,【中古】グラフィックボード NVIDIA Quadro 4000 PCIExp 2GB,5580,エクセラー2号館 楽天市場店,https://item.rakuten.co.jp/kadekaden/3031565/?rafcid=wsc_i_is_c786838f-2c0a-4f11-8d08-7c1b7cb64c88
2026-06-15 10:53:30,GPU,中古,HP GeForce GTX 260 1.8GB DVI*2 PCI Express x16 594502-001【中古グラフィックボード】,6000,アールデバイス,https://item.rakuten.co.jp/waysas/10010702/?rafcid=wsc_i_is_c786838f-2c0a-4f11-8d08-7c1b7cb64c88
2026-06-15 10:53:30,GPU,中古,【中古】グラフィックボード NVIDIA Quadro 2000 PCIExp 1GB,3060,エクセラー2号館 楽天市場店,https://item.rakuten.co.jp/kadekaden/30309087/?rafcid=wsc_i_is_c786838f-2c0a-4f11-8d08-7c1b7cb64c88
2026-06-15 10:53:30,GPU,中古,ASUSTeK Computer GeForce 9400 GT 512MB DVI-I/D-Sub/TV-out PCI Express 2.0 x16 EN9400GT SILENT/HTP/51,6000,アールデバイス,https://item.rakuten.co.jp/waysas/10012130/?rafcid=wsc_i_is_c786838f-2c0a-4f11-8d08-7c1b7cb64c88
2026-06-15 10:53:30,GPU,中古,[msi/HP/DELL他] NVIDIA GeForce GTX 1060 SUPER AERO他 エヌビディア 3GB 6GB GDDR5 192bit PCI-エクスプレス PCI Expres,7480,seihan楽天市場店,https://item.rakuten.co.jp/seihan-shop/gb-nvidia-gtx1060/?rafcid=wsc_i_is_c786838f-2c0a-4f11-8d08-7c1b7cb64c88
2026-06-15 10:53:30,GPU,中古,Palit Microsystems GeForce 8400 GS 512MB HDMI/D-Sub 15-Pin/Dual-Link DVI-I PCI Express 2.0 x16 NEAG8,6000,アールデバイス,https://item.rakuten.co.jp/waysas/10012121/?rafcid=wsc_i_is_c786838f-2c0a-4f11-8d08-7c1b7cb64c88
2026-06-15 10:53:30,GPU,中古,Palit Microsystems Geforce GT 520 1GB HDMI/DVI PCI Express 2.0 x16 NEAT5200HD06-1193F LowProfile【中古グ,6000,アールデバイス,https://item.rakuten.co.jp/waysas/10011447/?rafcid=wsc_i_is_c786838f-2c0a-4f11-8d08-7c1b7cb64c88
2026-06-15 10:53:30,GPU,中古,ASUSTeK Computer Radeon HD 6850 1024MB DVI-I/DVI-D/DisplayPort/HDMI PCI Express 2.1 x16 EAH6850 DC/2,6500,アールデバイス,https://item.rakuten.co.jp/waysas/10013367/?rafcid=wsc_i_is_c786838f-2c0a-4f11-8d08-7c1b7cb64c88
2026-06-15 10:53:30,GPU,中古,【中古】グラフィックボード NVIDIA Quadro K4000 PCIExp 3GB,6800,エクセラー2号館 楽天市場店,https://item.rakuten.co.jp/kadekaden/3032075/?rafcid=wsc_i_is_c786838f-2c0a-4f11-8d08-7c1b7cb64c88
2026-06-15 10:53:30,GPU,中古,Nvidia Quadro FX 4800 1.5GB GDDR5 PCI-E DVI/DPx2【中古グラフィックボード】,5980,アールデバイス,https://item.rakuten.co.jp/waysas/10003337/?rafcid=wsc_i_is_c786838f-2c0a-4f11-8d08-7c1b7cb64c88
2026-06-15 10:53:30,GPU,中古,【中古】グラフィックボード NVIDIA Quadro M2000 PCIExp 4GB,8260,エクセラー3号館 楽天市場店,https://item.rakuten.co.jp/home-carpentry/1050004861/?rafcid=wsc_i_is_c786838f-2c0a-4f11-8d08-7c1b7cb64c88
2026-06-15 10:53:30,GPU,中古,【中古】MSI GeForce RTX 2080 Ti GAMING X TRIO グラフィックスボード VD6722,85050,オマツリライフ別館,https://item.rakuten.co.jp/omatsuri-life2/b07gsnbykc/?rafcid=wsc_i_is_c786838f-2c0a-4f11-8d08-7c1b7cb64c88
2026-06-15 10:53:30,GPU,中古,【1日と5.0のつく日、18日はポイント3倍！】【中古】グラフィックボード NVIDIA Quadro M4000 PCIExp 8GB,18800,エクセラー,https://item.rakuten.co.jp/excellar/1050008022/?rafcid=wsc_i_is_c786838f-2c0a-4f11-8d08-7c1b7cb64c88
2026-06-15 10:53:30,GPU,中古,【中古】グラボ NVIDIA Quadro K620 PCIExp 2GB,3060,エクセラー3号館 楽天市場店,https://item.rakuten.co.jp/home-carpentry/1050002552/?rafcid=wsc_i_is_c786838f-2c0a-4f11-8d08-7c1b7cb64c88
2026-06-15 10:53:30,GPU,中古,【1日と5.0のつく日、18日はポイント3倍！】【中古】MSI製グラボ GeForce GTX 1660 SUPER AERO ITX OC PCIExp 6GB,15800,エクセラー,https://item.rakuten.co.jp/excellar/1050015380/?rafcid=wsc_i_is_c786838f-2c0a-4f11-8d08-7c1b7cb64c88
2026-06-15 10:53:30,GPU,中古,ZOTAC Technology GeForce GTX 1050 2048MB HDMI/DisplayPort/Dual Link DVI-D PCI Express 3.0 x16 ZT-P10,9800,アールデバイス,https://item.rakuten.co.jp/waysas/10014475/?rafcid=wsc_i_is_c786838f-2c0a-4f11-8d08-7c1b7cb64c88
2026-06-15 10:53:30,GPU,中古,【1日と5.0のつく日、18日はポイント3倍！】【中古】ZOTAC製グラボ GAMING GeForce RTX 2060 ZT-T20600H-10M PCIExp 6GB,20800,エクセラー,https://item.rakuten.co.jp/excellar/1050014028/?rafcid=wsc_i_is_c786838f-2c0a-4f11-8d08-7c1b7cb64c88
2026-06-15 10:53:30,GPU,中古,PowerColor RED DEVIL RADEON RX 580 8GB GDDR5 HDMI/DisplayPort/DualLink DVI-D VR READY 【中古グラフィックボード】,19800,アールデバイス,https://item.rakuten.co.jp/waysas/10012634/?rafcid=wsc_i_is_c786838f-2c0a-4f11-8d08-7c1b7cb64c88
2026-06-15 10:53:30,GPU,中古,【中古】MSI GeForce GT710 GDDR3 1GB グラフィックスボード VD5932,13159,お取り寄せ本舗 KOBACO,https://item.rakuten.co.jp/kobaco-003/b01b14rhiq/?rafcid=wsc_i_is_c786838f-2c0a-4f11-8d08-7c1b7cb64c88
2026-06-15 10:53:30,GPU,中古,Dell Radeon R9 270 2.0GB DVI-I/DVI-D/DisplayPort/HDMI PCI Express 3.0 x16 09KYFK【中古グラフィックボード】,7980,アールデバイス,https://item.rakuten.co.jp/waysas/10012294/?rafcid=wsc_i_is_c786838f-2c0a-4f11-8d08-7c1b7cb64c88
2026-06-15 10:53:30,GPU,中古,【1日と5.0のつく日、18日はポイント3倍！】【中古】グラフィックボード NVIDIA Quadro P620 NVQP620-2G PCIExp 2GB,6680,エクセラー,https://item.rakuten.co.jp/excellar/1050012020/?rafcid=wsc_i_is_c786838f-2c0a-4f11-8d08-7c1b7cb64c88
2026-06-15 10:53:30,GPU,中古,MSI GeForce GTX 660 2GB DVI *2/HDMI/DisplayPort PCI Express 3.0 x16 N660GTX Twin Frozr III OC【中古グラフィ,6980,アールデバイス,https://item.rakuten.co.jp/waysas/10011974/?rafcid=wsc_i_is_c786838f-2c0a-4f11-8d08-7c1b7cb64c88
2026-06-15 10:53:30,GPU,中古,ELSA GLADIAC GeForce GTX 285 V2 1GB GDDR3 PCI Express対応 DVI-Ix2 GD285-1GEBX2【中古グラフィックボード】,9800,アールデバイス,https://item.rakuten.co.jp/waysas/10004063/?rafcid=wsc_i_is_c786838f-2c0a-4f11-8d08-7c1b7cb64c88
2026-06-15 10:53:30,GPU,中古,SAPPHIRE Technology Radeon HD 6850 1GB DDR5 PCI-E 11180-00-20R【中古グラフィックボード】,6980,アールデバイス,https://item.rakuten.co.jp/waysas/10001766/?rafcid=wsc_i_is_c786838f-2c0a-4f11-8d08-7c1b7cb64c88
2026-06-15 10:53:30,GPU,中古,【中古】MSI GeForce GTX 1050 Ti 4GT LP グラフィックスボード LPモデル VD6238,26606,オマツリライフ別館,https://item.rakuten.co.jp/omatsuri-life2/b01mxydhjh/?rafcid=wsc_i_is_c786838f-2c0a-4f11-8d08-7c1b7cb64c88
2026-06-15 10:53:30,GPU,中古,【中古】グラフィックボード NVIDIA Quadro P1000 PCIExp 4GB,9400,エクセラー2号館 楽天市場店,https://item.rakuten.co.jp/kadekaden/1050007754/?rafcid=wsc_i_is_c786838f-2c0a-4f11-8d08-7c1b7cb64c88
2026-06-15 10:53:30,GPU,中古,MSI GeForce GTX 560 1GB DVIx2/Mini-HDMI PCI Express 2.0 x16 N560GTX-M2D1GD5【中古グラフィックボード】,6500,アールデバイス,https://item.rakuten.co.jp/waysas/10009364/?rafcid=wsc_i_is_c786838f-2c0a-4f11-8d08-7c1b7cb64c88
2026-06-15 10:53:30,GPU,中古,【中古】グラフィックボード NVIDIA Quadro P2000 PCIExp 5GB,13600,エクセラー3号館 楽天市場店,https://item.rakuten.co.jp/home-carpentry/1050007753/?rafcid=wsc_i_is_c786838f-2c0a-4f11-8d08-7c1b7cb64c88
2026-06-15 10:53:30,GPU,中古,【中古】グラフィックボード NVIDIA Quadro K2000 PCIExp 2GB,3450,エクセラー2号館 楽天市場店,https://item.rakuten.co.jp/kadekaden/3031855/?rafcid=wsc_i_is_c786838f-2c0a-4f11-8d08-7c1b7cb64c88
2026-06-15 10:53:30,GPU,中古,【中古】MSI GeForce GTX 1050 2GT LP グラフィックスボード LPモデル VD6239,83790,オマツリライフ別館,https://item.rakuten.co.jp/omatsuri-life2/b01msz81c2/?rafcid=wsc_i_is_c786838f-2c0a-4f11-8d08-7c1b7cb64c88
2026-06-15 10:53:30,GPU,中古,【中古】グラフィックボード NVIDIA Quadro RTX 4000 PCIExp 8GB,39200,エクセラー2号館 楽天市場店,https://item.rakuten.co.jp/kadekaden/1050014882/?rafcid=wsc_i_is_c786838f-2c0a-4f11-8d08-7c1b7cb64c88
2026-06-15 10:53:30,GPU,中古,【中古】MSI TWINFROZR VI クーリングシステム搭載 グラフィックボード GeForce GTX 1080 GAMING X 8G 2zzhgl6,93095,ドリエムコーポレーション,https://item.rakuten.co.jp/doriem/yb01gelbo1c/?rafcid=wsc_i_is_c786838f-2c0a-4f11-8d08-7c1b7cb64c88
2026-06-15 10:53:30,GPU,ジャンク,エイスース ASUS 【ジャンク品】 GeForce RTX2060S 8GD6 VGA CARD 【中古】,19140,ワットマン楽天市場店,https://item.rakuten.co.jp/wattmann/gzd115704267/?rafcid=wsc_i_is_c786838f-2c0a-4f11-8d08-7c1b7cb64c88
2026-06-15 10:53:30,GPU,ジャンク,【中古】 自作機 Z490-A PRO Core i5 10400F Windows7世代のPC タワー型 グラボ搭載 USB3.0 HDMI ジャンクPC [96553],34800,パソコン販売のライズマーク,https://item.rakuten.co.jp/risemark/96553/?rafcid=wsc_i_is_c786838f-2c0a-4f11-8d08-7c1b7cb64c88
2026-06-15 10:53:30,GPU,ジャンク,【中古】 自作機 H77M Core i5 3550 タワー型 グラボ搭載 USB3.0 HDMI ジャンクPC 送料無料 [95257],4250,パソコン販売のライズマーク,https://item.rakuten.co.jp/risemark/95257/?rafcid=wsc_i_is_c786838f-2c0a-4f11-8d08-7c1b7cb64c88
2026-06-15 10:53:30,GPU,ジャンク,ギガバイト GIGABYTE 【ジャンク品】ビデオカード Geforce GTX970 4GB GV-N970G1 【中古】,10538,ワットマン楽天市場店,https://item.rakuten.co.jp/wattmann/bhd109677910/?rafcid=wsc_i_is_c786838f-2c0a-4f11-8d08-7c1b7cb64c88
2026-06-15 10:53:30,SSD,新品,【エントリーで最大2万ポイント当たる｜6/25まで】 SanDisk｜サンディスク SDSSDE61-1T00-J25 外付けSSD USB-C＋USB-A接続 Extreme Portable SS,47610,楽天ビック(ビックカメラ×楽天),https://item.rakuten.co.jp/biccamera/4523052024313/?rafcid=wsc_i_is_c786838f-2c0a-4f11-8d08-7c1b7cb64c88
2026-06-15 10:53:30,SSD,新品,"【ふるさと納税】キオクシア(KIOXIA) PCIe(R) Gen5x4 内蔵SSD EXCERIA PLUS G4 NVMe M.2 Type 2280 (最大読込: 10,000MB/s)/1TB",195000,三重県四日市市,https://item.rakuten.co.jp/f242021-yokkaichi/kioxia15/?rafcid=wsc_i_is_c786838f-2c0a-4f11-8d08-7c1b7cb64c88
2026-06-15 10:53:30,SSD,新品,＼連続ランキング1位獲得／ポータブルSSD 1TB 外付SSD SanDisk サンディスクSSD USB3.2 Gen2 Extreme R:1050MB/s W:1000MB/s USB-A/US,31500,SPD楽天市場店,https://item.rakuten.co.jp/spd-shop/sassd1tb-e61/?rafcid=wsc_i_is_c786838f-2c0a-4f11-8d08-7c1b7cb64c88
2026-06-15 10:53:30,SSD,新品,【6/19マデ特別価格&P10倍】【短納期】【公式・直販】ノートパソコン 新品 Office付き 可能 Lenovo IdeaPad Slim 3 Gen 10 14.0インチ WUXGA IPS 液,104980,レノボ・ショッピング 楽天市場店,https://item.rakuten.co.jp/lenovopc/83k6000djp/?rafcid=wsc_i_is_c786838f-2c0a-4f11-8d08-7c1b7cb64c88
2026-06-15 10:53:30,SSD,新品,Crucial クルーシャル 1TB P3 Plus NVMe PCIe M.2 2280 SSD R:5000MB/s W:3600MB/s 【5年保証・翌日配達送料無料】企業向けバルク品 CT10,23980,SPD楽天市場店,https://item.rakuten.co.jp/spd-shop/mcssd1t-p3p/?rafcid=wsc_i_is_c786838f-2c0a-4f11-8d08-7c1b7cb64c88
2026-06-15 10:53:30,SSD,新品,ポータブルSSD 4TB 外付SSD SanDisk サンディスクSSD USB3.2 Gen2 Extreme R:1050MB/s W:1000MB/s USB-A/USB-C両対応 海外パッケー,93780,SPD楽天市場店,https://item.rakuten.co.jp/spd-shop/sassd4tb-e61/?rafcid=wsc_i_is_c786838f-2c0a-4f11-8d08-7c1b7cb64c88
2026-06-15 10:53:30,SSD,新品,SSD 1TB 外付SSD ポータブルSSD USB3.2 Gen2 SanDisk サンディスク Extreme R:1050MB/s W:1000MB/s USB-A/USB-C両対応 海外リテー,31500,風見鶏,https://item.rakuten.co.jp/kazamidori/0619659182557/?rafcid=wsc_i_is_c786838f-2c0a-4f11-8d08-7c1b7cb64c88
2026-06-15 10:53:30,SSD,新品,I-O DATA（アイ・オー・データ機器） USB 3.2 Gen 2対応 ポータブルSSD SSPA-USC2K ブラック　SSD：2TB,41580,ケーズデンキ 楽天市場店,https://item.rakuten.co.jp/ksdenki/4957180162188/?rafcid=wsc_i_is_c786838f-2c0a-4f11-8d08-7c1b7cb64c88
2026-06-15 10:53:30,SSD,新品,＼連続ランキング1位獲得／SPD SSD 512GB 【5年保証・翌日配達送料無料】内蔵 2.5インチ 7mm SATAIII 6Gb/s 550MB/s 3D NAND採用 デスクトップパソコン ノ,11980,SPD楽天市場店,https://item.rakuten.co.jp/spd-shop/spdssd512g-q300ses3d/?rafcid=wsc_i_is_c786838f-2c0a-4f11-8d08-7c1b7cb64c88
2026-06-15 10:53:30,SSD,新品,＼数量限定 手頃価格で放出／ Crucial クルーシャル SSD 3D NAND SATA3 2.5インチ 7mm 内蔵型 SSD 2TB(2000GB) 6Gb/s R:560MB/s W:510,45980,MATEBUS楽天市場店,https://item.rakuten.co.jp/matebus/ct2000mx500ssd1/?rafcid=wsc_i_is_c786838f-2c0a-4f11-8d08-7c1b7cb64c88
2026-06-15 10:53:30,SSD,新品,Fanxiang SSD R:560MB/s W:510MB/s 256GB/512GB/1TB/2TB/4TB 内蔵SSD SATA3.0 2.5インチ 6Gb/s 7mm 3D NAND PS4に,6780,Fanxiang Japan楽天市場店,https://item.rakuten.co.jp/fanxiang-official/s101q/?rafcid=wsc_i_is_c786838f-2c0a-4f11-8d08-7c1b7cb64c88
2026-06-15 10:53:30,SSD,新品,ポータブルSSD 2TB 外付SSD USB3.2 Gen2 SanDisk サンディスク R:800MB/s USB 10Gbps USB-C to Aケーブル同梱 小型 軽量 高耐久 海外リテール,49999,風見鶏,https://item.rakuten.co.jp/kazamidori/0619659204853/?rafcid=wsc_i_is_c786838f-2c0a-4f11-8d08-7c1b7cb64c88
2026-06-15 10:53:30,SSD,新品,【ふるさと納税】【選べる容量】BUFFALO ポータブルSSD 250GB 500GB 1TB 2TB 外付けSSD コンパクト 持ち運び 外付け SSD 家電 バッファロー PC周辺機器 愛知県 日,65000,愛知県日進市,https://item.rakuten.co.jp/f232301-nisshin/52290403/?rafcid=wsc_i_is_c786838f-2c0a-4f11-8d08-7c1b7cb64c88
2026-06-15 10:53:30,SSD,新品,Crucial クルーシャル 1TB P3 Plus NVMe PCIe M.2 2280 SSD R:5000MB/s W:3600MB/s 【5年保証・翌日配達送料無料】企業向けバルク品 CT10,23999,SPD楽天市場店,https://item.rakuten.co.jp/spd-shop/mcssd1t-p3p-bulk/?rafcid=wsc_i_is_c786838f-2c0a-4f11-8d08-7c1b7cb64c88
2026-06-15 10:53:30,SSD,新品,BUFFALO バッファロー 外付けSSD ポータブル USB3.2 Gen2 小型 TV録画対応 ブラック SSD-PSTU3BA/D 250GB/500GB/1TB/2TB,11800,ひかりTVショッピング 楽天市場店,https://item.rakuten.co.jp/hikaritv/1710000067/?rafcid=wsc_i_is_c786838f-2c0a-4f11-8d08-7c1b7cb64c88
2026-06-15 10:53:30,SSD,新品,"fanxiang SSD 512GB 1TB 2TB 4TBPCIe Gen3.0×4 M.2 Type2280 NVMe 1.4 内蔵 最大読込3,600MB/s 32Gbps 3D NAND搭載 ",12580,Fanxiang Japan楽天市場店,https://item.rakuten.co.jp/fanxiang-official/s501q/?rafcid=wsc_i_is_c786838f-2c0a-4f11-8d08-7c1b7cb64c88
2026-06-15 10:53:30,SSD,新品,SSD 2TB 外付SSD ポータブルSSD USB3.2 Gen2 SanDisk サンディスク Extreme R:1050MB/s W:1000MB/s USB-A/USB-C両対応 海外リテー,56427,風見鶏,https://item.rakuten.co.jp/kazamidori/0619659184674/?rafcid=wsc_i_is_c786838f-2c0a-4f11-8d08-7c1b7cb64c88
2026-06-15 10:53:30,SSD,新品,Fanxiang SSD R:550MB/s W:500MB/s 128GB/256GB/512GB/1TB/2TB/4TB 内蔵SSD SATA3.0 2.5インチ Fanxiang 6Gb/s 7,4580,Fanxiang Japan楽天市場店,https://item.rakuten.co.jp/fanxiang-official/s101-256gb/?rafcid=wsc_i_is_c786838f-2c0a-4f11-8d08-7c1b7cb64c88
2026-06-15 10:53:30,SSD,新品,SSD 外付け スティック型 読み込み最大 1000MB/s USB A Type-C コンパクト ポータブル 超小型 PS5 テレビ録画 アルミ筐体 USB-C ガンメタリック,12800,サンワダイレクト楽天市場店,https://item.rakuten.co.jp/sanwadirect/600-ussc/?rafcid=wsc_i_is_c786838f-2c0a-4f11-8d08-7c1b7cb64c88
2026-06-15 10:53:30,SSD,新品,【時限特恵！】500G 外付けssd 1TB 外付 ポータブルSSD 超薄型ポータブル ハードディスク 2TB USB3.1 Type-C 対応 スマホ互換可 耐衝撃 外付けハードディス USB-A/,2679,くらし小物屋,https://item.rakuten.co.jp/clinkshop425/lm89051/?rafcid=wsc_i_is_c786838f-2c0a-4f11-8d08-7c1b7cb64c88
2026-06-15 10:53:30,SSD,新品,Crucial クルーシャル SSD 480GB 【3年保証・翌日配達送料無料】BX500 SATA 6.0Gb/s 内蔵 2.5インチ 7mm CT480BX500SSD1,14980,SPD楽天市場店,https://item.rakuten.co.jp/spd-shop/mcssd480g-bx500/?rafcid=wsc_i_is_c786838f-2c0a-4f11-8d08-7c1b7cb64c88
2026-06-15 10:53:30,SSD,新品,Crucial クルーシャル SSD 1TB(1000GB) 【3年保証・翌日配達送料無料】内蔵 2.5インチ 7mm SATA 6.0Gb/s CT1000BX500SSD1 グローバル パッケージ,23980,SPD楽天市場店,https://item.rakuten.co.jp/spd-shop/mcssd1000g-bx500/?rafcid=wsc_i_is_c786838f-2c0a-4f11-8d08-7c1b7cb64c88
2026-06-15 10:53:30,SSD,新品,期間限定ポイント2倍！Crucial クルーシャル SSD 500GB 【3年保証・翌日配達送料無料】BX500 SATA 6.0Gb/s 内蔵 2.5インチ 7mm CT500BX500SSD1,16980,SPD楽天市場店,https://item.rakuten.co.jp/spd-shop/mcssd500g-bx500/?rafcid=wsc_i_is_c786838f-2c0a-4f11-8d08-7c1b7cb64c88
2026-06-15 10:53:30,SSD,新品,シリコンパワー SSD 外付けssd 1TB Gen 1 Type-A to USB 3.2 Type-C コネクター付属 外付ssd 1テラ 1t usb-c ポータブルSSD SSD 外付け パソ,20980,シリコンパワーダイレクト,https://item.rakuten.co.jp/silicon-power-direct/sp010tbpsds05saktc/?rafcid=wsc_i_is_c786838f-2c0a-4f11-8d08-7c1b7cb64c88
2026-06-15 10:53:30,SSD,新品,WINTEN M.2 SSD 4TB M.2 2280 PCIe Gen4x4 NVMe 【5年保証 送料無料 ヒートシンク付き】 WT44PRO-SSD-4TB PS5動作確認済み ゲーミング 高速,78120,WINTEN 楽天市場店,https://item.rakuten.co.jp/win10/6157/?rafcid=wsc_i_is_c786838f-2c0a-4f11-8d08-7c1b7cb64c88
2026-06-15 10:53:30,SSD,新品,【6/19マデ特別価格&P10倍】【短納期】【公式・直販】AI PC ノートパソコン Office付き 可能 新品 Lenovo IdeaPad Slim 3 Gen 10 15.3インチ WUXGA,124980,レノボ・ショッピング 楽天市場店,https://item.rakuten.co.jp/lenovopc/82xm00fcjp/?rafcid=wsc_i_is_c786838f-2c0a-4f11-8d08-7c1b7cb64c88
2026-06-15 10:53:30,SSD,新品,期間限定ポイント2倍！Crucial クルーシャル 500GB NVMe PCIe M.2 SSD P2シリーズ Type2280 【5年保証・翌日配達送料無料】CT500P2SSD8 パッケージ品,17150,SPD楽天市場店,https://item.rakuten.co.jp/spd-shop/mcssd500g-p2-5y/?rafcid=wsc_i_is_c786838f-2c0a-4f11-8d08-7c1b7cb64c88
2026-06-15 10:53:30,SSD,新品,Crucial P1 500GB 3D NAND NVMe PCIe M.2 SSD CT500P1SSD8【翌日配達送料無料】パッケージ品 MCSSD500G-P1,15980,SPD楽天市場店,https://item.rakuten.co.jp/spd-shop/mcssd500gb-p1/?rafcid=wsc_i_is_c786838f-2c0a-4f11-8d08-7c1b7cb64c88
2026-06-15 10:53:30,SSD,新品,外付SSD ポータブルSSD 4TB SanDisk サンディスク Extreme R:1050MB/s W:1000MB/s USB3.2 Gen2 USB-A/C両対応 海外リテール SDSSDE,93780,風見鶏,https://item.rakuten.co.jp/kazamidori/0619659184704/?rafcid=wsc_i_is_c786838f-2c0a-4f11-8d08-7c1b7cb64c88
2026-06-15 10:53:30,SSD,新品,SanDisk｜サンディスク SDSSDE61-2T00-J25 外付けSSD USB-C＋USB-A接続 Extreme Portable SSD ブラック [2TB /ポータブル型],76221,楽天ビック(ビックカメラ×楽天),https://item.rakuten.co.jp/biccamera/4523052024542/?rafcid=wsc_i_is_c786838f-2c0a-4f11-8d08-7c1b7cb64c88
2026-06-15 10:53:30,SSD,新品,Acer (エイサー) Predator 4TB 【3D NAND TLC 】NVMe1.4 ゲーミング SSD M.2 2280 PCIe Gen4x4 R:7400MB/s W:6500MB/s ,82980,SPD楽天市場店,https://item.rakuten.co.jp/spd-shop/gm7-4tb/?rafcid=wsc_i_is_c786838f-2c0a-4f11-8d08-7c1b7cb64c88
2026-06-15 10:53:30,SSD,新品,【楽天1位！】＼memcarycard正規品／外付けSSD 1TB 超小型 コンパクト USB3.2 高速ポータブルSSD 読み込み560MB/s 書き込み510MB/s ポータブル,2900,イロトリドリ 楽天市場店,https://item.rakuten.co.jp/irotoridori3939/s1976/?rafcid=wsc_i_is_c786838f-2c0a-4f11-8d08-7c1b7cb64c88
2026-06-15 10:53:30,SSD,新品,SSD 外付け 250GB 薄型 スリム PS5 Pro / PS4 Slim / テレビ 録画 / PC 対応 小型 ポータブル スティック USBメモリ タイプ USB-A USB3.2 (Gen,8780,ロジテックダイレクト@楽天市場店,https://item.rakuten.co.jp/logitec/lmd-spdl025u3/?rafcid=wsc_i_is_c786838f-2c0a-4f11-8d08-7c1b7cb64c88
2026-06-15 10:53:30,SSD,新品,Crucial クルーシャル SSD 240GB【3年保証・翌日配達送料無料】BX500 SATA 6.0Gb/s 内蔵 2.5インチ 7mm CT240BX500SSD1 企業向けバルク品,7980,SPD楽天市場店,https://item.rakuten.co.jp/spd-shop/mcssd240g-bx500-bulk/?rafcid=wsc_i_is_c786838f-2c0a-4f11-8d08-7c1b7cb64c88
2026-06-15 10:53:30,SSD,新品,【6/19マデ特別価格&P10倍】【公式・直販】デスクトップパソコン PC 新品 Office付き 可能 Lenovo IdeaCentre Tower 08IRH9 Core i5-13420H メ,124980,レノボ・ショッピング 楽天市場店,https://item.rakuten.co.jp/lenovopc/90xw001cjp/?rafcid=wsc_i_is_c786838f-2c0a-4f11-8d08-7c1b7cb64c88
2026-06-15 10:53:30,SSD,新品,＼連続ランキング1位獲得／SPD SSD 1TB【5年保証・翌日配達送料無料】内蔵 2.5インチ 7mm SATAIII 6Gb/s 550MB/s 3D NAND採用 デスクトップパソコン ノートパ,19980,SPD楽天市場店,https://item.rakuten.co.jp/spd-shop/spdssd1t-q300ses3d/?rafcid=wsc_i_is_c786838f-2c0a-4f11-8d08-7c1b7cb64c88
2026-06-15 10:53:30,SSD,新品,SPD SSD 2TB 堅牢・軽量アルミ製筐体 内蔵 2.5インチ 7mm SATAIII 6Gb/s 550MB/s 3D NANDフラッシュ搭載 デスクトップパソコン ノートパソコン PS4検証済,33980,SPD楽天市場店,https://item.rakuten.co.jp/spd-shop/spdssd2t-sq300/?rafcid=wsc_i_is_c786838f-2c0a-4f11-8d08-7c1b7cb64c88
2026-06-15 10:53:30,SSD,新品,I-O DATA（アイ・オー・データ機器） スティックSSD SSPS-US2GR グレー×ブラック　SSD：2TB,36080,ケーズデンキ 楽天市場店,https://item.rakuten.co.jp/ksdenki/4957180171302/?rafcid=wsc_i_is_c786838f-2c0a-4f11-8d08-7c1b7cb64c88
2026-06-15 10:53:30,SSD,新品,【 SALE】ポータブルSSD 外付け 2TB 4TB ハードディスク USB3.1 外付け 耐衝撃 強互換性 外付け ポータブルハードディスク 静音 コンパクト 小型 高速転送 外付けSSD 超薄型,3280,けいひん本舗,https://item.rakuten.co.jp/keihinhonpo/ydyw-/?rafcid=wsc_i_is_c786838f-2c0a-4f11-8d08-7c1b7cb64c88
2026-06-15 10:53:30,SSD,新品,バッファロー BUFFALO 外付けSSD SSD-PSTA/D 250GB/500GB/1TB [USB3.2(Gen1) TV録画対応 SSD],11800,イートレンド楽天市場店,https://item.rakuten.co.jp/etre/1265799/?rafcid=wsc_i_is_c786838f-2c0a-4f11-8d08-7c1b7cb64c88
2026-06-15 10:53:30,SSD,新品,【15日はエントリーで最大5000ポイント】BUFFALO バッファロー外付けSSD ポータブル USB3.2 Gen1 スティック型 TV録画対応 1.0TB ブラック SSD-PUT1.0U3BC,40202,e-zoa 楽天市場 SHOP,https://item.rakuten.co.jp/e-zoa/itm0015811890/?rafcid=wsc_i_is_c786838f-2c0a-4f11-8d08-7c1b7cb64c88
2026-06-15 10:53:30,SSD,新品,【エントリーで最大2万ポイント当たる｜6/25まで】 SanDisk｜サンディスク SDSSDE81-2T00-J25 外付けSSD USB-C＋USB-A接続 Extreme PRO Portabl,118800,楽天ビック(ビックカメラ×楽天),https://item.rakuten.co.jp/biccamera/4523052024344/?rafcid=wsc_i_is_c786838f-2c0a-4f11-8d08-7c1b7cb64c88
2026-06-15 10:53:30,SSD,新品,BX500 CT2000BX500SSD1JP,37556,ツクモ 楽天市場店,https://item.rakuten.co.jp/shoptsukumo/5765696017/?rafcid=wsc_i_is_c786838f-2c0a-4f11-8d08-7c1b7cb64c88
2026-06-15 10:53:30,SSD,新品,【国内正規流通品】 Western Digital ウエスタンデジタル WD Blue SATA SSD 内蔵 2TB 2.5インチ ( 読取り最大 560MB/s 書込み最大 520MB/s ) P,73013,ピーサイドキック 楽天市場店,https://item.rakuten.co.jp/psidekick/0718037884660/?rafcid=wsc_i_is_c786838f-2c0a-4f11-8d08-7c1b7cb64c88
2026-06-15 10:53:30,SSD,新品,サンディスク　外付けSSD　USB−C＋USB−A接続　エクストリーム　V2　ブラック／オレンジ　［ポータブル型　／2TB］　SDSSDE61-2T00-J25,76221,コジマ楽天市場店,https://item.rakuten.co.jp/r-kojima/4523052024542/?rafcid=wsc_i_is_c786838f-2c0a-4f11-8d08-7c1b7cb64c88
2026-06-15 10:53:30,SSD,新品,バッファロー BUFFALO スティック型SSD SSD-PUTC/Dシリーズ [外付けSSD ポータブル USB3.2 Gen1 スティック型 番組録画対応 250GB/500GB/1.0TB ブラ,15980,イートレンド楽天市場店,https://item.rakuten.co.jp/etre/1223016/?rafcid=wsc_i_is_c786838f-2c0a-4f11-8d08-7c1b7cb64c88
2026-06-15 10:53:30,SSD,新品,【ふるさと納税】BUFFALO スティック型 SSD 500GB 抗ウイルス 抗菌 家電 電化製品 ポータブル USB テレビ パソコン PC周辺機器 パソコン周辺機器 外付けドライブ 録画 録画用 ,98000,愛知県日進市,https://item.rakuten.co.jp/f232301-nisshin/52290535/?rafcid=wsc_i_is_c786838f-2c0a-4f11-8d08-7c1b7cb64c88
2026-06-15 10:53:30,SSD,新品,シリコンパワー SSD 1TB 3D NAND採用 SATA3 6Gbps 2.5インチ 7mm SATA III sata A55 1テラ 1T パソコン 高速 化 データ転送 高速 耐衝撃 大容量,21980,シリコンパワーダイレクト,https://item.rakuten.co.jp/silicon-power-direct/sp001tbss3a55s25/?rafcid=wsc_i_is_c786838f-2c0a-4f11-8d08-7c1b7cb64c88
2026-06-15 10:53:30,SSD,新品,シリコンパワー SSD 2TB 3D NAND採用 SATA3 6Gbps 2.5インチ 7mm SATA III sata A55 2テラ 2T パソコン 高速 化 データ転送 高速 耐衝撃 大容量,35980,シリコンパワーダイレクト,https://item.rakuten.co.jp/silicon-power-direct/sp002tbss3a55s25/?rafcid=wsc_i_is_c786838f-2c0a-4f11-8d08-7c1b7cb64c88
2026-06-15 10:53:30,SSD,新品,KIOXIA（キオクシア） 外付けSSD SSD-PKP1.0U3G2-B ブラック　SSD：1.0TB,44880,ケーズデンキ 楽天市場店,https://item.rakuten.co.jp/ksdenki/4582761160057/?rafcid=wsc_i_is_c786838f-2c0a-4f11-8d08-7c1b7cb64c88
2026-06-15 10:53:30,SSD,新品,シリコンパワー SSD 外付けssd 500GB Gen 2 DS72 Type-A to USB 3.2 Type-C 外付ssd usb-c ポータブルSSD 外付け パソコン デスクトップ 高速,13980,シリコンパワーダイレクト,https://item.rakuten.co.jp/silicon-power-direct/sp500gbuc3s72v1k/?rafcid=wsc_i_is_c786838f-2c0a-4f11-8d08-7c1b7cb64c88
2026-06-15 10:53:30,SSD,新品,シリコンパワー SSD 内蔵ssd 1TB UD9N ストレージ nvme m.2 ゲーム 内蔵型 超高速 ゲーミングSSD パソコン ゲーミング PC 3D NAND M.2 2280 PCIe4.,25980,シリコンパワーダイレクト,https://item.rakuten.co.jp/silicon-power-direct/sj01kgbp44ud9n05j5/?rafcid=wsc_i_is_c786838f-2c0a-4f11-8d08-7c1b7cb64c88
2026-06-15 10:53:30,SSD,新品,ポータブルSSD 1TB 外付SSD SanDisk サンディスクSSD USB3.2 Gen2 Extreme R:1050MB/s W:1000MB/s USB-A/USB-C両対応 海外パッケー,31500,SPD楽天市場店,https://item.rakuten.co.jp/spd-shop/sassd1tb-e60/?rafcid=wsc_i_is_c786838f-2c0a-4f11-8d08-7c1b7cb64c88
2026-06-15 10:53:30,SSD,新品,【P10%還元】【短納期】【公式・直販】ノートパソコン 新品 Office付き 可能 Lenovo IdeaPad Slim 3 Gen 8 15.6インチ FHD IPS液晶 AMD Ryzen 5,114800,レノボ・ショッピング 楽天市場店,https://item.rakuten.co.jp/lenovopc/82vg00f8jp/?rafcid=wsc_i_is_c786838f-2c0a-4f11-8d08-7c1b7cb64c88
2026-06-15 10:53:30,SSD,新品,サンディスク　外付けSSD USB-C+USB-A接続 エクストリーム V2 ブラック オレンジ ポータブル型 1TB 　SDSSDE61-1T00-J25,47610,コジマ楽天市場店,https://item.rakuten.co.jp/r-kojima/4523052024313/?rafcid=wsc_i_is_c786838f-2c0a-4f11-8d08-7c1b7cb64c88
2026-06-15 10:53:30,SSD,新品,Fanxiang M.2 SSD PS5対応 R:7450MB/s W:6750MB/s 1TB/2TB/4TB PS5 SSD M.2 内蔵SSD SSD NVMe PCIe Gen4.0x4 64,24980,Fanxiang Japan楽天市場店,https://item.rakuten.co.jp/fanxiang-official/s880/?rafcid=wsc_i_is_c786838f-2c0a-4f11-8d08-7c1b7cb64c88
2026-06-15 10:53:30,SSD,新品,シリコンパワー SSD 内蔵SSD 512GB ストレージ NVME PCIe Gen3 m.2 ssd 2280 ゲーム 内蔵型 超高速 ゲーミングSSD パソコン ゲーミング PC 3D NAND,15980,シリコンパワーダイレクト,https://item.rakuten.co.jp/silicon-power-direct/sp512gbp34a60m28/?rafcid=wsc_i_is_c786838f-2c0a-4f11-8d08-7c1b7cb64c88
2026-06-15 10:53:30,SSD,新品,【ふるさと納税】BUFFALO スティック型 SSD 1TB ポータブルSSD コンパクト 持ち運び USB 家電,165000,愛知県日進市,https://item.rakuten.co.jp/f232301-nisshin/52290534/?rafcid=wsc_i_is_c786838f-2c0a-4f11-8d08-7c1b7cb64c88
2026-06-15 10:53:30,SSD,新品,シリコンパワー SSD 内蔵SSD 256GB ストレージ NVME PCIe Gen3 m.2 ssd 2280 ゲーム 内蔵型 超高速 ゲーミングSSD パソコン ゲーミング PC 3D NAND,8980,シリコンパワーダイレクト,https://item.rakuten.co.jp/silicon-power-direct/sp256gbp34a60m28/?rafcid=wsc_i_is_c786838f-2c0a-4f11-8d08-7c1b7cb64c88
2026-06-15 10:53:30,SSD,新品,期間限定ポイント2倍！Crucial クルーシャル SSD 1TB(1000GB) 【3年保証・翌日配達送料無料】 内蔵 2.5インチ 7mm SATA 6.0Gb/s CT1000BX500SSD1,24180,SPD楽天市場店,https://item.rakuten.co.jp/spd-shop/mcssd1000g-bx500-1/?rafcid=wsc_i_is_c786838f-2c0a-4f11-8d08-7c1b7cb64c88
2026-06-15 10:53:30,SSD,新品,BUFFALO バッファロー 外付けSSD ポータブル USB3.2 Gen1 スティック型 TV録画対応 ブラック SSD-PUTU3BC/D 250GB/500GB/1TB/2TB,15980,ひかりTVショッピング 楽天市場店,https://item.rakuten.co.jp/hikaritv/1710000065/?rafcid=wsc_i_is_c786838f-2c0a-4f11-8d08-7c1b7cb64c88
2026-06-15 10:53:30,SSD,新品,【1500円オフ&ポイント3倍】外付けSSD 最大1TB SSD NVMe 外付け ポータブルSSD ハードディスク type-c 高速 USB3.2(Gen2) 外付け SSD アルミ 全4色 ハー,4980,L.I.B,https://item.rakuten.co.jp/lelib/ssd-1/?rafcid=wsc_i_is_c786838f-2c0a-4f11-8d08-7c1b7cb64c88
2026-06-15 10:53:30,SSD,新品,シリコンパワー SSD 外付けssd 2TB Gen 1 Type-A to USB 3.2 Type-C コネクター付属 外付ssd 2テラ 2t usb-c ポータブルSSD SSD 外付け パソ,39280,シリコンパワーダイレクト,https://item.rakuten.co.jp/silicon-power-direct/sp020tbpsds05saktc/?rafcid=wsc_i_is_c786838f-2c0a-4f11-8d08-7c1b7cb64c88
2026-06-15 10:53:30,SSD,新品,【15日限定ポイント5倍】ポータブルSSD 1TB/2TB/4TB Extreme PRO SSD 外付SSD SanDisk サンディスクSSD USB 3.2 Gen 2x2 最大2000MB/s,65605,SPD楽天市場店,https://item.rakuten.co.jp/spd-shop/sassd-e81/?rafcid=wsc_i_is_c786838f-2c0a-4f11-8d08-7c1b7cb64c88
2026-06-15 10:53:30,SSD,新品,KIOXIA キオクシア　内蔵SSD SATA接続 EXCERIA [960GB /2.5インチ]｢バルク品｣　SSD-CK960S/J,29980,コジマ楽天市場店,https://item.rakuten.co.jp/r-kojima/4582563854307/?rafcid=wsc_i_is_c786838f-2c0a-4f11-8d08-7c1b7cb64c88
2026-06-15 10:53:30,SSD,新品,IODATA アイ・オー・データ SSPS-US1W USB USB 3.2 Gen2 対応 スティックSSD 1TB SSPSUS1W,61411,イーベストPC・家電館,https://item.rakuten.co.jp/ebest/4957180171265/?rafcid=wsc_i_is_c786838f-2c0a-4f11-8d08-7c1b7cb64c88
2026-06-15 10:53:30,SSD,新品,R084-Micron SSD 256 GB 2.5 インチ SATA 1点 1100 増設SSD 型番:MTFDDAK256TBN 【中古動作品】,4250,エーワンケント楽天市場店,https://item.rakuten.co.jp/e-wankento/r084/?rafcid=wsc_i_is_c786838f-2c0a-4f11-8d08-7c1b7cb64c88
2026-06-15 10:53:30,SSD,新品,シリコンパワー SSD 512GB 3D NAND採用 SATA3 6Gbps 2.5インチ 7mm SATA III sata A55 512ギガ パソコン 高速 化 データ転送 高速 耐衝撃 大容,12980,シリコンパワーダイレクト,https://item.rakuten.co.jp/silicon-power-direct/sp512gbss3a55s25/?rafcid=wsc_i_is_c786838f-2c0a-4f11-8d08-7c1b7cb64c88
2026-06-15 10:53:30,SSD,新品,R038-INTEL 2.5インチ SATA 256GB SSD 1点 インテル SSD PRO 5450S/5400S/545S SERIES 6Gb/s 増設SSD ノートパソコン用SSD デスク,4200,エーワンケント楽天市場店,https://item.rakuten.co.jp/e-wankento/r038/?rafcid=wsc_i_is_c786838f-2c0a-4f11-8d08-7c1b7cb64c88
2026-06-15 10:53:30,SSD,新品,WesternDigital ウエスタンデジタル WDBAGF0020BBL-JESN ブルー USB 3.2 Gen 2対応の高速ポータブルSSD 2TB WDBAGF0020BBL,88880,イーベストPC・家電館,https://item.rakuten.co.jp/ebest/4523052024771/?rafcid=wsc_i_is_c786838f-2c0a-4f11-8d08-7c1b7cb64c88
2026-06-15 10:53:30,SSD,新品,SanDisk SSD 外付け 1TB USB3.2Gen2 読出最大1050MB/秒 防滴防塵 SDSSDE61-1T00-GH25 エクストリーム ポータブルSSD V2 Win Mac PS4 ,39800,NISSIN LUX,https://item.rakuten.co.jp/nissin-lux/sd-ssd-1tb/?rafcid=wsc_i_is_c786838f-2c0a-4f11-8d08-7c1b7cb64c88
2026-06-15 10:53:30,SSD,新品,Fanxiang M.2 内蔵SSD PS5対応・5年保証 R:7200MB/s W:6100MB/s SSD 500GB/1TB/2TB NVMe 2280 PCIe Gen4.0x4 64Gb/s,13980,Fanxiang Japan楽天市場店,https://item.rakuten.co.jp/fanxiang-official/s880e/?rafcid=wsc_i_is_c786838f-2c0a-4f11-8d08-7c1b7cb64c88
2026-06-15 10:53:30,SSD,新品,【MEGADEAL P10%】【短納期】【公式・直販】 ノートパソコン 新品 Lenovo IdeaPad Slim 3 Gen 10 14.0インチ WUXGA IPS 液晶 AMD Ryzen 7,124980,レノボ・ショッピング 楽天市場店,https://item.rakuten.co.jp/lenovopc/83k6000cjp/?rafcid=wsc_i_is_c786838f-2c0a-4f11-8d08-7c1b7cb64c88
2026-06-15 10:53:30,SSD,新品,エレコム 外付けポータブルSSD ESD-EMC1000GBK ブラック　SSD：1TB,29800,ケーズデンキ 楽天市場店,https://item.rakuten.co.jp/ksdenki/4549550279826/?rafcid=wsc_i_is_c786838f-2c0a-4f11-8d08-7c1b7cb64c88
2026-06-15 10:53:30,SSD,新品,R149-Micron NVMe 512GB SSD 1点 マイクロン2200S / 3400 増設SSD ノートパソコン用SSD デスクトップPC用SSD M.2 2280 Gen3x4 3.3V ,8500,エーワンケント楽天市場店,https://item.rakuten.co.jp/e-wankento/r149/?rafcid=wsc_i_is_c786838f-2c0a-4f11-8d08-7c1b7cb64c88
2026-06-15 10:53:30,SSD,新品,【最大3000円OFF&ポイント5倍！】中古ノートパソコン Office付き Windows11 Core i5 第8世代 SSD256GB メモリ8GB 15.6型 テンキー DVD 初心者 在宅ワ,33999,中古パソコン くじらや,https://item.rakuten.co.jp/pckujira/omakase2002/?rafcid=wsc_i_is_c786838f-2c0a-4f11-8d08-7c1b7cb64c88
2026-06-15 10:53:30,SSD,新品,【新品】Windows11 ノートパソコン office付き 15.6インチワイド液晶 フルHD Intel Pentium GOLD 6500Y メモリ12GB 新品SSD256GB USB3.0 ,39800,KRダイレクト,https://item.rakuten.co.jp/krdirect/kr-cj4125/?rafcid=wsc_i_is_c786838f-2c0a-4f11-8d08-7c1b7cb64c88
2026-06-15 10:53:30,SSD,新品,【ふるさと納税】BUFFALO ポータブル SSD 500GB TypeA ＆ TypeC USB 外付けssd 外付けSSD 外付けドライブ 家電 電化製品 パソコン PC周辺機器 パソコン周辺機器,85000,愛知県日進市,https://item.rakuten.co.jp/f232301-nisshin/52290401/?rafcid=wsc_i_is_c786838f-2c0a-4f11-8d08-7c1b7cb64c88
2026-06-15 10:53:30,SSD,新品,【月間優良ショップ受賞】Lexar NQ100 2.5 SATAIII SSD 1TB 480GB 2.5インチ 内蔵SSD SATA3 7mm ソリッドステートドライブ ssd SATA3 6Gb/,13800,ファストオンライン,https://item.rakuten.co.jp/fastonline/lnq100x480g-rnnng/?rafcid=wsc_i_is_c786838f-2c0a-4f11-8d08-7c1b7cb64c88
2026-06-15 10:53:30,SSD,新品,【楽天1位受賞】M1対応 WAVLINK HDDスタンド USB3.0接続 2.5型 / 3.5型 SATA HDD/SSD対応 パソコンなしでHDDのまるごとコピー機能付き（クローン機能） 16TB,3680,WAVLINKダイレクト楽天市場店,https://item.rakuten.co.jp/wavlink/wl-st334u-bl/?rafcid=wsc_i_is_c786838f-2c0a-4f11-8d08-7c1b7cb64c88
2026-06-15 10:53:30,SSD,新品,"Monster Storage SSD 4TB ヒートシンク搭載 高耐久性 NVMe SSD PCIe Gen4.0×4 読み取り:7,100MB/s 書き込み:6,100MB/s 【新型PS5】PS",109800,優良生活専門店,https://item.rakuten.co.jp/bestlife-store/ms950g70pcie4hse-04tb/?rafcid=wsc_i_is_c786838f-2c0a-4f11-8d08-7c1b7cb64c88
2026-06-15 10:53:30,SSD,新品,【月間優良ショップ受賞】Lexar NM610 PRO 1TB 内蔵SSD M.2 SSD NVMe 1TB PCIe Gen3x4 NVMe SSD M.2 2280 内蔵SSD PC ストレージ ,21800,ファストオンライン,https://item.rakuten.co.jp/fastonline/lnm610p001t-rnnng/?rafcid=wsc_i_is_c786838f-2c0a-4f11-8d08-7c1b7cb64c88
2026-06-15 10:53:30,SSD,新品,美品 12.1インチ Panasonic Let's note CF-SV1RD WUXGA フルHD対応/ Windows11/ 卓越性能 第11世代Core i5-1145G7/ 8GB/ 爆速N,36990,レインボー家電,https://item.rakuten.co.jp/rainbowpc/panasonic18-xxx/?rafcid=wsc_i_is_c786838f-2c0a-4f11-8d08-7c1b7cb64c88
2026-06-15 10:53:30,SSD,新品,＼数量限定 手頃価格で放出／ Crucial クルーシャル SSD 500GB SATA3 6Gb/s 3D NAND 内蔵型 2.5インチ 7mm R:550MB/s W:500MB/s BX500,17350,MATEBUS楽天市場店,https://item.rakuten.co.jp/matebus/ct500bx500ssd1/?rafcid=wsc_i_is_c786838f-2c0a-4f11-8d08-7c1b7cb64c88
2026-06-15 10:53:30,SSD,新品,WDS100T2X0E [M.2 NVMe 内蔵SSD / 1TB / PCIe Gen4x4 / ヒートシンク非搭載 / WD_BLACK SN850X NVMe SSDシリーズ / PS5動作確認,42748,ツクモ 楽天市場店,https://item.rakuten.co.jp/shoptsukumo/1543587010/?rafcid=wsc_i_is_c786838f-2c0a-4f11-8d08-7c1b7cb64c88
2026-06-15 10:53:30,SSD,新品,【楽天1位受賞】ポータブル SSD 2TB 外付け スティック型 USB3.2 Gen2 小型 テレビ 録画 ゲーム機 PS5 PS4 Xbox Series X スライド式 直挿し シルバー,66800,サンワダイレクト楽天市場店,https://item.rakuten.co.jp/sanwadirect/600-ussd2tbs/?rafcid=wsc_i_is_c786838f-2c0a-4f11-8d08-7c1b7cb64c88
2026-06-15 10:53:30,SSD,新品,【国内正規流通品】 キオクシア KIOXIA 内蔵 SSD 960GB 2.5インチ 7mm SATA Serial ATA 国産BiCS FLASH搭載 保証 EXCERIA SSD-CK960S/,27253,ピーサイドキック 楽天市場店,https://item.rakuten.co.jp/psidekick/4582563854307/?rafcid=wsc_i_is_c786838f-2c0a-4f11-8d08-7c1b7cb64c88
2026-06-15 10:53:30,SSD,新品,WINTEN SSD 128GB 3年保証 SATA3 6Gbps 3D NANDフラッシュ搭載 最大転送速度520MB/s デスクトップPC ノートPC PS4動作確認済 2.5インチ エラー訂正機,4180,WINTEN 楽天市場店,https://item.rakuten.co.jp/win10/5588/?rafcid=wsc_i_is_c786838f-2c0a-4f11-8d08-7c1b7cb64c88
2026-06-15 10:53:30,SSD,新品,SPD SSD 256GB 堅牢・軽量アルミ製筐体 内蔵 2.5インチ 7mm SATAIII 6Gb/s 520MB/s 3D NANDフラッシュ搭載 デスクトップパソコン ノートパソコン PS4検,7280,SPD楽天市場店,https://item.rakuten.co.jp/spd-shop/spdssd256g-sq300/?rafcid=wsc_i_is_c786838f-2c0a-4f11-8d08-7c1b7cb64c88
2026-06-15 10:53:30,SSD,新品,R065-SAMSUNG 512GB NVMe SSD 1点 サムセン PM981a/PM9A1 3.3V 2.8A 増設SSD 型番:MZ-VLB512B/MZ-VL2512A 送料無料【中古動作品,8500,エーワンケント楽天市場店,https://item.rakuten.co.jp/e-wankento/r065/?rafcid=wsc_i_is_c786838f-2c0a-4f11-8d08-7c1b7cb64c88
2026-06-15 10:53:30,SSD,中古,r003-SAMSUNG 2.5インチ 128GB SATA SSD 1点 サムセン CM871a / PM871b / PM871 / PM851 型番：MZ-7TY1280 / MZ-7LN128,2400,エーワンケント楽天市場店,https://item.rakuten.co.jp/e-wankento/r003/?rafcid=wsc_i_is_c786838f-2c0a-4f11-8d08-7c1b7cb64c88
2026-06-15 10:53:30,SSD,中古,R016- SAMSUNG 2.5インチ 512GB SSD 1点 PM871b/PM881/SM871/CM871a/PM871a/PM871 SATA 6.0Gbps 増設SSD ノートパソコン用,8200,エーワンケント楽天市場店,https://item.rakuten.co.jp/e-wankento/r016/?rafcid=wsc_i_is_c786838f-2c0a-4f11-8d08-7c1b7cb64c88
2026-06-15 10:53:30,SSD,中古,HP EliteOne 800 G6 AIO 23.8インチ 第10世代 Core i5 メモリ16GB SSD 512GB Office付き Webカメラ WiFi Windows11 一体型 中古,58800,BTOパソコン専門店のPC-MAX,https://item.rakuten.co.jp/pc-max-shop/tei-aio-hp-1/?rafcid=wsc_i_is_c786838f-2c0a-4f11-8d08-7c1b7cb64c88
2026-06-15 10:53:30,SSD,中古,R007-SanDisk 2.5インチ SATA 512GB SSD 1点 5V 1.6A 増設SSD ノートパソコン用SSD デスクトップPC用SSD 5V 0.5A 厚み7mm 型番:SD9TB8,8300,エーワンケント楽天市場店,https://item.rakuten.co.jp/e-wankento/r007/?rafcid=wsc_i_is_c786838f-2c0a-4f11-8d08-7c1b7cb64c88
2026-06-15 10:53:30,SSD,中古,R084-Micron SSD 256 GB 2.5 インチ SATA 1点 1100 増設SSD 型番:MTFDDAK256TBN 【中古動作品】,4250,エーワンケント楽天市場店,https://item.rakuten.co.jp/e-wankento/r084/?rafcid=wsc_i_is_c786838f-2c0a-4f11-8d08-7c1b7cb64c88
2026-06-15 10:53:30,SSD,中古,【日時指定できず】中古 2.5インチ内蔵 SATA 大手メーカー SSD256GB 増設SSD ノートパソコン用SSD 良品 安心保証付 代引き可 外付けUSBケース追加可能 送料無料,8800,DigitalPark,https://item.rakuten.co.jp/yuukou-pczone/ooite-ssd256gb/?rafcid=wsc_i_is_c786838f-2c0a-4f11-8d08-7c1b7cb64c88
2026-06-15 10:53:30,SSD,中古,R153-256GB NVMe SSD 1点 増設SSD KIOXIA/SKhynix/SAMSUNG/WD（Type2230）ノートパソコン用SSD 増設SSD ★送料無料★ 【中古動作品】,4400,エーワンケント楽天市場店,https://item.rakuten.co.jp/e-wankento/r153/?rafcid=wsc_i_is_c786838f-2c0a-4f11-8d08-7c1b7cb64c88
2026-06-15 10:53:30,SSD,中古,R065-SAMSUNG 512GB NVMe SSD 1点 サムセン PM981a/PM9A1 3.3V 2.8A 増設SSD 型番:MZ-VLB512B/MZ-VL2512A 送料無料【中古動作品,8500,エーワンケント楽天市場店,https://item.rakuten.co.jp/e-wankento/r065/?rafcid=wsc_i_is_c786838f-2c0a-4f11-8d08-7c1b7cb64c88
2026-06-15 10:53:30,SSD,中古,4100円OFFクーポンあり! 高性能 第8世代 Celeron CPUにアップグレード中! 中古ノートパソコン Windows11 ssd 128GB 中古パソコン ノート Windows11 おま,19800,マンツウオンラインショップ,https://item.rakuten.co.jp/mantubiz/10002105/?rafcid=wsc_i_is_c786838f-2c0a-4f11-8d08-7c1b7cb64c88
2026-06-15 10:53:30,SSD,中古,【中古】Intel SSD 320 Series 120GB MLC 2.5inch 7mm SSDSA2BW120G3H 内臓SSD sata 増設SSD　送料無料,2750,E-SKY 中古PC販売,https://item.rakuten.co.jp/esky-pc/ki-hdd-ssdsa2bw120g3/?rafcid=wsc_i_is_c786838f-2c0a-4f11-8d08-7c1b7cb64c88
2026-06-15 10:53:30,SSD,中古,3100円OFFクーポン【Win11正式対応】Webカメラ&テンキー付き ノートパソコン 中古 パソコン メモリ 8GB 最大32GB 新品 SSD 256GB 高性能 第8世代 Core i5搭載 ,29800,マンツウオンラインショップ,https://item.rakuten.co.jp/mantubiz/10002103/?rafcid=wsc_i_is_c786838f-2c0a-4f11-8d08-7c1b7cb64c88
2026-06-15 10:53:30,SSD,中古,R216-Kingston 2.5インチ 256 GB SATA SSD 1点 キンストン SSD now 256 GB 5V 1A 増設SSD 型番:RBU-SC180DS37/256GH / RB,4250,エーワンケント楽天市場店,https://item.rakuten.co.jp/e-wankento/r216/?rafcid=wsc_i_is_c786838f-2c0a-4f11-8d08-7c1b7cb64c88
2026-06-15 10:53:30,SSD,中古,中古パソコン 中古ノートパソコン Panasonic Let's note CF-SV9 Windows11搭載 Corei5 メモリ8GB or 16GB SSD512GB or 1TB Offic,69999,OAサポート,https://item.rakuten.co.jp/oasupport/18122602/?rafcid=wsc_i_is_c786838f-2c0a-4f11-8d08-7c1b7cb64c88
2026-06-15 10:53:30,SSD,中古,中古M.2SSD 128GB B&M-Key Type2280 メーカーおまかせ 内蔵SSD 動作確認済 本体のみ 7日保証 メール便 クリックポスト 送料無料,2350,中古パソコン情報会館 楽天市場店,https://item.rakuten.co.jp/mediatorconnect/pt-250527-m2ssd128sata-omk/?rafcid=wsc_i_is_c786838f-2c0a-4f11-8d08-7c1b7cb64c88
2026-06-15 10:53:30,SSD,中古,R038-INTEL 2.5インチ SATA 256GB SSD 1点 インテル SSD PRO 5450S/5400S/545S SERIES 6Gb/s 増設SSD ノートパソコン用SSD デスク,4200,エーワンケント楽天市場店,https://item.rakuten.co.jp/e-wankento/r038/?rafcid=wsc_i_is_c786838f-2c0a-4f11-8d08-7c1b7cb64c88
2026-06-15 10:53:30,SSD,中古,R087-PCIe 128GB M.2 SATA SSD 1点 SAMSUNG/Big Innovation 3.3V /2A/1.7A/1.8A 型番：MZ-NLN128C/MZ-NLN1280/B,2150,エーワンケント楽天市場店,https://item.rakuten.co.jp/e-wankento/r087/?rafcid=wsc_i_is_c786838f-2c0a-4f11-8d08-7c1b7cb64c88
2026-06-15 10:53:30,SSD,中古,R151-SAMSUNG NVMe 512GB SSD 1点 サムセン PM981/PM961/SM961 増設SSD ノートパソコン用SSD デスクトップPC用SSD 型番：MZ-VLB5120/M,8300,エーワンケント楽天市場店,https://item.rakuten.co.jp/e-wankento/r151/?rafcid=wsc_i_is_c786838f-2c0a-4f11-8d08-7c1b7cb64c88
2026-06-15 10:53:30,SSD,中古,R083-SAMSUNG 2.5インチ 256 GB SSD 1点 サムセン PM871b/PM871/PM881/PM871a/CM871a SATA 6.0Gbps 増設SSD 型番:MZ-7LN,4250,エーワンケント楽天市場店,https://item.rakuten.co.jp/e-wankento/r083/?rafcid=wsc_i_is_c786838f-2c0a-4f11-8d08-7c1b7cb64c88
2026-06-15 10:53:30,SSD,中古,HP ProOne 600 G6 AIO 21.5インチ 第10世代 Core i7 メモリ16GB Nvme M.2 SSD 512GB Office付き Webカメラ WiFi Type-C Wi,66800,BTOパソコン専門店のPC-MAX,https://item.rakuten.co.jp/pc-max-shop/tei-aio-hp-7/?rafcid=wsc_i_is_c786838f-2c0a-4f11-8d08-7c1b7cb64c88
2026-06-15 10:53:30,SSD,中古,"【2,500円OFFクーポン 6/15迄】中古ノートパソコン Office付き Core i7 第6世代 第8世代から選択可 メモリ16GB SSD512GB Windows11 Windows10 ",45800,パソコンショップ プラン,https://item.rakuten.co.jp/auc-puran/om-i7-2nd/?rafcid=wsc_i_is_c786838f-2c0a-4f11-8d08-7c1b7cb64c88
2026-06-15 10:53:30,SSD,中古,応援セット おすすめ 23インチ モニターセット 高速 Core i7 SSD 256GB メモリ 16GB ■ 限定 大型 Webカメラ （マイク内蔵）& 新品キーボード プレゼント Wi-Fi オ,39800,パソコン販売のPasonetTE,https://item.rakuten.co.jp/pasonette/20200529-01/?rafcid=wsc_i_is_c786838f-2c0a-4f11-8d08-7c1b7cb64c88
2026-06-15 10:53:30,SSD,中古,R176-SAMSUNG 256GB PCIe NVMe SSD 1点 サムセン PM981/PM981a 型番:MZ-VLB2560/MZ-VLB256B 増設SSD ノートパソコン用SSD デスク,4500,エーワンケント楽天市場店,https://item.rakuten.co.jp/e-wankento/r176/?rafcid=wsc_i_is_c786838f-2c0a-4f11-8d08-7c1b7cb64c88
2026-06-15 10:53:30,SSD,中古,2画面対応 大型 22インチ ■ 超高速 大型 SSD 512GB ■ 16GBメモリ ■ 最上位モデル Core i7 ■ Wi-Fi付 ■ 新品 Webカメラ付 ■ DELL OptiPlex 9,44800,パソコン販売のPasonetTE,https://item.rakuten.co.jp/pasonette/20200520-01/?rafcid=wsc_i_is_c786838f-2c0a-4f11-8d08-7c1b7cb64c88
2026-06-15 10:53:30,SSD,中古,Micron RealSSD C400 2.5インチ 128GB SATA 6GB/S 9mm 内臓SSD　増設SSD　送料無料【中古】,2640,E-SKY 中古PC販売,https://item.rakuten.co.jp/esky-pc/ki-hdd-084/?rafcid=wsc_i_is_c786838f-2c0a-4f11-8d08-7c1b7cb64c88
2026-06-15 10:53:30,SSD,中古,6.10日限定10倍＆抽選で10000P！｜2021年モデル！高性能ノートパソコン Windows11 富士通 LIFEBOOK A5511 第11世代Celeron 6305U最大メモリ32GB 秒,15120,パソコン専門店pc-eco,https://item.rakuten.co.jp/pc-eco2000/outletnote-celeron-7/?rafcid=wsc_i_is_c786838f-2c0a-4f11-8d08-7c1b7cb64c88
2026-06-15 10:53:30,SSD,中古,Panasonic Lets note CF-SV7 第8世代 Core i5 メモリ8GB SSD 256GB Office付き Webカメラ Windows11 モバイルPC ノートパソコン 中古,23800,BTOパソコン専門店のPC-MAX,https://item.rakuten.co.jp/pc-max-shop/tei-nt-panasonic-9/?rafcid=wsc_i_is_c786838f-2c0a-4f11-8d08-7c1b7cb64c88
2026-06-15 10:53:30,SSD,中古,東芝 2.5インチ 128GB SATA THNSNJ128GCSU 内臓SSD　増設SSD　送料無料【中古】,2970,E-SKY 中古PC販売,https://item.rakuten.co.jp/esky-pc/ki-hdd-070/?rafcid=wsc_i_is_c786838f-2c0a-4f11-8d08-7c1b7cb64c88
2026-06-15 10:53:30,SSD,中古,Kioxia NVMe PCIe SSD 256GB M.2 2230 / 2280 両対応 エクステンション付 Gen3 x4 ソリッドステートドライブ KBG40ZNS256G 使用時間100時間,5980,KRダイレクト,https://item.rakuten.co.jp/krdirect/inter_ssd_kioxia_256gb_m2_w/?rafcid=wsc_i_is_c786838f-2c0a-4f11-8d08-7c1b7cb64c88
2026-06-15 10:53:30,SSD,中古,HP ProDesk 400 G6 DM 第10世代 Core i5 メモリ16GB Nvme M.2 SSD 256GB Office付き Type-C Windows11 デスクトップパソコン 中,49800,BTOパソコン専門店のPC-MAX,https://item.rakuten.co.jp/pc-max-shop/tei-dt-lenovo-m73/?rafcid=wsc_i_is_c786838f-2c0a-4f11-8d08-7c1b7cb64c88
2026-06-15 10:53:30,SSD,中古,22インチ 液晶セット Dell 第7世代 Core i5 メモリ16GB SSD 256GB Office付き WiFi HDMI Windows11 デスクトップパソコン 中古パソコン,36800,BTOパソコン専門店のPC-MAX,https://item.rakuten.co.jp/pc-max-shop/tei-set-dell-8/?rafcid=wsc_i_is_c786838f-2c0a-4f11-8d08-7c1b7cb64c88
2026-06-15 10:53:30,SSD,中古,中古パソコン 中古ノートパソコン NEC 店長おまかせ VersaPro シリーズ Windows11搭載 第8世代Corei5 メモリ16GB 新品SSD1TB Office選択可 15.6型 高性,59999,OAサポート,https://item.rakuten.co.jp/oasupport/versaproshirizu/?rafcid=wsc_i_is_c786838f-2c0a-4f11-8d08-7c1b7cb64c88
2026-06-15 10:53:30,SSD,中古,DELL Latitude E5530 Core i7 16GB 新品SSD480GB スーパーマルチ 無線LAN Windows10 64bitWPSOffice 15.6インチ 中古 中古パソコン,48800,岡田電機,https://item.rakuten.co.jp/okadenki/10001339/?rafcid=wsc_i_is_c786838f-2c0a-4f11-8d08-7c1b7cb64c88
2026-06-15 10:53:30,SSD,中古,"【中古】2.5インチ Intel SSD 711 Series 32GB SSDSA2SH032G2 2.5"" 3Gb/s SATA SSD 32G 内蔵SSD ノート用SSD ハードデスク ★送料無",1210,E-SKY 中古PC販売,https://item.rakuten.co.jp/esky-pc/ki-hdd-32gb-intel/?rafcid=wsc_i_is_c786838f-2c0a-4f11-8d08-7c1b7cb64c88
2026-06-15 10:53:30,SSD,中古,24インチ 液晶セット Dell 第10世代 Core i5 メモリ16GB Nvme M.2 SSD 512GB Office付き WiFi USB3.2 Windows11 デスクトップパソコン ,67800,BTOパソコン専門店のPC-MAX,https://item.rakuten.co.jp/pc-max-shop/tei-set-hp-1/?rafcid=wsc_i_is_c786838f-2c0a-4f11-8d08-7c1b7cb64c88
2026-06-15 10:53:30,SSD,中古,【最大3000円OFF&ポイント5倍！】中古ノートパソコン Office付き Windows11 Core i5 第8世代 SSD256GB メモリ8GB 15.6型 テンキー DVD 初心者 在宅ワ,33999,中古パソコン くじらや,https://item.rakuten.co.jp/pckujira/omakase2002/?rafcid=wsc_i_is_c786838f-2c0a-4f11-8d08-7c1b7cb64c88
2026-06-15 10:53:30,SSD,中古,中古良品 フルHD タッチ 12.5インチ TOSHIBA dynabook VC72 / Windows11/ 高性能 第8世代Core i5-8350u/ 8GB/ 爆速256GB-SSD/ カメ,14990,レインボー家電,https://item.rakuten.co.jp/rainbowpc/toshiba11-xxx/?rafcid=wsc_i_is_c786838f-2c0a-4f11-8d08-7c1b7cb64c88
2026-06-15 10:53:30,SSD,中古,中古美品 フルHD 23.8インチ液晶一体型 Fujitsu ESPRIMO K558/B (FMVK10001) / Windows11/ 超高性能 第9世代Core i5-9500T/ 8GB/ ,31990,レインボー家電,https://item.rakuten.co.jp/rainbowpc/fujitsu10-xxx/?rafcid=wsc_i_is_c786838f-2c0a-4f11-8d08-7c1b7cb64c88
2026-06-15 10:53:30,SSD,中古,R055-M.2 SATA 256GB SSD 1点 PM871b/PM871a/PM871/CM871a SAMSUNG/Micron 3.3V 1.8A/1.7A/1.6A/950mA 型番: M,4050,エーワンケント楽天市場店,https://item.rakuten.co.jp/e-wankento/r055/?rafcid=wsc_i_is_c786838f-2c0a-4f11-8d08-7c1b7cb64c88
2026-06-15 10:53:30,SSD,中古,R004-CFD Gaming SATA 500GB 2.5 インチ SSD 1点 3D NAND 増設SSD 型番:CSSD-S6B05GMG4VT ※送料無料※ 【中古動作品】,8000,エーワンケント楽天市場店,https://item.rakuten.co.jp/e-wankento/r004/?rafcid=wsc_i_is_c786838f-2c0a-4f11-8d08-7c1b7cb64c88
2026-06-15 10:53:30,SSD,中古,【最大3000円OFF&ポイント5倍！】レッツノート 中古ノートパソコン Office付き Windows11 Core i5 第10世代 メモリ16GB SSD256GB 12型 タッチパネル SI,60999,中古パソコン くじらや,https://item.rakuten.co.jp/pckujira/ms111521/?rafcid=wsc_i_is_c786838f-2c0a-4f11-8d08-7c1b7cb64c88
2026-06-15 10:53:30,SSD,中古,R152-SAMSUNG PM863a 2.5インチ 7mm 1.92TB SSD 1点 サムセン 2.5インチ 増設SSD ノートパソコン用SSD デスクトップPC用SSD SATA 6.0Gbps,30300,エーワンケント楽天市場店,https://item.rakuten.co.jp/e-wankento/r152/?rafcid=wsc_i_is_c786838f-2c0a-4f11-8d08-7c1b7cb64c88
2026-06-15 10:53:30,SSD,中古,中古パソコン ポイント10倍 デスクトップ Windows10【Office付】【Windows 10 Pro 64Bit搭載】HP Compaq 6000 Pro or Elite 8000 Cel,15800,pclive-shop,https://item.rakuten.co.jp/pclive-shop/hp-6000-ssd120gb/?rafcid=wsc_i_is_c786838f-2c0a-4f11-8d08-7c1b7cb64c88
2026-06-15 10:53:30,SSD,中古,R028-Micron 2.5インチ 512GB SATA SSD 1点 5V 1.7A 増設SSD ノートパソコン換装SSD 型番：MTFDDAK512TDL/MTFDDAK512TBN 【中古動作,8200,エーワンケント楽天市場店,https://item.rakuten.co.jp/e-wankento/r028/?rafcid=wsc_i_is_c786838f-2c0a-4f11-8d08-7c1b7cb64c88
2026-06-15 10:53:30,SSD,中古,R150-SanDisk 256GB SATA SSD 1点 X300/X300s/X400/X600 2.5インチ★増設SSD★送料無料【中古動作品】,4400,エーワンケント楽天市場店,https://item.rakuten.co.jp/e-wankento/r150/?rafcid=wsc_i_is_c786838f-2c0a-4f11-8d08-7c1b7cb64c88
2026-06-15 10:53:30,SSD,中古,【軽量モバイル】中古 ノート 人気商品 Panasonic Let's note CF-SV7 レッツノート ノートpc メモリ8GB M.2 ssd 256GB Windows11 Windows1,48000,AKI Digital,https://item.rakuten.co.jp/akitrading/panasonic-sv7-01/?rafcid=wsc_i_is_c786838f-2c0a-4f11-8d08-7c1b7cb64c88
2026-06-15 10:53:30,SSD,中古,【当店人気ランキング受賞 ロングセラー商品】2画面 Core i7 16GB 大容量 SSD Wi-Fi 無線LAN オフィスソフト Windows10 Pro 小型 高速 DELL OptiPlex,37800,パソコン販売のPasonetTE,https://item.rakuten.co.jp/pasonette/20200521-01/?rafcid=wsc_i_is_c786838f-2c0a-4f11-8d08-7c1b7cb64c88
2026-06-15 10:53:30,SSD,中古,【外付けUSBケース追加可能】中古 Samsung SSD 500GB 860 EVO V-NAND搭載 2.5インチ 内蔵型 日本サムスン MZ-76E500 送料無料,13800,DigitalPark,https://item.rakuten.co.jp/yuukou-pczone/samsung-500gb/?rafcid=wsc_i_is_c786838f-2c0a-4f11-8d08-7c1b7cb64c88
2026-06-15 10:53:30,SSD,中古,HP ProOne 440 G9 23.8インチ 第12世代 Core i5 メモリ16GB Nvme M.2 SSD 512GB Office付き Webカメラ WiFi Windows11 一体型,69800,BTOパソコン専門店のPC-MAX,https://item.rakuten.co.jp/pc-max-shop/aio-hp-600g2-i5/?rafcid=wsc_i_is_c786838f-2c0a-4f11-8d08-7c1b7cb64c88
2026-06-15 10:53:30,SSD,中古,【中古】送料無料★TOSHIBA THNSNB030GBSJ 2.5インチ SSD 30GB SATA 内蔵SSD ★動作品,1100,E-SKY 中古PC販売,https://item.rakuten.co.jp/esky-pc/ki-hdd-30gb/?rafcid=wsc_i_is_c786838f-2c0a-4f11-8d08-7c1b7cb64c88
2026-06-15 10:53:30,SSD,中古,中古ノートパソコン Windows11 Office付｜Core i5 第10世代 相当｜AMD Ryzen 5 PRO 4650U｜メモリ 8GB ストレージ M.2 SSD 256GB｜Lenov,39800,中古パソコン 遼南商店,https://item.rakuten.co.jp/upc1114/10000283/?rafcid=wsc_i_is_c786838f-2c0a-4f11-8d08-7c1b7cb64c88
2026-06-15 10:53:30,SSD,中古,中古 PCパーツ ｜ 内蔵 M.2 NVMe SSD 256GB モデル,4800,パソコン販売のPasonetTE,https://item.rakuten.co.jp/pasonette/r20240304-p01/?rafcid=wsc_i_is_c786838f-2c0a-4f11-8d08-7c1b7cb64c88
2026-06-15 10:53:30,SSD,中古,Microsoft Office 2024 H&B 搭載｜中古ノートパソコン Windows11 Office付｜WEBカメラ DVDドライブ 搭載｜Core i5 第7世代 メモリ 8GB SSD ,29800,中古パソコン 遼南商店,https://item.rakuten.co.jp/upc1114/corei5-sale/?rafcid=wsc_i_is_c786838f-2c0a-4f11-8d08-7c1b7cb64c88
2026-06-15 10:53:30,SSD,中古,【1500円オフ&ポイント3倍】【DVDドライブ＆テンキー】ノートパソコン 15.6インチ SSD128GB メモリ8GB Core i5 第7世代 Microsoft Office付き Window,23800,L.I.B,https://item.rakuten.co.jp/lelib/outlet-i5-4gen/?rafcid=wsc_i_is_c786838f-2c0a-4f11-8d08-7c1b7cb64c88
2026-06-15 10:53:30,SSD,中古,Dell OptiPlex 5490 AIO 23.8インチ 第11世代 Core i5 メモリ 16GB Nvme M.2 SSD 512GB Office付き Webカメラ WiFi Window,58800,BTOパソコン専門店のPC-MAX,https://item.rakuten.co.jp/pc-max-shop/tei-aio-dell-7440-i5/?rafcid=wsc_i_is_c786838f-2c0a-4f11-8d08-7c1b7cb64c88
2026-06-15 10:53:30,SSD,中古,超軽量カメラ内蔵ノートパソコン Panasonic Let's note CF-SZ6 第七世代Core i5 7200Uメモリ大容量4GB 8GB 新品SSD搭載 高解像度1920*1200 12イ,17500,パソコン専門店pc-eco,https://item.rakuten.co.jp/pc-eco2000/panasonic-001/?rafcid=wsc_i_is_c786838f-2c0a-4f11-8d08-7c1b7cb64c88
2026-06-15 10:53:30,SSD,中古,中古M.2SSD 256GB B&M-Key Type2280 メーカーおまかせ 内蔵SSD 動作確認済 本体のみ 7日保証 メール便 クリックポスト 送料無料,3950,中古パソコン情報会館 楽天市場店,https://item.rakuten.co.jp/mediatorconnect/pt-251217-m2ssd240sata-omk/?rafcid=wsc_i_is_c786838f-2c0a-4f11-8d08-7c1b7cb64c88
2026-06-15 10:53:30,SSD,中古,【あす楽対応×2019年モデル】中古パソコン ノート 中古ノートパソコン Windows11 日本メーカー おまかせ フルセット フルHD液晶搭載 第八世代 Corei5 高速 16Gメモリー 軽量S,59999,OAサポート,https://item.rakuten.co.jp/oasupport/pc-vk16exzcc_1/?rafcid=wsc_i_is_c786838f-2c0a-4f11-8d08-7c1b7cb64c88
2026-06-15 10:53:30,SSD,中古,【★最大100%ポイント】【新生活応援・2026】【Office 2019 H&B】DELL OptiPlex＋22型モニターセット/第4世代 Core i7/メモリ:8GB/16GB/SSD:256,35800,ハルキス,https://item.rakuten.co.jp/harukisu/n-pc-desktop-dell-7020-i7-1set/?rafcid=wsc_i_is_c786838f-2c0a-4f11-8d08-7c1b7cb64c88
2026-06-15 10:53:30,SSD,中古,【★最大100%ポイント】【新生活応援・2026】【Office 2019 H&B】DELL OptiPlex＋22型モニターセット/第6世代 Core i7/メモリ:8GB/16GB/SSD:256,37800,ハルキス,https://item.rakuten.co.jp/harukisu/n-pc-desktop-dell-7020-2set-04/?rafcid=wsc_i_is_c786838f-2c0a-4f11-8d08-7c1b7cb64c88
2026-06-15 10:53:30,SSD,中古,【最大3000円OFF&ポイント5倍！】中古デスクトップパソコン ミニPC Core i5 第10世代 メモリ16GB SSD256GB デスクトップパソコン office付き Windows11 コ,49999,中古パソコン くじらや,https://item.rakuten.co.jp/pckujira/omakase1001/?rafcid=wsc_i_is_c786838f-2c0a-4f11-8d08-7c1b7cb64c88
2026-06-15 10:53:30,SSD,中古,ノートパソコン Let’s note Panasonic CF-LX6 シリーズ 第7世代 CPU Core i5 メモリ8GB 新品SSD256GB 増設可能 14ンチ液晶 Wi-Fi HDMI レ,33980,家電PC Sooya Shop,https://item.rakuten.co.jp/soo-ya/sz6-/?rafcid=wsc_i_is_c786838f-2c0a-4f11-8d08-7c1b7cb64c88
2026-06-15 10:53:30,SSD,中古,【日時指定できず】中古 2.5インチ内蔵 SATA 大手メーカー SSD128GB 増設SSD ノートパソコン用SSD 良品 安心保証付 外付けUSBケース追加可能,4800,DigitalPark,https://item.rakuten.co.jp/yuukou-pczone/ooite-ssd128gb/?rafcid=wsc_i_is_c786838f-2c0a-4f11-8d08-7c1b7cb64c88
2026-06-15 10:53:30,SSD,中古,中古 PCパーツ ■ Micron 内蔵 M.2 SATA SSD 256GB モデル ■ マイクロン,4500,パソコン販売のPasonetTE,https://item.rakuten.co.jp/pasonette/r20240228-p07/?rafcid=wsc_i_is_c786838f-2c0a-4f11-8d08-7c1b7cb64c88
2026-06-15 10:53:30,SSD,中古,【 2025年 年間出荷台数 堂々 No.1 デスクトップPC 】 中古パソコン 2画面 対応 第9世代 Core i7 大型SSD 512GB 16GBメモリ 正規 Windows11 Office,65700,パソコン販売のPasonetTE,https://item.rakuten.co.jp/pasonette/r20211020-02/?rafcid=wsc_i_is_c786838f-2c0a-4f11-8d08-7c1b7cb64c88
2026-06-15 10:53:30,SSD,中古,"【2,500円OFFクーポン 6/15迄】仕事も普段使いも ノートパソコン Office付き 第11世代〜 Core i5 WiFi Bluetooth 液晶サイズ選択可 信頼の品質と安心の修理保証 ",32800,パソコンショップ プラン,https://item.rakuten.co.jp/auc-puran/omakase10014/?rafcid=wsc_i_is_c786838f-2c0a-4f11-8d08-7c1b7cb64c88
2026-06-15 10:53:30,SSD,中古,【中古】 当店限定 東芝スペシャル dynabook Notebook PC アップグレード済み 中古ノートパソコン Corei5 第10世代以降 15インチ Windows11 メモリ8GB SSD,39999,まーぶるPC,https://item.rakuten.co.jp/auc-marblepc/h270w0125_a01/?rafcid=wsc_i_is_c786838f-2c0a-4f11-8d08-7c1b7cb64c88
2026-06-15 10:53:30,SSD,中古,R002-Micron 2.5インチ 512GB SATA SSD 1点 厚み7ミリ SATA 6Gb/s 増設SSD デスクトップPC用SSD ノートパソコン用SSD 型番 MTFDDAK512TB,8200,エーワンケント楽天市場店,https://item.rakuten.co.jp/e-wankento/r002/?rafcid=wsc_i_is_c786838f-2c0a-4f11-8d08-7c1b7cb64c88
2026-06-15 10:53:30,SSD,中古,【★最大100%ポイント】DELL OptiPlex 7020/9020 SFF デスクトップ 高速 第4世代 Core i7 新品大容量SSD 512GB メモリ16GB WIFI DVD 無線LA,45800,ハルキス,https://item.rakuten.co.jp/harukisu/n-pc-dell-optiplex-9020-i7-04/?rafcid=wsc_i_is_c786838f-2c0a-4f11-8d08-7c1b7cb64c88
2026-06-15 10:53:30,SSD,中古,中古 パソコン ノートパソコン office付き Panasonic パナソニック Let's note レッツノート CF-SV7 第8世代Core i5 初期設定済み Office搭載 windo,22800,家電PC Sooya Shop,https://item.rakuten.co.jp/soo-ya/panasonicsz5/?rafcid=wsc_i_is_c786838f-2c0a-4f11-8d08-7c1b7cb64c88
2026-06-15 10:53:30,SSD,中古,6.10日限定10倍＆抽選で10000P！｜お得3点セット富士通 LIFEBOOKシリーズ ノートパソコンアウトレット 第八世代Corei3 i5 DVD/テンキー/カメラ選べる 大画面15型 Win,16800,パソコン専門店pc-eco,https://item.rakuten.co.jp/pc-eco2000/outletnote-celeron-10/?rafcid=wsc_i_is_c786838f-2c0a-4f11-8d08-7c1b7cb64c88
2026-06-15 10:53:30,SSD,中古,MS Office 2024 H&B 搭載｜中古ノートパソコン Windows11 Office付｜Core i5 第10世代 以降 メモリ 8GB SSD 256GB｜富士通 LIFEBOOK A5,34800,中古パソコン 遼南商店,https://item.rakuten.co.jp/upc1114/10000282/?rafcid=wsc_i_is_c786838f-2c0a-4f11-8d08-7c1b7cb64c88
2026-06-15 10:53:30,SSD,中古,【中古】 中古ノートパソコン Windows11 ポッキリ価格パソコン 店長セレクト 有名メーカー Corei3搭載ノートPC 東芝・富士通・NEC・HP・Dell・Lenovo等から特選　中古パソコ,20000,まーぶるPC,https://item.rakuten.co.jp/auc-marblepc/tb55tki3s1/?rafcid=wsc_i_is_c786838f-2c0a-4f11-8d08-7c1b7cb64c88
2026-06-15 10:53:30,SSD,中古,中古ノートパソコン Windows11 Office付｜Core i5 第10世代 以降 メモリ 16GB SSD 256GB｜Lenovo ThinkPad X13｜13.3インチ 薄型軽量｜フルH,49800,中古パソコン 遼南商店,https://item.rakuten.co.jp/upc1114/10000060/?rafcid=wsc_i_is_c786838f-2c0a-4f11-8d08-7c1b7cb64c88
2026-06-15 10:53:30,SSD,中古,【★最大100%ポイント】【福袋・2026】【Office 2024 H&B】NEC VersaPro/第4世代 Core i7/メモリ:8GB/16GB/SSD:256GB/512GB/1TB/15,24999,ハルキス,https://item.rakuten.co.jp/harukisu/n-pc-omakase-corei7-16-1/?rafcid=wsc_i_is_c786838f-2c0a-4f11-8d08-7c1b7cb64c88
2026-06-15 10:53:30,SSD,中古,【中古】 インテル SSD 535 Series 240GB SSDSC2BW240H6 SSD240GB 2.5インチ SATA 7mm厚【代引き不可】,5500,E-SKY 中古PC販売,https://item.rakuten.co.jp/esky-pc/ki-ssd-sata-240gb/?rafcid=wsc_i_is_c786838f-2c0a-4f11-8d08-7c1b7cb64c88
2026-06-15 10:53:30,SSD,中古,美品 12.1インチ Panasonic Let's note CF-SV1RD WUXGA フルHD対応/ Windows11/ 卓越性能 第11世代Core i5-1145G7/ 8GB/ 爆速N,36990,レインボー家電,https://item.rakuten.co.jp/rainbowpc/panasonic18-xxx/?rafcid=wsc_i_is_c786838f-2c0a-4f11-8d08-7c1b7cb64c88
2026-06-15 10:53:30,SSD,中古,送料無料 ★SOLID STATE DRIVE M.2 SSD 2242 NVMe Toshiba KBG30ZMT128G 128GB【中古】初期保証付,2530,E-SKY 中古PC販売,https://item.rakuten.co.jp/esky-pc/ki-ssd-kbg30zmt128g/?rafcid=wsc_i_is_c786838f-2c0a-4f11-8d08-7c1b7cb64c88
2026-06-15 10:53:30,SSD,中古,【★最大100%ポイント】【新生活応援・2026】【Office 2019 H&B】富士通 LIFEBOOK/第3世代 Core i7/メモリ:8GB/16GB/SSD:256GB/512GB/1TB,23999,ハルキス,https://item.rakuten.co.jp/harukisu/n-nt-fj-a576-i3-8-256/?rafcid=wsc_i_is_c786838f-2c0a-4f11-8d08-7c1b7cb64c88
2026-06-15 10:53:30,SSD,中古,★動作品★SanDisk MSATA SSD 8GB SDSA5DK-008G Drive 内臓SSD★送料無料★初期保障あり【中古】,1100,E-SKY 中古PC販売,https://item.rakuten.co.jp/esky-pc/ki-ssd-8g/?rafcid=wsc_i_is_c786838f-2c0a-4f11-8d08-7c1b7cb64c88
2026-06-15 10:53:30,SSD,中古,【中古】WD 内蔵SSD 2.5インチ / 500GB / WD Blue 3D / SATA3.0 / WDS500G2B0A,18962,アトリエ絵利奈,https://item.rakuten.co.jp/atorieerina/b073sbz8yh/?rafcid=wsc_i_is_c786838f-2c0a-4f11-8d08-7c1b7cb64c88
2026-06-15 10:53:30,SSD,中古,【中古】インテル Boxed SSD 530 Series 240GB MLC 2.5inch Reseller BOX SSDSC2BW240A4K5 rdzdsi3,12900,ドリエムコーポレーション,https://item.rakuten.co.jp/doriem/yb00dtpyt78/?rafcid=wsc_i_is_c786838f-2c0a-4f11-8d08-7c1b7cb64c88
2026-06-15 10:53:30,SSD,中古,【中古】富士通 CP502520-Z3 SSD 8GB 2.5インチ SATA 増設SSD　2個組　計16㎇★送料無料★初期保障あり,1430,E-SKY 中古PC販売,https://item.rakuten.co.jp/esky-pc/ki-ssd-25-16g/?rafcid=wsc_i_is_c786838f-2c0a-4f11-8d08-7c1b7cb64c88
2026-06-15 10:53:30,SSD,中古,R122-256GB NVMe SSD 1点 Western Digital / itel / Micron / KIOXIA / XPG / ESD / TOSHIBA 256 GB 3.3V 増設,4200,エーワンケント楽天市場店,https://item.rakuten.co.jp/e-wankento/r122/?rafcid=wsc_i_is_c786838f-2c0a-4f11-8d08-7c1b7cb64c88
2026-06-15 10:53:30,SSD,中古,【中古】【輸入品・未使用】シリコンパワー SSD 480GB SATA3 6Gb/s 3K P/EサイクルMLC採用【最大読込速度 550MB/s 最大書込速度500MB/s】3年保証 S55 2.5,19877,スカイマーケットプラス,https://item.rakuten.co.jp/skymarketplus/b019warkre/?rafcid=wsc_i_is_c786838f-2c0a-4f11-8d08-7c1b7cb64c88
2026-06-15 10:53:30,SSD,中古,【1日と5.0のつく日、18日はポイント3倍！】【中古】SANDISK ポータブルSSD エクストリーム V2 SDSSDE61-2T00-GH25 2TB 未使用,62800,エクセラー,https://item.rakuten.co.jp/excellar/1000019365/?rafcid=wsc_i_is_c786838f-2c0a-4f11-8d08-7c1b7cb64c88
2026-06-15 10:53:30,SSD,中古,【中古SSD 内蔵】中古品 ノートPC用 LITE-ON LST-32S9G-HP 内蔵SSD 32GB M2 SATA NGFF 42mmサイズ 中古動作品 良品 安心保証付 在庫限定,1580,DigitalPark,https://item.rakuten.co.jp/yuukou-pczone/ssd-lite-on-32gb/?rafcid=wsc_i_is_c786838f-2c0a-4f11-8d08-7c1b7cb64c88
2026-06-15 10:53:30,SSD,中古,【中古】WD SSD 内蔵SSD 2.5インチ 250GB WD Blue WDS250G1B0A/SATA3.0/3年保証 2zzhgl6,33282,ドリエムコーポレーション,https://item.rakuten.co.jp/doriem/yb01lxdqx35/?rafcid=wsc_i_is_c786838f-2c0a-4f11-8d08-7c1b7cb64c88
2026-06-15 10:53:30,SSD,中古,【中古】(未使用品)WD 内蔵SSD 2.5インチ ／ 500GB ／ WD Blue 3D ／ SATA3.0 WDS500G2B0A,38564,COCOHOUSE,https://item.rakuten.co.jp/cocohouse/sb073sbz8yh/?rafcid=wsc_i_is_c786838f-2c0a-4f11-8d08-7c1b7cb64c88
2026-06-15 10:53:30,SSD,中古,【中古】エレコム ポータブルSSD 1TB USB3.2 (Gen1) USB-Cケーブル付属 シルバー データ復旧サービスLite付 ESD-EF1000GSVR,39520,アトリエ絵利奈,https://item.rakuten.co.jp/atorieerina/b0874g5m9f/?rafcid=wsc_i_is_c786838f-2c0a-4f11-8d08-7c1b7cb64c88
2026-06-15 10:53:30,SSD,中古,R149-Micron NVMe 512GB SSD 1点 マイクロン2200S / 3400 増設SSD ノートパソコン用SSD デスクトップPC用SSD M.2 2280 Gen3x4 3.3V ,8500,エーワンケント楽天市場店,https://item.rakuten.co.jp/e-wankento/r149/?rafcid=wsc_i_is_c786838f-2c0a-4f11-8d08-7c1b7cb64c88
2026-06-15 10:53:30,メモリ,新品,WINTEN デスクトップPC用 メモリ DDR4 3200 PC4-25600 64GB (32GB x 2枚) 288Pin CL22 1.2V DIMM 【5年保証 相性保証】 LODIMM S,70500,WINTEN 楽天市場店,https://item.rakuten.co.jp/win10/5676/?rafcid=wsc_i_is_c786838f-2c0a-4f11-8d08-7c1b7cb64c88
2026-06-15 10:53:30,メモリ,新品,WINTEN ノートPC用 メモリ DDR3 1600 PC3-12800 8GB 204Pin CL11 1.5V DIMM 【5年保証 相性保証】 SODIMM SDRAM 内蔵メモリー 増設メモ,4290,WINTEN 楽天市場店,https://item.rakuten.co.jp/win10/1626/?rafcid=wsc_i_is_c786838f-2c0a-4f11-8d08-7c1b7cb64c88
2026-06-15 10:53:30,メモリ,新品,WINTEN デスクトップPC用 メモリ DDR4 3200 PC4-25600 8GB 288Pin CL22 1.2V DIMM 【5年保証 相性保証】 LODIMM SDRAM 内蔵メモリー 増,8800,WINTEN 楽天市場店,https://item.rakuten.co.jp/win10/5635/?rafcid=wsc_i_is_c786838f-2c0a-4f11-8d08-7c1b7cb64c88
2026-06-15 10:53:30,メモリ,新品,WINTEN デスクトップPC用 メモリ DDR3L 1600 PC3L-12800 低電圧 8GB 240Pin CL11 1.35V 1.5V DIMM 【5年保証 相性保証】 LODIMM SD,4290,WINTEN 楽天市場店,https://item.rakuten.co.jp/win10/6176/?rafcid=wsc_i_is_c786838f-2c0a-4f11-8d08-7c1b7cb64c88
2026-06-15 10:53:30,メモリ,新品,WINTEN ノートPC用 メモリ DDR4 2400 PC4-19200 8GB (4GB x 2枚) 260Pin CL17 1.2V DIMM 【5年保証 相性保証】 SODIMM SDRAM ,9900,WINTEN 楽天市場店,https://item.rakuten.co.jp/win10/5617/?rafcid=wsc_i_is_c786838f-2c0a-4f11-8d08-7c1b7cb64c88
2026-06-15 10:53:30,メモリ,新品,WINTEN デスクトップPC用 メモリ DDR3 1066 PC3-8500 4GB 240Pin CL7 1.5V DIMM 【5年保証 相性保証】 LODIMM SDRAM 内蔵メモリー 増設メ,1090,WINTEN 楽天市場店,https://item.rakuten.co.jp/win10/10000717/?rafcid=wsc_i_is_c786838f-2c0a-4f11-8d08-7c1b7cb64c88
2026-06-15 10:53:30,メモリ,新品,WINTEN ノートPC用 メモリ DDR4 2666 PC4-21300 8GB 260Pin CL19 1.2V DIMM 【5年保証 相性保証】 SODIMM SDRAM 内蔵メモリー 増設メモ,9480,WINTEN 楽天市場店,https://item.rakuten.co.jp/win10/5612/?rafcid=wsc_i_is_c786838f-2c0a-4f11-8d08-7c1b7cb64c88
2026-06-15 10:53:30,メモリ,新品,WINTEN デスクトップPC用 メモリ DDR4 2400 PC4-19200 16GB 288Pin CL17 1.2V DIMM 【5年保証 相性保証】 LODIMM SDRAM 内蔵メモリー ,14800,WINTEN 楽天市場店,https://item.rakuten.co.jp/win10/5604/?rafcid=wsc_i_is_c786838f-2c0a-4f11-8d08-7c1b7cb64c88
2026-06-15 10:53:30,メモリ,新品,WINTEN デスクトップPC用 メモリ DDR4 2666 PC4-21300 4GB 288Pin CL19 1.2V DIMM 【5年保証 相性保証】 LODIMM SDRAM 内蔵メモリー 増,5660,WINTEN 楽天市場店,https://item.rakuten.co.jp/win10/5608/?rafcid=wsc_i_is_c786838f-2c0a-4f11-8d08-7c1b7cb64c88
2026-06-15 10:53:30,メモリ,新品,WINTEN デスクトップPC用 メモリ DDR4 2666 PC4-21300 32GB 288Pin CL19 1.2V DIMM 【5年保証 相性保証】 LODIMM SDRAM 内蔵メモリー ,40900,WINTEN 楽天市場店,https://item.rakuten.co.jp/win10/5629/?rafcid=wsc_i_is_c786838f-2c0a-4f11-8d08-7c1b7cb64c88
2026-06-15 10:53:30,メモリ,新品,WINTEN デスクトップPC用 メモリ DDR4 2666 PC4-21300 32GB (16GB x 2枚) 288Pin CL19 1.2V DIMM 【5年保証 相性保証】 LODIMM S,31800,WINTEN 楽天市場店,https://item.rakuten.co.jp/win10/5622/?rafcid=wsc_i_is_c786838f-2c0a-4f11-8d08-7c1b7cb64c88
2026-06-15 10:53:30,メモリ,新品,WINTEN ノートPC用 メモリ DDR4 2666 PC4-21300 64GB (32GB x 2枚) 260Pin CL19 1.2V DIMM 【5年保証 相性保証】 SODIMM SDRA,79900,WINTEN 楽天市場店,https://item.rakuten.co.jp/win10/5634/?rafcid=wsc_i_is_c786838f-2c0a-4f11-8d08-7c1b7cb64c88
2026-06-15 10:53:30,メモリ,新品,San Max デスクトップPCメモリ 2GB PC3-12800U (DDR3-1600)【中古】,1140,LUITASU-R,https://item.rakuten.co.jp/ruitasu-r/10003083/?rafcid=wsc_i_is_c786838f-2c0a-4f11-8d08-7c1b7cb64c88
2026-06-15 10:53:30,メモリ,新品,WINTEN デスクトップPC用 メモリ DDR4 2400 PC4-19200 8GB (4GB x 2枚) 288Pin CL17 1.2V DIMM 【5年保証 相性保証】 LODIMM SDR,9900,WINTEN 楽天市場店,https://item.rakuten.co.jp/win10/5614/?rafcid=wsc_i_is_c786838f-2c0a-4f11-8d08-7c1b7cb64c88
2026-06-15 10:53:30,メモリ,新品,WINTEN デスクトップPC用 メモリ DDR3 1333 PC3-10600 8GB (4GB x 2枚) 240Pin CL9 1.5V DIMM 【5年保証 相性保証】 LODIMM SDRA,3680,WINTEN 楽天市場店,https://item.rakuten.co.jp/win10/6149/?rafcid=wsc_i_is_c786838f-2c0a-4f11-8d08-7c1b7cb64c88
2026-06-15 10:53:30,メモリ,新品,WINTEN ノートPC用 メモリ DDR5 4800 PC5-38400 32GB (16GB x 2枚) 262Pin CL40 1.1V DIMM 【5年保証 相性保証】 SODIMM SDRA,72600,WINTEN 楽天市場店,https://item.rakuten.co.jp/win10/6145/?rafcid=wsc_i_is_c786838f-2c0a-4f11-8d08-7c1b7cb64c88
2026-06-15 10:53:30,メモリ,新品,8GB PC3L-12800 DDR3L 1600 204pin SODIMM PCメモリー 【相性保証付】 番号付メール便発送 送料込,3520,メモリーデポ,https://item.rakuten.co.jp/auc-m-depo/10000276/?rafcid=wsc_i_is_c786838f-2c0a-4f11-8d08-7c1b7cb64c88
2026-06-15 10:53:30,メモリ,新品,WINTEN デスクトップPC用 メモリ DDR4 3200 PC4-25600 32GB 288Pin CL22 1.2V DIMM 【5年保証 相性保証】 LODIMM SDRAM 内蔵メモリー ,34800,WINTEN 楽天市場店,https://item.rakuten.co.jp/win10/5665/?rafcid=wsc_i_is_c786838f-2c0a-4f11-8d08-7c1b7cb64c88
2026-06-15 10:53:30,メモリ,新品,WINTEN ノートPC用 メモリ DDR4 2666 PC4-21300 16GB (8GB x 2枚) 260Pin CL19 1.2V DIMM 【5年保証 相性保証】 SODIMM SDRAM,16800,WINTEN 楽天市場店,https://item.rakuten.co.jp/win10/5624/?rafcid=wsc_i_is_c786838f-2c0a-4f11-8d08-7c1b7cb64c88
2026-06-15 10:53:30,メモリ,新品,WINTEN ノートPC用 メモリ DDR4 3200 PC4-25600 8GB 260Pin CL22 1.2V DIMM 【5年保証 相性保証】 SODIMM SDRAM 内蔵メモリー 増設メモ,8800,WINTEN 楽天市場店,https://item.rakuten.co.jp/win10/5637/?rafcid=wsc_i_is_c786838f-2c0a-4f11-8d08-7c1b7cb64c88
2026-06-15 10:53:30,メモリ,新品,WINTEN ノートPC用 メモリ DDR3 1600 PC3-12800 4GB 204Pin CL11 1.5V DIMM 【5年保証 相性保証】 SODIMM SDRAM 内蔵メモリー 増設メモ,1980,WINTEN 楽天市場店,https://item.rakuten.co.jp/win10/10008440/?rafcid=wsc_i_is_c786838f-2c0a-4f11-8d08-7c1b7cb64c88
2026-06-15 10:53:30,メモリ,新品,バッファロー D3U1600-8G 1600MHz DDR3対応 PCメモリー 8GB,17237,ヤマダ電機 楽天市場店,https://item.rakuten.co.jp/yamada-denki/3248548013/?rafcid=wsc_i_is_c786838f-2c0a-4f11-8d08-7c1b7cb64c88
2026-06-15 10:53:30,メモリ,新品,WINTEN ノートPC用 メモリ DDR4 2400 PC4-19200 16GB 260Pin CL17 1.2V DIMM 【5年保証 相性保証】 SODIMM SDRAM 内蔵メモリー 増設メ,14800,WINTEN 楽天市場店,https://item.rakuten.co.jp/win10/5607/?rafcid=wsc_i_is_c786838f-2c0a-4f11-8d08-7c1b7cb64c88
2026-06-15 10:53:30,メモリ,新品,WINTEN デスクトップPC用 メモリ DDR3 1600 PC3-12800 16GB (8GB x 2枚) 240Pin CL11 1.5V DIMM 【5年保証 相性保証】 LODIMM SD,6700,WINTEN 楽天市場店,https://item.rakuten.co.jp/win10/4374/?rafcid=wsc_i_is_c786838f-2c0a-4f11-8d08-7c1b7cb64c88
2026-06-15 10:53:30,メモリ,新品,WINTEN デスクトップPC用 メモリ DDR4 2400 PC4-19200 16GB (8GB x 2枚) 288Pin CL17 1.2V DIMM 【5年保証 相性保証】 LODIMM SD,17700,WINTEN 楽天市場店,https://item.rakuten.co.jp/win10/5615/?rafcid=wsc_i_is_c786838f-2c0a-4f11-8d08-7c1b7cb64c88
2026-06-15 10:53:30,メモリ,新品,WINTEN デスクトップPC用 メモリ DDR4 2666 PC4-21300 64GB (32GB x 2枚) 288Pin CL19 1.2V DIMM 【5年保証 相性保証】 LODIMM S,79900,WINTEN 楽天市場店,https://item.rakuten.co.jp/win10/5633/?rafcid=wsc_i_is_c786838f-2c0a-4f11-8d08-7c1b7cb64c88
2026-06-15 10:53:30,メモリ,新品,WINTEN デスクトップPC用 メモリ DDR4 2400 PC4-19200 4GB 288Pin CL17 1.2V DIMM 【5年保証 相性保証】 LODIMM SDRAM 内蔵メモリー 増,5660,WINTEN 楽天市場店,https://item.rakuten.co.jp/win10/5602/?rafcid=wsc_i_is_c786838f-2c0a-4f11-8d08-7c1b7cb64c88
2026-06-15 10:53:30,メモリ,新品,WINTEN デスクトップPC用 メモリ DDR4 2400 PC4-19200 32GB (16GB x 2枚) 288Pin CL17 1.2V DIMM 【5年保証 相性保証】 LODIMM S,31800,WINTEN 楽天市場店,https://item.rakuten.co.jp/win10/5616/?rafcid=wsc_i_is_c786838f-2c0a-4f11-8d08-7c1b7cb64c88
2026-06-15 10:53:30,メモリ,新品,WINTEN ノートPC用 メモリ DDR4 3200 PC4-25600 16GB (8GB x 2枚) 260Pin CL22 1.2V DIMM 【5年保証 相性保証】 SODIMM SDRAM,17800,WINTEN 楽天市場店,https://item.rakuten.co.jp/win10/5641/?rafcid=wsc_i_is_c786838f-2c0a-4f11-8d08-7c1b7cb64c88
2026-06-15 10:53:30,メモリ,新品,WINTEN ノートPC用 メモリ DDR4 2400 PC4-19200 32GB (16GB x 2枚) 260Pin CL17 1.2V DIMM 【5年保証 相性保証】 SODIMM SDRA,31800,WINTEN 楽天市場店,https://item.rakuten.co.jp/win10/5619/?rafcid=wsc_i_is_c786838f-2c0a-4f11-8d08-7c1b7cb64c88
2026-06-15 10:53:30,メモリ,新品,WINTEN デスクトップPC用 メモリ DDR5 4800 PC5-38400 32GB (16GB x 2枚) 288Pin CL40 1.1V DIMM 【5年保証 相性保証】 LODIMM S,72600,WINTEN 楽天市場店,https://item.rakuten.co.jp/win10/6130/?rafcid=wsc_i_is_c786838f-2c0a-4f11-8d08-7c1b7cb64c88
2026-06-15 10:53:30,メモリ,新品,WINTEN ノートPC用 メモリ DDR4 2666 PC4-21300 32GB (16GB x 2枚) 260Pin CL19 1.2V DIMM 【5年保証 相性保証】 SODIMM SDRA,31800,WINTEN 楽天市場店,https://item.rakuten.co.jp/win10/5625/?rafcid=wsc_i_is_c786838f-2c0a-4f11-8d08-7c1b7cb64c88
2026-06-15 10:53:30,メモリ,新品,WINTEN ノートPC用 メモリ DDR4 2400 PC4-19200 8GB 260Pin CL17 1.2V DIMM 【5年保証 相性保証】 SODIMM SDRAM 内蔵メモリー 増設メモ,9480,WINTEN 楽天市場店,https://item.rakuten.co.jp/win10/5606/?rafcid=wsc_i_is_c786838f-2c0a-4f11-8d08-7c1b7cb64c88
2026-06-15 10:53:30,メモリ,新品,WINTEN ノートPC用 メモリ DDR3 1333 PC3-10600 8GB (4GB x 2枚) 204Pin CL9 1.35V 1.5V DIMM 【5年保証 相性保証】 SODIMM S,3680,WINTEN 楽天市場店,https://item.rakuten.co.jp/win10/1156/?rafcid=wsc_i_is_c786838f-2c0a-4f11-8d08-7c1b7cb64c88
2026-06-15 10:53:30,メモリ,新品,WINTEN ノートPC用 メモリ DDR4 2666 PC4-21300 4GB 260Pin CL19 1.2V DIMM 【5年保証 相性保証】 SODIMM SDRAM 内蔵メモリー 増設メモ,5660,WINTEN 楽天市場店,https://item.rakuten.co.jp/win10/5611/?rafcid=wsc_i_is_c786838f-2c0a-4f11-8d08-7c1b7cb64c88
2026-06-15 10:53:30,メモリ,新品,WINTEN デスクトップPC用 メモリ DDR4 2666 PC4-21300 16GB (8GB x 2枚) 288Pin CL19 1.2V DIMM 【5年保証 相性保証】 LODIMM SD,16800,WINTEN 楽天市場店,https://item.rakuten.co.jp/win10/5621/?rafcid=wsc_i_is_c786838f-2c0a-4f11-8d08-7c1b7cb64c88
2026-06-15 10:53:30,メモリ,新品,WINTEN デスクトップPC用 メモリ DDR3 1333 PC3-10600 8GB 240Pin CL9 1.5V DIMM 【5年保証 相性保証】 LODIMM SDRAM 内蔵メモリー 増設,3580,WINTEN 楽天市場店,https://item.rakuten.co.jp/win10/1379/?rafcid=wsc_i_is_c786838f-2c0a-4f11-8d08-7c1b7cb64c88
2026-06-15 10:53:30,メモリ,新品,WINTEN ノートPC用 メモリ DDR4 3200 PC4-25600 16GB 260Pin CL22 1.2V DIMM 【5年保証 相性保証】 SODIMM SDRAM 内蔵メモリー 増設メ,16800,WINTEN 楽天市場店,https://item.rakuten.co.jp/win10/5638/?rafcid=wsc_i_is_c786838f-2c0a-4f11-8d08-7c1b7cb64c88
2026-06-15 10:53:30,メモリ,新品,"Crucial RAM 8GB DDR5 5600MT/s (または5200MT/s or 4800MT/s) ノートパソコンメモリ CT8G56C46S5, ブラック",37937,TalesStore 楽天市場店,https://item.rakuten.co.jp/tales-store/202506161132080649528929921/?rafcid=wsc_i_is_c786838f-2c0a-4f11-8d08-7c1b7cb64c88
2026-06-15 10:53:30,メモリ,新品,デスクトップPCメモリ 4GB　SanMax Technologies DDR3 4GB PC3-12800U SMD-4G68H,1280,LUITASU-R,https://item.rakuten.co.jp/ruitasu-r/10001915/?rafcid=wsc_i_is_c786838f-2c0a-4f11-8d08-7c1b7cb64c88
2026-06-15 10:53:30,メモリ,新品,WINTEN ノートPC用 メモリ DDR4 2666 PC4-21300 8GB (4GB x 2枚) 260Pin CL19 1.2V DIMM 【5年保証 相性保証】 SODIMM SDRAM ,9900,WINTEN 楽天市場店,https://item.rakuten.co.jp/win10/5623/?rafcid=wsc_i_is_c786838f-2c0a-4f11-8d08-7c1b7cb64c88
2026-06-15 10:53:30,メモリ,新品,バッファロー D3N1600-8G 1600MHz DDR3対応 PCメモリー 8GB,13464,ヤマダ電機 楽天市場店,https://item.rakuten.co.jp/yamada-denki/3248545012/?rafcid=wsc_i_is_c786838f-2c0a-4f11-8d08-7c1b7cb64c88
2026-06-15 10:53:30,メモリ,新品,WINTEN ノートPC用 メモリ DDR4 3200 PC4-25600 64GB (32GB x 2枚) 260Pin CL22 1.2V DIMM 【5年保証 相性保証】 SODIMM SDRA,70500,WINTEN 楽天市場店,https://item.rakuten.co.jp/win10/5688/?rafcid=wsc_i_is_c786838f-2c0a-4f11-8d08-7c1b7cb64c88
2026-06-15 10:53:30,メモリ,新品,8GB PC3-12800 DDR3 1600 204pin SODIMM PCメモリー 【相性保証付】 番号付メール便発送 送料込,3520,メモリーデポ,https://item.rakuten.co.jp/auc-m-depo/10000218/?rafcid=wsc_i_is_c786838f-2c0a-4f11-8d08-7c1b7cb64c88
2026-06-15 10:53:30,メモリ,新品,WINTEN デスクトップPC用 メモリ DDR4 2400 PC4-19200 8GB 288Pin CL17 1.2V DIMM 【5年保証 相性保証】 LODIMM SDRAM 内蔵メモリー 増,9480,WINTEN 楽天市場店,https://item.rakuten.co.jp/win10/5603/?rafcid=wsc_i_is_c786838f-2c0a-4f11-8d08-7c1b7cb64c88
2026-06-15 10:53:30,メモリ,新品,"Crucial RAM 8GB DDR5 5600MT/s (または5200MT/s or 4800MT/s) ノートパソコンメモリ CT8G56C46S5, ブラック",33258,ここでまーと 楽天市場店,https://item.rakuten.co.jp/kokodemart/20250518141440_190/?rafcid=wsc_i_is_c786838f-2c0a-4f11-8d08-7c1b7cb64c88
2026-06-15 10:53:30,メモリ,新品,WINTEN ノートPC用 メモリ DDR3L 1600 PC3L-12800 低電圧 16GB (8GB x 2枚) 204Pin CL11 1.35V 1.5V DIMM 【5年保証 相性保証】 ,6700,WINTEN 楽天市場店,https://item.rakuten.co.jp/win10/5648/?rafcid=wsc_i_is_c786838f-2c0a-4f11-8d08-7c1b7cb64c88
2026-06-15 10:53:30,メモリ,新品,バッファロー D3U1600-8G 1600MHz DDR3対応 PCメモリー 8GB,17237,マツヤデンキ楽天市場店,https://item.rakuten.co.jp/matsuyadenki/3248548013/?rafcid=wsc_i_is_c786838f-2c0a-4f11-8d08-7c1b7cb64c88
2026-06-15 10:53:30,メモリ,新品,WINTEN ノートPC用 メモリ DDR4 3200 PC4-25600 32GB 260Pin CL22 1.2V DIMM 【5年保証 相性保証】 SODIMM SDRAM 内蔵メモリー 増設メ,34800,WINTEN 楽天市場店,https://item.rakuten.co.jp/win10/5687/?rafcid=wsc_i_is_c786838f-2c0a-4f11-8d08-7c1b7cb64c88
2026-06-15 10:53:30,メモリ,新品,WINTEN デスクトップPC用 メモリ 16GB PC5-38400(DDR5 4800) 【相性保証 製品5年保証 送料無料 即日出荷】 288pin 40CL LODIMM SDRAM DIMM,34400,WINTEN 楽天市場店,https://item.rakuten.co.jp/win10/6129/?rafcid=wsc_i_is_c786838f-2c0a-4f11-8d08-7c1b7cb64c88
2026-06-15 10:53:30,メモリ,新品,WINTEN デスクトップPC用 メモリ DDR4 2666 PC4-21300 16GB 288Pin CL19 1.2V DIMM 【5年保証 相性保証】 LODIMM SDRAM 内蔵メモリー ,14800,WINTEN 楽天市場店,https://item.rakuten.co.jp/win10/5610/?rafcid=wsc_i_is_c786838f-2c0a-4f11-8d08-7c1b7cb64c88
2026-06-15 10:53:30,メモリ,新品,WINTEN ノートPC用 メモリ DDR3 1333 PC3-10600 8GB 204Pin CL9 1.5V DIMM 【5年保証 相性保証】 SODIMM SDRAM 内蔵メモリー 増設メモリ,3580,WINTEN 楽天市場店,https://item.rakuten.co.jp/win10/1380/?rafcid=wsc_i_is_c786838f-2c0a-4f11-8d08-7c1b7cb64c88
2026-06-15 10:53:30,メモリ,新品,WINTEN ノートPC用 メモリ DDR4 3200 PC4-25600 32GB (16GB x 2枚) 260Pin CL22 1.2V DIMM 【5年保証 相性保証】 SODIMM SDRA,33000,WINTEN 楽天市場店,https://item.rakuten.co.jp/win10/5642/?rafcid=wsc_i_is_c786838f-2c0a-4f11-8d08-7c1b7cb64c88
2026-06-15 10:53:30,メモリ,新品,WINTEN ノートPC用 メモリ DDR4 2666 PC4-21300 16GB 260Pin CL19 1.2V DIMM 【5年保証 相性保証】 SODIMM SDRAM 内蔵メモリー 増設メ,14800,WINTEN 楽天市場店,https://item.rakuten.co.jp/win10/5613/?rafcid=wsc_i_is_c786838f-2c0a-4f11-8d08-7c1b7cb64c88
2026-06-15 10:53:30,メモリ,新品,WINTEN ノートPC用 メモリ DDR4 2666 PC4-21300 32GB 260Pin CL19 1.2V DIMM 【5年保証 相性保証】 SODIMM SDRAM 内蔵メモリー 増設メ,40900,WINTEN 楽天市場店,https://item.rakuten.co.jp/win10/5630/?rafcid=wsc_i_is_c786838f-2c0a-4f11-8d08-7c1b7cb64c88
2026-06-15 10:53:30,メモリ,新品,安心初期保障★Micron 8GB DDR4 PC4-2400T 260pin So-Dimm ノートパソコンメモリ MTA8ATF1G64HZ 増設メモリ ★送料無料　最短翌日届ける！！l【中古】,6600,E-SKY 中古PC販売,https://item.rakuten.co.jp/esky-pc/ki-ram-156/?rafcid=wsc_i_is_c786838f-2c0a-4f11-8d08-7c1b7cb64c88
2026-06-15 10:53:30,メモリ,新品,WINTEN ノートPC用 メモリ DDR3L 1600 PC3L-12800 低電圧 8GB (4GB x 2枚) 204Pin CL11 1.35V 1.5V DIMM 【5年保証 相性保証】 S,3780,WINTEN 楽天市場店,https://item.rakuten.co.jp/win10/5647/?rafcid=wsc_i_is_c786838f-2c0a-4f11-8d08-7c1b7cb64c88
2026-06-15 10:53:30,メモリ,新品,安心初期保障★ノートパソコンメモリ Micro 8GB DDR4 PC4-2400T 260ピン MTA8ATF1G64HZ-2G3B1 SODIMM 増設メモリ ★送料無料　最短翌日届ける！！！【中,6930,E-SKY 中古PC販売,https://item.rakuten.co.jp/esky-pc/ki-ram-2400t-8gb-m/?rafcid=wsc_i_is_c786838f-2c0a-4f11-8d08-7c1b7cb64c88
2026-06-15 10:53:30,メモリ,新品,Crucial 64GB DDR5 RAM 5600MHz (または5200MHzまたは4800MHz) ノートパソコンメモリ SODIMM 262ピン Intel Core UltraおよびAMD ,143587,TalesStore 楽天市場店,https://item.rakuten.co.jp/tales-store/202506042342240649528944160/?rafcid=wsc_i_is_c786838f-2c0a-4f11-8d08-7c1b7cb64c88
2026-06-15 10:53:30,メモリ,新品,WINTEN ノートPC用 メモリ DDR4 2400 PC4-19200 16GB (8GB x 2枚) 260Pin CL17 1.2V DIMM 【5年保証 相性保証】 SODIMM SDRAM,17700,WINTEN 楽天市場店,https://item.rakuten.co.jp/win10/5618/?rafcid=wsc_i_is_c786838f-2c0a-4f11-8d08-7c1b7cb64c88
2026-06-15 10:53:30,メモリ,新品,WINTEN デスクトップPC用 メモリ DDR4 3200 PC4-25600 16GB 288Pin CL22 1.2V DIMM 【5年保証 相性保証】 LODIMM SDRAM 内蔵メモリー ,16800,WINTEN 楽天市場店,https://item.rakuten.co.jp/win10/5636/?rafcid=wsc_i_is_c786838f-2c0a-4f11-8d08-7c1b7cb64c88
2026-06-15 10:53:30,メモリ,新品,WINTEN デスクトップPC用 メモリ DDR4 3200 PC4-25600 16GB (8GB x 2枚) 288Pin CL22 1.2V DIMM 【5年保証 相性保証】 LODIMM SD,17800,WINTEN 楽天市場店,https://item.rakuten.co.jp/win10/5639/?rafcid=wsc_i_is_c786838f-2c0a-4f11-8d08-7c1b7cb64c88
2026-06-15 10:53:30,メモリ,新品,WINTEN デスクトップPC用 メモリ DDR3 1600 PC3-12800 2GB 240Pin CL11 1.5V DIMM 【5年保証 相性保証】 LODIMM SDRAM 内蔵メモリー 増,1100,WINTEN 楽天市場店,https://item.rakuten.co.jp/win10/0589/?rafcid=wsc_i_is_c786838f-2c0a-4f11-8d08-7c1b7cb64c88
2026-06-15 10:53:30,メモリ,新品,WINTEN ノートPC用 メモリ DDR4 2400 PC4-19200 4GB 260Pin CL17 1.2V DIMM 【5年保証 相性保証】 SODIMM SDRAM 内蔵メモリー 増設メモ,5660,WINTEN 楽天市場店,https://item.rakuten.co.jp/win10/5605/?rafcid=wsc_i_is_c786838f-2c0a-4f11-8d08-7c1b7cb64c88
2026-06-15 10:53:30,メモリ,新品,WINTEN ノートPC用 メモリ DDR3 1066 PC3-8500 4GB 204Pin CL7 DIMM 【5年保証 相性保証】 SODIMM SDRAM 内蔵メモリー 増設メモリー PCメモ,1830,WINTEN 楽天市場店,https://item.rakuten.co.jp/win10/10000718/?rafcid=wsc_i_is_c786838f-2c0a-4f11-8d08-7c1b7cb64c88
2026-06-15 10:53:30,メモリ,新品,WINTEN ノートPC用 メモリ DDR3L 1600 PC3L-12800 低電圧 4GB 204Pin CL11 1.35V 1.5V DIMM 【5年保証 相性保証】 SODIMM SDRAM,1980,WINTEN 楽天市場店,https://item.rakuten.co.jp/win10/4461/?rafcid=wsc_i_is_c786838f-2c0a-4f11-8d08-7c1b7cb64c88
2026-06-15 10:53:30,メモリ,新品,WINTEN デスクトップPC用 メモリ DDR3 1600 PC3-12800 8GB 240Pin CL11 1.5V DIMM 【5年保証 相性保証】 LODIMM SDRAM 内蔵メモリー 増,4290,WINTEN 楽天市場店,https://item.rakuten.co.jp/win10/1627/?rafcid=wsc_i_is_c786838f-2c0a-4f11-8d08-7c1b7cb64c88
2026-06-15 10:53:30,メモリ,新品,WINTEN ノートPC用 メモリ DDR3 1600 PC3-12800 2GB 204Pin CL11 1.5V DIMM 【5年保証 相性保証】 SODIMM SDRAM 内蔵メモリー 増設メモ,1100,WINTEN 楽天市場店,https://item.rakuten.co.jp/win10/4201/?rafcid=wsc_i_is_c786838f-2c0a-4f11-8d08-7c1b7cb64c88
2026-06-15 10:53:30,メモリ,新品,WINTEN デスクトップPC用 メモリ DDR4 2666 PC4-21300 8GB 288Pin CL19 1.2V DIMM 【5年保証 相性保証】 LODIMM SDRAM 内蔵メモリー 増,9480,WINTEN 楽天市場店,https://item.rakuten.co.jp/win10/5609/?rafcid=wsc_i_is_c786838f-2c0a-4f11-8d08-7c1b7cb64c88
2026-06-15 10:53:30,メモリ,新品,"Crucial RAM 8GB DDR5 5600MT/s (または5200MT/s or 4800MT/s) ノートパソコンメモリ CT8G56C46S5, ブラック",35412,生活応援ショップ 楽天市場店,https://item.rakuten.co.jp/seikatsuouenshop/abc-0c79f1t23/?rafcid=wsc_i_is_c786838f-2c0a-4f11-8d08-7c1b7cb64c88
2026-06-15 10:53:30,メモリ,新品,WINTEN デスクトップPC用 メモリ DDR3L 1600 PC3L-12800 低電圧 16GB (8GB x 2枚) 240Pin CL11 1.35V 1.5V DIMM 【5年保証 相性保,6700,WINTEN 楽天市場店,https://item.rakuten.co.jp/win10/6186/?rafcid=wsc_i_is_c786838f-2c0a-4f11-8d08-7c1b7cb64c88
2026-06-15 10:53:30,メモリ,新品,WINTEN デスクトップPC用 メモリ DDR4 3200 PC4-25600 32GB (16GB x 2枚) 288Pin CL22 1.2V DIMM 【5年保証 相性保証】 LODIMM S,33000,WINTEN 楽天市場店,https://item.rakuten.co.jp/win10/5640/?rafcid=wsc_i_is_c786838f-2c0a-4f11-8d08-7c1b7cb64c88
2026-06-15 10:53:30,メモリ,新品,Crucial RAM 96GB キット (2x48GB) DDR5 5600MT/s (または5200MT/s or 4800MT/s) ノートパソコンメモリ CT2K48G56C46S5 ブラック,247980,パームスアメリカ,https://item.rakuten.co.jp/palmsamerica/ay79gzrk5v/?rafcid=wsc_i_is_c786838f-2c0a-4f11-8d08-7c1b7cb64c88
2026-06-15 10:53:30,メモリ,新品,シリコンパワー DDR3 1333 8GB デスクトップ PC用 DDR3-1333 240Pin DIMM PC3-10600 CL9 1.5V 8GBx1枚 240Pin DIMM メモリ 内蔵メ,4980,シリコンパワーダイレクト,https://item.rakuten.co.jp/silicon-power-direct/sp008gbltu133n02/?rafcid=wsc_i_is_c786838f-2c0a-4f11-8d08-7c1b7cb64c88
2026-06-15 10:53:30,メモリ,新品,【最大28倍 5と0のつく日限定】エイデータ XPG DDR5-6400 32GB(16GBx2枚) LANCERRGB PCメモリ 6400MHz パソコンパーツ メモリ増設 メモリ交換 メモリアッ,113810,デイ・パレット 楽天市場店,https://item.rakuten.co.jp/day-palette/ax-lancer-rgb-16gb2/?rafcid=wsc_i_is_c786838f-2c0a-4f11-8d08-7c1b7cb64c88
2026-06-15 10:53:30,メモリ,新品,【最大28倍 5と0のつく日限定】エイデータ DDR5-4800 64GB(32GBx2枚) U-DIMM PCメモリ 4800MHz パソコンパーツ メモリ増設 メモリ交換 メモリアップグレード 自,164099,デイ・パレット 楽天市場店,https://item.rakuten.co.jp/day-palette/a-u-dimm4800-32gb2/?rafcid=wsc_i_is_c786838f-2c0a-4f11-8d08-7c1b7cb64c88
2026-06-15 10:53:30,メモリ,新品,シリコンパワー DDR3 1600 4GB デスクトップ PC用 DDR3-1600 240Pin DIMM PC3-12800 CL11 1.5V 4GBx1枚 240Pin DIMM メモリ 内蔵,2980,シリコンパワーダイレクト,https://item.rakuten.co.jp/silicon-power-direct/sp004gbltu160n02/?rafcid=wsc_i_is_c786838f-2c0a-4f11-8d08-7c1b7cb64c88
2026-06-15 10:53:30,メモリ,新品,8GB PC3-10600 DDR3 1333 204pin SODIMM PCメモリー 【相性保証付】 番号付メール便発送 送料込,3520,メモリーデポ,https://item.rakuten.co.jp/auc-m-depo/10000129/?rafcid=wsc_i_is_c786838f-2c0a-4f11-8d08-7c1b7cb64c88
2026-06-15 10:53:30,メモリ,新品,8GB PC4-21333 (PC4-21300) DDR4 2666 8chip 260pin SODIMM PCメモリー 【相性保証付】 宅配便発送 送料込,9020,メモリーデポ,https://item.rakuten.co.jp/auc-m-depo/b10000422/?rafcid=wsc_i_is_c786838f-2c0a-4f11-8d08-7c1b7cb64c88
2026-06-15 10:53:30,メモリ,新品,8GB PC4-17000 DDR4 2133 8chip 260pin SODIMM PCメモリー 【相性保証付】 番号付メール便発送 送料込,8360,メモリーデポ,https://item.rakuten.co.jp/auc-m-depo/10000419/?rafcid=wsc_i_is_c786838f-2c0a-4f11-8d08-7c1b7cb64c88
2026-06-15 10:53:30,メモリ,新品,Crucial CP2K16G4DFRA32A [DDR4 PC4-25600 16GB 2枚組] デスクトップ用 PCメモリ,42253,Outlet Plaza,https://item.rakuten.co.jp/outletplaza/40001099490/?rafcid=wsc_i_is_c786838f-2c0a-4f11-8d08-7c1b7cb64c88
2026-06-15 10:53:30,メモリ,新品,8GB PC4-19200 DDR4 2400 8chip 260pin SODIMM PCメモリー 【相性保証付】 番号付メール便発送 送料込,8360,メモリーデポ,https://item.rakuten.co.jp/auc-m-depo/10000399/?rafcid=wsc_i_is_c786838f-2c0a-4f11-8d08-7c1b7cb64c88
2026-06-15 10:53:30,メモリ,新品,WINTEN デスクトップPC用 メモリ DDR5 4800 PC5-38400 32GB 288Pin CL40 1.1V DIMM 【5年保証 相性保証】 LODIMM SDRAM 内蔵メモリー ,71430,WINTEN 楽天市場店,https://item.rakuten.co.jp/win10/6284/?rafcid=wsc_i_is_c786838f-2c0a-4f11-8d08-7c1b7cb64c88
2026-06-15 10:53:30,メモリ,新品,WINTEN デスクトップPC用 メモリ DDR5 4800 PC5-38400 8GB 288Pin CL40 1.1V DIMM 【5年保証 相性保証】 LODIMM SDRAM 内蔵メモリー 増,22000,WINTEN 楽天市場店,https://item.rakuten.co.jp/win10/6280/?rafcid=wsc_i_is_c786838f-2c0a-4f11-8d08-7c1b7cb64c88
2026-06-15 10:53:30,メモリ,新品,4GB PC4-21333 (PC4-21300) DDR4 2666 288pin DIMM PCメモリー 【相性保証付】 番号付メール便発送 送料込,4840,メモリーデポ,https://item.rakuten.co.jp/auc-m-depo/10000424/?rafcid=wsc_i_is_c786838f-2c0a-4f11-8d08-7c1b7cb64c88
2026-06-15 10:53:30,メモリ,新品,メモリモジュール ノートPC 薄型デスクトップ 増設メモリ DDR3-1600 EU RoHS指令準拠(10物質) PCメモリ パソコン EV1600-N2G/RO / ELECOM エレコム 【送料,2398,ヴィレイ 楽天市場店,https://item.rakuten.co.jp/villay/4953103948655/?rafcid=wsc_i_is_c786838f-2c0a-4f11-8d08-7c1b7cb64c88
2026-06-15 10:53:30,メモリ,新品,WINTEN デスクトップPC用 メモリ DDR5 5600 PC5-44800 32GB 288Pin CL40 1.1V DIMM 【5年保証 相性保証】 LODIMM SDRAM 内蔵メモリー ,74800,WINTEN 楽天市場店,https://item.rakuten.co.jp/win10/6309/?rafcid=wsc_i_is_c786838f-2c0a-4f11-8d08-7c1b7cb64c88
2026-06-15 10:53:30,メモリ,新品,WINTEN ノートPC用 メモリ DDR5 4800 PC5-38400 8GB 262Pin CL40 1.1V DIMM 【5年保証 相性保証】 SODIMM SDRAM 内蔵メモリー 増設メモ,22000,WINTEN 楽天市場店,https://item.rakuten.co.jp/win10/6281/?rafcid=wsc_i_is_c786838f-2c0a-4f11-8d08-7c1b7cb64c88
2026-06-15 10:53:30,メモリ,中古,San Max デスクトップPCメモリ 2GB PC3-12800U (DDR3-1600)【中古】,1140,LUITASU-R,https://item.rakuten.co.jp/ruitasu-r/10003083/?rafcid=wsc_i_is_c786838f-2c0a-4f11-8d08-7c1b7cb64c88
2026-06-15 10:53:30,メモリ,中古,デスクトップPCメモリ 4GB　SanMax Technologies DDR3 4GB PC3-12800U SMD-4G68H,1280,LUITASU-R,https://item.rakuten.co.jp/ruitasu-r/10001915/?rafcid=wsc_i_is_c786838f-2c0a-4f11-8d08-7c1b7cb64c88
2026-06-15 10:53:30,メモリ,中古,安心初期保障★Micron 8GB DDR4 PC4-2400T 260pin So-Dimm ノートパソコンメモリ MTA8ATF1G64HZ 増設メモリ ★送料無料　最短翌日届ける！！l【中古】,6600,E-SKY 中古PC販売,https://item.rakuten.co.jp/esky-pc/ki-ram-156/?rafcid=wsc_i_is_c786838f-2c0a-4f11-8d08-7c1b7cb64c88
2026-06-15 10:53:30,メモリ,中古,【未使用】【中古】 Micron 4?GB SODIMMノートパソコンメモリ mt8ktf51264hz pc3l-12800s-11???13-b4?Non - ECC PC - 12800,31634,ムジカ&フェリーチェ楽天市場店,https://item.rakuten.co.jp/mujica-felice/sb01cd32uzy/?rafcid=wsc_i_is_c786838f-2c0a-4f11-8d08-7c1b7cb64c88
2026-06-15 10:53:30,メモリ,中古,【中古】【未使用】キングストンKingstonノートPCメモリ DDR4-2400 (PC4-19200) 8GB CL15 1.2V Non-ECC SODIMM 260pin KVR24S17S8,34793,アトリエ絵利奈,https://item.rakuten.co.jp/atorieerina/sb01lw6hbsm/?rafcid=wsc_i_is_c786838f-2c0a-4f11-8d08-7c1b7cb64c88
2026-06-15 10:53:30,メモリ,中古,【中古-非常に良い】中古 ノートパソコンメモリ4GB Windows7 富士通 LIFEBOOK S761/C Core i5 2520M(2.5GHz) DVDマルチ 無線LAN,40704,ムジカ&フェリーチェ楽天市場店,https://item.rakuten.co.jp/mujica-felice/hb00mo9i1h4/?rafcid=wsc_i_is_c786838f-2c0a-4f11-8d08-7c1b7cb64c88
2026-06-15 10:53:30,メモリ,中古,【中古】【輸入品・未使用】Adamanta 32GB (2x16GB) ノートパソコンメモリアップグレード Dell Precision 17 7000シリーズ 7710 DDR4 2133Mhz P,84461,スカイマーケットプラス,https://item.rakuten.co.jp/skymarketplus/b01acib6ru/?rafcid=wsc_i_is_c786838f-2c0a-4f11-8d08-7c1b7cb64c88
2026-06-15 10:53:30,メモリ,中古,【中古】【輸入品・未使用】Adamanta 16?GB (2?x 8gb) ノートPCメモリアップグレードfor MSI ws72?6qj 058?ca ddr4?2133?pc4???17000?S,62528,スカイマーケットプラス,https://item.rakuten.co.jp/skymarketplus/b07529nwjd/?rafcid=wsc_i_is_c786838f-2c0a-4f11-8d08-7c1b7cb64c88
2026-06-15 10:53:30,メモリ,中古,【中古】【輸入品・未使用】Adamanta 16GB (2x8GB) ノートパソコンメモリアップグレード MSi GS70 6QE 070UK Stealth Pro DDR4 2133 PC4-17,62528,スカイマーケットプラス,https://item.rakuten.co.jp/skymarketplus/b0751vsmvj/?rafcid=wsc_i_is_c786838f-2c0a-4f11-8d08-7c1b7cb64c88
2026-06-15 10:53:30,メモリ,中古,【中古】【輸入品・未使用】Adamanta 16GB (2x8GB) ノートパソコンメモリアップグレード MSi GS72 6QD 050BE ステルス DDR4 2133 PC4-17000 SOD,62528,スカイマーケットプラス,https://item.rakuten.co.jp/skymarketplus/b075258489/?rafcid=wsc_i_is_c786838f-2c0a-4f11-8d08-7c1b7cb64c88
2026-06-15 10:53:30,メモリ,中古,【中古】【輸入品・未使用】Adamanta 8?GB (1?x 8gb) ノートPCメモリアップグレードfor MSI Gamingシリーズgt72s Dominator (6th Gen) ddr4,30061,スカイマーケットプラス,https://item.rakuten.co.jp/skymarketplus/b0751tnbbn/?rafcid=wsc_i_is_c786838f-2c0a-4f11-8d08-7c1b7cb64c88
2026-06-15 10:53:30,メモリ,中古,【中古】【輸入品・未使用】Adamanta 8?GB ( 1?x 8gb )ノートPCメモリアップグレードfor MSI Aegis 3ゲームデスクトップddr4?2400?MHz pc4???192,54233,スカイマーケットプラス,https://item.rakuten.co.jp/skymarketplus/b074zrwn21/?rafcid=wsc_i_is_c786838f-2c0a-4f11-8d08-7c1b7cb64c88
2026-06-15 10:53:30,メモリ,中古,【中古】【輸入品・未使用】OFFTEK 16GB 交換用RAMメモリ Asus Zenbook UX310UQ (DDR4-19200) ノートパソコンメモリ,71269,スカイマーケットプラス,https://item.rakuten.co.jp/skymarketplus/b07g5jw3vt/?rafcid=wsc_i_is_c786838f-2c0a-4f11-8d08-7c1b7cb64c88
2026-06-15 10:53:30,メモリ,中古,【中古】【輸入品・未使用】OFFTEK 16GB 交換用メモリ RAM Microstar (MSI) WS60 6QI-246US (DDR4-17000) ノートパソコンメモリ用,67644,スカイマーケットプラス,https://item.rakuten.co.jp/skymarketplus/b06xnkd9j7/?rafcid=wsc_i_is_c786838f-2c0a-4f11-8d08-7c1b7cb64c88
2026-06-15 10:53:30,メモリ,中古,【中古】【輸入品・未使用】Adamanta 16?GB ( 4?x 4gb )ノートPCメモリアップグレードforモバイルワークステーションHP EliteBook 8570?W ddr3?1600?,60188,スカイマーケットプラス,https://item.rakuten.co.jp/skymarketplus/b01fn8meac/?rafcid=wsc_i_is_c786838f-2c0a-4f11-8d08-7c1b7cb64c88
2026-06-15 10:53:30,メモリ,中古,【中古】 BUFFALO バッファロー D3N1600-4G 1600MHz DDR3対応 PCメモリー 4GB D3N1600-4G,7042,ベアホームズ,https://item.rakuten.co.jp/bearhomes/2024-11-24-3273/?rafcid=wsc_i_is_c786838f-2c0a-4f11-8d08-7c1b7cb64c88
2026-06-15 10:53:30,メモリ,中古,【中古】【未使用・未開封品】Adamanta 32?GB ( 2?x 16gb )ノートPCメモリアップグレードfor Lenovo ThinkPad p51、p71、t470p with第7世代In,118715,AJIMURA-SHOP,https://item.rakuten.co.jp/ajimura4861/b074q5zkx5/?rafcid=wsc_i_is_c786838f-2c0a-4f11-8d08-7c1b7cb64c88
2026-06-15 10:53:30,メモリ,中古,【中古】【輸入品・未使用】Adamanta 16GB (2x8GB) ノートパソコンメモリアップグレード MSiゲームシリーズ GS70 Stealth Pro-006 (6th Gen) DDR4 ,62528,スカイマーケットプラス,https://item.rakuten.co.jp/skymarketplus/b075274qmt/?rafcid=wsc_i_is_c786838f-2c0a-4f11-8d08-7c1b7cb64c88
2026-06-15 10:53:30,メモリ,中古,【中古】【輸入品・未使用】Adamanta 16?GB ( 2?x 8gb )ノートPCメモリアップグレードfor Dell Precision 15?7000シリーズ7510?ddr4?2133?M,61020,スカイマーケットプラス,https://item.rakuten.co.jp/skymarketplus/b0752dqhkq/?rafcid=wsc_i_is_c786838f-2c0a-4f11-8d08-7c1b7cb64c88
2026-06-15 10:53:30,メモリ,中古,【中古】【輸入品・未使用】Hynix original 32?GB ( 2?x 16gb )ノートPCメモリアップグレードfor MSI gp72?6qf 436be Leopard Pro ddr4,204182,スカイマーケットプラス,https://item.rakuten.co.jp/skymarketplus/b01mq1fmi2/?rafcid=wsc_i_is_c786838f-2c0a-4f11-8d08-7c1b7cb64c88
2026-06-15 10:53:30,メモリ,中古,【中古】【輸入品・未使用】OFFTEK 8GB 交換用メモリ RAM アップグレード HP-Compaq Pavilion Notebook dv7-6c95dx (DDR3-10600) ノートパソ,22379,スカイマーケットプラス,https://item.rakuten.co.jp/skymarketplus/b00hh7q6ac/?rafcid=wsc_i_is_c786838f-2c0a-4f11-8d08-7c1b7cb64c88
2026-06-15 10:53:30,メモリ,中古,【中古】【輸入品・未使用】Hynix original 16?GB ( 1?x 16gb )ノートPCメモリアップグレードfor Acer Aspire VX 15?vx5???591?G ddr4?,105707,スカイマーケットプラス,https://item.rakuten.co.jp/skymarketplus/b0751wdtwg/?rafcid=wsc_i_is_c786838f-2c0a-4f11-8d08-7c1b7cb64c88
2026-06-15 10:53:30,メモリ,中古,【中古】【輸入品・未使用】Adamanta 16GB (2x8GB) ノートパソコンメモリアップグレード MSi GS60 6QD 229FR Ghost Pro DDR4 2133 PC4-1700,62828,スカイマーケットプラス,https://item.rakuten.co.jp/skymarketplus/b07523x3js/?rafcid=wsc_i_is_c786838f-2c0a-4f11-8d08-7c1b7cb64c88
2026-06-15 10:53:30,メモリ,中古,【中古】 Side3 ノートパソコンメモリ PC3-10600 (DDR3-1333) サムスンチップ (2GB x 1),3290,バリューコネクト,https://item.rakuten.co.jp/trmt-1/b07dh17tsh/?rafcid=wsc_i_is_c786838f-2c0a-4f11-8d08-7c1b7cb64c88
2026-06-15 10:53:30,メモリ,中古,【中古】【輸入品・未使用】Adamanta 8?GB (1?x 8gb) ノートPCメモリアップグレードfor HP Zbook Studio g4モバイルワークステーションddr4?2133?MHz,30380,スカイマーケットプラス,https://item.rakuten.co.jp/skymarketplus/b0751y34tc/?rafcid=wsc_i_is_c786838f-2c0a-4f11-8d08-7c1b7cb64c88
2026-06-15 10:53:30,メモリ,中古,【中古】【輸入品・未使用】Adamanta 4?GB ( 1?x 4gb )ノートPCメモリアップグレードfor Asus Republic Of Gamers ( Rog ) gl551jw ddr,25694,スカイマーケットプラス,https://item.rakuten.co.jp/skymarketplus/b01bfq6zem/?rafcid=wsc_i_is_c786838f-2c0a-4f11-8d08-7c1b7cb64c88
2026-06-15 10:53:30,メモリ,中古,【中古】【輸入品・未使用】OFFTEK 8GB 交換用メモリ RAM アップグレード Asus Zenbook UX310UA (DDR4-19200) ノートパソコンメモリ,43026,スカイマーケットプラス,https://item.rakuten.co.jp/skymarketplus/b07g5jr252/?rafcid=wsc_i_is_c786838f-2c0a-4f11-8d08-7c1b7cb64c88
2026-06-15 10:53:30,メモリ,中古,【中古】【輸入品・未使用】Adamanta 4?GB (1?x 4gb) ノートPCメモリアップグレードfor Sony VAIO Fit 15?A svf15?N2z2e ddr3l 1600?pc,25510,スカイマーケットプラス,https://item.rakuten.co.jp/skymarketplus/b079thjwcy/?rafcid=wsc_i_is_c786838f-2c0a-4f11-8d08-7c1b7cb64c88
2026-06-15 10:53:30,メモリ,中古,【中古】【輸入品・未使用】OFFTEK 8GB 交換用RAMメモリ Dell XPS 14 (L421X) (DDR3-12800) ノートパソコンメモリ,35525,スカイマーケットプラス,https://item.rakuten.co.jp/skymarketplus/b00hh8ge3u/?rafcid=wsc_i_is_c786838f-2c0a-4f11-8d08-7c1b7cb64c88
2026-06-15 10:53:30,メモリ,中古,【中古】【輸入品・未使用】Adamanta 32GB (2x16GB) ノートパソコンメモリアップグレード 適合機種: Dell Inspiron 13 5000 5370 DDR4 2400Mhz ,198990,スカイマーケットプラス,https://item.rakuten.co.jp/skymarketplus/b07l16t3ck/?rafcid=wsc_i_is_c786838f-2c0a-4f11-8d08-7c1b7cb64c88
2026-06-15 10:53:30,メモリ,中古,【中古】【輸入品・未使用】Adamanta 32GB (2x16GB) ノートパソコンメモリアップグレード 適合機種: Dell Inspiron 15 5000 5570 DDR4 2400Mhz ,198843,スカイマーケットプラス,https://item.rakuten.co.jp/skymarketplus/b07l1826gq/?rafcid=wsc_i_is_c786838f-2c0a-4f11-8d08-7c1b7cb64c88
2026-06-15 10:53:30,メモリ,中古,【中古】【輸入品・未使用】Adamanta 32?GB ( 2?x 16gb )ノートPCメモリアップグレードfor Asus Republic Of Gamers ROG g701vi ddr4?2,70237,スカイマーケットプラス,https://item.rakuten.co.jp/skymarketplus/b07d8311ds/?rafcid=wsc_i_is_c786838f-2c0a-4f11-8d08-7c1b7cb64c88
2026-06-15 10:53:30,メモリ,中古,【中古】サムスン 4GB 2 x 2GB PC3-10600s DDR3 1333 S0DIMM ノートパソコンメモリーキット,20241,オマツリライフ別館,https://item.rakuten.co.jp/omatsuri-life2/b00ttr34m6/?rafcid=wsc_i_is_c786838f-2c0a-4f11-8d08-7c1b7cb64c88
2026-06-15 10:53:30,メモリ,中古,【中古】【輸入品・未使用】OFFTEK 8GB 交換用メモリ RAM アップグレード Toshiba DynaBook B55/B (DDR3-12800) ノートパソコンメモリ,22365,スカイマーケットプラス,https://item.rakuten.co.jp/skymarketplus/b07g5nj9xw/?rafcid=wsc_i_is_c786838f-2c0a-4f11-8d08-7c1b7cb64c88
2026-06-15 10:53:30,メモリ,中古,【中古】【輸入品・未使用】Adamanta 16?GB ( 2?x 8gb )ノートPCメモリアップグレードfor Asus Republic Of Gamers gl552vw ddr4?2133?,62528,スカイマーケットプラス,https://item.rakuten.co.jp/skymarketplus/b07523p668/?rafcid=wsc_i_is_c786838f-2c0a-4f11-8d08-7c1b7cb64c88
2026-06-15 10:53:30,メモリ,中古,【中古】【輸入品・未使用】Adamanta 16?GB (2?x 8gb) ノートPCメモリアップグレードfor MSI gs60?Ghost Pro 6qe 219?x fr ddr4?2133?p,62528,スカイマーケットプラス,https://item.rakuten.co.jp/skymarketplus/b075284rdr/?rafcid=wsc_i_is_c786838f-2c0a-4f11-8d08-7c1b7cb64c88
2026-06-15 10:53:30,メモリ,中古,【中古】【輸入品・未使用】Hynix original 16?GB ( 1?x 16gb )ノートPCメモリアップグレードfor MSI gs70?6qe 016beステルスPro ddr4?2133,104491,スカイマーケットプラス,https://item.rakuten.co.jp/skymarketplus/b01mpxgq6p/?rafcid=wsc_i_is_c786838f-2c0a-4f11-8d08-7c1b7cb64c88
2026-06-15 10:53:30,メモリ,中古,【中古】【輸入品・未使用】Adamanta 8GB (1x8GB) ノートパソコンメモリーアップグレード MSi P00016H21 DDR4 2133 PC4-17000 SODIMM 2Rx16 ,30061,スカイマーケットプラス,https://item.rakuten.co.jp/skymarketplus/b0751x4mmc/?rafcid=wsc_i_is_c786838f-2c0a-4f11-8d08-7c1b7cb64c88
2026-06-15 10:53:30,メモリ,中古,【中古】【輸入品・未使用】OFFTEK 4GB 交換用メモリ RAM Dell Inspiron 1545 (DDR2-6400) ノートパソコンメモリ用アップグレード,56688,スカイマーケットプラス,https://item.rakuten.co.jp/skymarketplus/b0091wds16/?rafcid=wsc_i_is_c786838f-2c0a-4f11-8d08-7c1b7cb64c88
2026-06-15 10:53:30,メモリ,中古,【中古】【輸入品・未使用】16GB RAMメモリ Asus GL752VW ROG (DDR4-17000 (PC4-2133)) - OFFTEKからのノートパソコンメモリアップグレード,71300,スカイマーケットプラス,https://item.rakuten.co.jp/skymarketplus/b06xnjfvr2/?rafcid=wsc_i_is_c786838f-2c0a-4f11-8d08-7c1b7cb64c88
2026-06-15 10:53:30,メモリ,中古,【中古】【輸入品・未使用】OFFTEK 16GB 交換用メモリ RAM アップグレード Microstar (MSI) GP72VR 6RF Leopard Pro (DDR4-19200) ノートパ,67555,スカイマーケットプラス,https://item.rakuten.co.jp/skymarketplus/b07g5mslnk/?rafcid=wsc_i_is_c786838f-2c0a-4f11-8d08-7c1b7cb64c88
2026-06-15 10:53:30,メモリ,中古,【中古】【輸入品・未使用】OFFTEK 16GB 交換用RAMメモリ Microstar (MSI) GS63VR 6RF Stealth Pro (DDR4-17000) ノートパソコンメモリ,71367,スカイマーケットプラス,https://item.rakuten.co.jp/skymarketplus/b07g5jhvcn/?rafcid=wsc_i_is_c786838f-2c0a-4f11-8d08-7c1b7cb64c88
2026-06-15 10:53:30,メモリ,中古,【中古】【輸入品・未使用】Adamanta 4?GB ( 1?x 4gb )ノートPCメモリアップグレードfor Lenovo IdeaPad 300???15isk 80q7?ddr3l 1600?,24402,スカイマーケットプラス,https://item.rakuten.co.jp/skymarketplus/b079tgxqf1/?rafcid=wsc_i_is_c786838f-2c0a-4f11-8d08-7c1b7cb64c88
2026-06-15 10:53:30,メモリ,中古,【中古】【輸入品・未使用】OFFTEK 8GB 交換用メモリ RAM アップグレード Acer Aspire ES1-512 (DDR3-12800) ノートパソコンメモリ,22365,スカイマーケットプラス,https://item.rakuten.co.jp/skymarketplus/b016wui3z0/?rafcid=wsc_i_is_c786838f-2c0a-4f11-8d08-7c1b7cb64c88
2026-06-15 10:53:30,メモリ,中古,【中古】ノートパソコンメモリ4GB Windows7 富士通 LIFEBOOK S761/C Core i5 2520M(2.5GHz) DVDマルチ 無線LAN,37170,GoodLifeStore,https://item.rakuten.co.jp/goodlifestore/b00mo9i1h4/?rafcid=wsc_i_is_c786838f-2c0a-4f11-8d08-7c1b7cb64c88
2026-06-15 10:53:30,メモリ,中古,【中古】【未使用・未開封品】Adamanta 16?GB ( 1?x 16gb )ノートPCメモリアップグレードfor Asus ROG、Acer Aspire、Acer Predator、Acer ,63393,AJIMURA-SHOP,https://item.rakuten.co.jp/ajimura4861/b078tnls5c/?rafcid=wsc_i_is_c786838f-2c0a-4f11-8d08-7c1b7cb64c88
2026-06-15 10:53:30,メモリ,中古,【中古】【輸入品・未使用】Adamanta 16GB (2x8GB) ノートパソコンメモリーアップグレード MSi DDR4-6QE 030BE Ghost Pro DDR4 2133 PC4-170,62528,スカイマーケットプラス,https://item.rakuten.co.jp/skymarketplus/b0751wmm9x/?rafcid=wsc_i_is_c786838f-2c0a-4f11-8d08-7c1b7cb64c88
2026-06-15 10:53:30,メモリ,中古,【中古】【輸入品・未使用】Adamanta 16GB (2x8GB) ノートパソコンメモリアップグレード MSi GS60 6QE 052ZA Ghost Pro DDR4 2133 PC4-1700,62528,スカイマーケットプラス,https://item.rakuten.co.jp/skymarketplus/b07527yyc8/?rafcid=wsc_i_is_c786838f-2c0a-4f11-8d08-7c1b7cb64c88
2026-06-15 10:53:30,メモリ,中古,【中古】【輸入品・未使用】Adamanta 8GB (1x8GB) ノートパソコンメモリーアップグレード Dell Inspiron 15 7000シリーズ 7569 2-in-1 DDR4 2133,37287,スカイマーケットプラス,https://item.rakuten.co.jp/skymarketplus/b0757ww2jf/?rafcid=wsc_i_is_c786838f-2c0a-4f11-8d08-7c1b7cb64c88
2026-06-15 10:53:30,メモリ,中古,【中古】【輸入品・未使用】Adamanta 16?GB (2?x 8gb) ノートPCメモリアップグレードfor Dell Latitude 13?3000シリーズ3379?2イン1?ddr4?213,61020,スカイマーケットプラス,https://item.rakuten.co.jp/skymarketplus/b078sk3dp3/?rafcid=wsc_i_is_c786838f-2c0a-4f11-8d08-7c1b7cb64c88
2026-06-15 10:53:30,メモリ,中古,【中古】【輸入品・未使用】Adamanta 16GB (2x8GB) ノートパソコンメモリアップグレード MSi Aegis X3 ゲーミングデスクトップDDR4 2400Mhz PC4-19200 ,105219,スカイマーケットプラス,https://item.rakuten.co.jp/skymarketplus/b074xlt8d6/?rafcid=wsc_i_is_c786838f-2c0a-4f11-8d08-7c1b7cb64c88
2026-06-15 10:53:30,メモリ,中古,【中古】OFFTEK 1GB 交換用メモリ RAM アップグレード用 HP-Compaq Pavilion Notebook ze2002AP (PC2700) ノートパソコンメモリ,6020,スカーレット2021,https://item.rakuten.co.jp/scarlet2021/b06xky9v9r/?rafcid=wsc_i_is_c786838f-2c0a-4f11-8d08-7c1b7cb64c88
2026-06-15 10:53:30,メモリ,中古,【中古】【輸入品・未使用】Adamanta 16?GB (2?x 8gb) ノートPCメモリアップグレードfor Asus Republic Of Gamersタワーg20cb ddr4?2133?M,62528,スカイマーケットプラス,https://item.rakuten.co.jp/skymarketplus/b0751t26qj/?rafcid=wsc_i_is_c786838f-2c0a-4f11-8d08-7c1b7cb64c88
2026-06-15 10:53:30,メモリ,中古,【中古】【輸入品・未使用】OFFTEK 8GB 交換用RAMメモリ Asus X556UAK (DDR4-17000) ノートパソコンメモリ,47638,スカイマーケットプラス,https://item.rakuten.co.jp/skymarketplus/b07g5gm8nv/?rafcid=wsc_i_is_c786838f-2c0a-4f11-8d08-7c1b7cb64c88
2026-06-15 10:53:30,メモリ,中古,【中古】【輸入品・未使用】Hynix original 16?GB ( 1?x 16gb )ノートPCメモリアップグレードfor MSI gp72?6qf 299?FR Leopard Pro ddr,113708,スカイマーケットプラス,https://item.rakuten.co.jp/skymarketplus/b01m29pswf/?rafcid=wsc_i_is_c786838f-2c0a-4f11-8d08-7c1b7cb64c88
2026-06-15 10:53:30,メモリ,中古,【中古】【輸入品・未使用】Adamanta 16GB (2x8GB) ノートパソコンメモリアップグレード Dell Precision 17 7000シリーズ 7710 DDR4 2133Mhz PC,62528,スカイマーケットプラス,https://item.rakuten.co.jp/skymarketplus/b0752g66lt/?rafcid=wsc_i_is_c786838f-2c0a-4f11-8d08-7c1b7cb64c88
2026-06-15 10:53:30,メモリ,中古,【中古】「未使用品」BUFFALO デスクトップ用 増設PCメモリ MV-D2/667-S1G,10063,オマツリライフ別館,https://item.rakuten.co.jp/omatsuri-life2/sb002g9urjw/?rafcid=wsc_i_is_c786838f-2c0a-4f11-8d08-7c1b7cb64c88
2026-06-15 10:53:30,メモリ,中古,【中古】【輸入品・未使用】Adamanta 16?GB ( 2?x 8gb )ノートPCメモリアップグレードfor MSI ge72?6qf Apache Pro 053?FR ddr4?2133?p,62528,スカイマーケットプラス,https://item.rakuten.co.jp/skymarketplus/b0752dqvwx/?rafcid=wsc_i_is_c786838f-2c0a-4f11-8d08-7c1b7cb64c88
2026-06-15 10:53:30,メモリ,中古,【中古】【輸入品・未使用】Adamanta 16GB (2x8GB) ノートパソコンメモリアップグレード Gigabyte P57W DDR4 2133 PC4-17000 SODIMM 2Rx16 ,62528,スカイマーケットプラス,https://item.rakuten.co.jp/skymarketplus/b07524cpf1/?rafcid=wsc_i_is_c786838f-2c0a-4f11-8d08-7c1b7cb64c88
2026-06-15 10:53:30,メモリ,中古,【中古】【輸入品・未使用】OFFTEK 8GB 交換用RAMメモリ HP-Compaq ProBook 430 G2 (DDR3-12800) ノートパソコンメモリ,41769,スカイマーケットプラス,https://item.rakuten.co.jp/skymarketplus/b06xkt4r96/?rafcid=wsc_i_is_c786838f-2c0a-4f11-8d08-7c1b7cb64c88
2026-06-15 10:53:30,メモリ,中古,【中古】【輸入品・未使用】OFFTEK 8GB 交換用メモリ RAM Dell Inspiron 11 (3137) (DDR3-12800) ノートパソコンメモリ用アップグレード,22365,スカイマーケットプラス,https://item.rakuten.co.jp/skymarketplus/b06xktdh8w/?rafcid=wsc_i_is_c786838f-2c0a-4f11-8d08-7c1b7cb64c88
2026-06-15 10:53:30,メモリ,中古,【中古】【輸入品・未使用】OFFTEK 4GB 交換用メモリ RAM IBM-Lenovo IdeaPad 310-15IKB (DDR4-17000) ノートパソコンメモリ用アップグレード,23368,スカイマーケットプラス,https://item.rakuten.co.jp/skymarketplus/b07g5k7r7l/?rafcid=wsc_i_is_c786838f-2c0a-4f11-8d08-7c1b7cb64c88
2026-06-15 10:53:30,メモリ,中古,【中古】【輸入品・未使用】Hynix original 16?GB ( 1?x 16gb )ノートPCメモリアップグレードfor MSI gl72?6qd 002?X PL ddr4?2133?pc4,113708,スカイマーケットプラス,https://item.rakuten.co.jp/skymarketplus/b01m9fzhsj/?rafcid=wsc_i_is_c786838f-2c0a-4f11-8d08-7c1b7cb64c88
2026-06-15 10:53:30,メモリ,中古,【中古】【輸入品・未使用】Adamanta 16GB (1x16GB) ノートパソコンメモリアップグレード Acer Aspire E 15 E5-575-33BM DDR4 2133Mhz PC4-,50364,スカイマーケットプラス,https://item.rakuten.co.jp/skymarketplus/b074vcqdzd/?rafcid=wsc_i_is_c786838f-2c0a-4f11-8d08-7c1b7cb64c88
2026-06-15 10:53:30,メモリ,中古,【中古】サムスン 8GB RAMキット (4GB x 2) DDR3 1%カンマ%333Mhz SODIMM ノートパソコンメモリー PC3-10600s M471B5273DH0-CH9,17971,アトリエ絵利奈,https://item.rakuten.co.jp/atorieerina/b00dix3pks/?rafcid=wsc_i_is_c786838f-2c0a-4f11-8d08-7c1b7cb64c88
2026-06-15 10:53:30,メモリ,中古,【中古】【輸入品・未使用】Adamanta 16?GB ( 2?x 8gb )ノートPCメモリアップグレードfor Acer Aspire E 15?e5???575???33bm ddr4?2133,62528,スカイマーケットプラス,https://item.rakuten.co.jp/skymarketplus/b07527z2g4/?rafcid=wsc_i_is_c786838f-2c0a-4f11-8d08-7c1b7cb64c88
2026-06-15 10:53:30,メモリ,中古,【中古】【輸入品・未使用】Hynix original 16?GB (1?x 16gb) ノートPCメモリアップグレードfor MSI gs60?Ghost Pro 6qe 059?X FR ddr4,104491,スカイマーケットプラス,https://item.rakuten.co.jp/skymarketplus/b01m3v0v8s/?rafcid=wsc_i_is_c786838f-2c0a-4f11-8d08-7c1b7cb64c88
2026-06-15 10:53:30,メモリ,中古,【中古】【輸入品・未使用】Adamanta 4GB (1x4GB) ノートパソコンメモリアップグレード Dell Inspiron 17 7000 シリーズ 7737 DDR3L 1600Mhz PC,26457,スカイマーケットプラス,https://item.rakuten.co.jp/skymarketplus/b079tkb5y6/?rafcid=wsc_i_is_c786838f-2c0a-4f11-8d08-7c1b7cb64c88
2026-06-15 10:53:30,メモリ,中古,【中古】【輸入品・未使用】OFFTEK 8GB 交換用メモリ RAM アップグレード HP-Compaq Envy m6-ae151dx (DDR3-12800) ノートパソコンメモリ用,22365,スカイマーケットプラス,https://item.rakuten.co.jp/skymarketplus/b07g4gg5md/?rafcid=wsc_i_is_c786838f-2c0a-4f11-8d08-7c1b7cb64c88
2026-06-15 10:53:30,メモリ,中古,【中古】【輸入品・未使用】OFFTEK 4GB 交換用メモリ RAM IBM-Lenovo IdeaPad 110-15ISK (DDR4-19200) ノートパソコンメモリ用,23301,スカイマーケットプラス,https://item.rakuten.co.jp/skymarketplus/b07g5jh8tv/?rafcid=wsc_i_is_c786838f-2c0a-4f11-8d08-7c1b7cb64c88
2026-06-15 10:53:30,メモリ,中古,【中古】「非常に良い」サムスン 4GB 2 x 2GB PC3-10600s DDR3 1333 S0DIMM ノートパソコンメモリーキット,22132,オマツリライフ別館,https://item.rakuten.co.jp/omatsuri-life2/hb00ttr34m6/?rafcid=wsc_i_is_c786838f-2c0a-4f11-8d08-7c1b7cb64c88
2026-06-15 10:53:30,メモリ,中古,【中古】【輸入品・未使用】Adamanta 4GB (1x4GB) ノートパソコンメモリアップグレード 適合機種: Dell Precision M2800 DDR3L 1600Mhz PC3L-12,29366,スカイマーケットプラス,https://item.rakuten.co.jp/skymarketplus/b01fv635rm/?rafcid=wsc_i_is_c786838f-2c0a-4f11-8d08-7c1b7cb64c88
2026-06-15 10:53:30,メモリ,中古,【中古】【輸入品・未使用】Adamanta 16?GB ( 2?x 8gb )ノートPCメモリアップグレードfor MSI Prestigeシリーズpe70?6qe ( 6th Gen ) ddr4?,114079,スカイマーケットプラス,https://item.rakuten.co.jp/skymarketplus/b01kknpj02/?rafcid=wsc_i_is_c786838f-2c0a-4f11-8d08-7c1b7cb64c88
2026-06-15 10:53:30,メモリ,中古,【中古】 Side3 ノートパソコンメモリ PC3-10600 (DDR3-1333) サムスンチップ (2GB x 1),3290,AJIMURA-SHOP,https://item.rakuten.co.jp/ajimura4861/a-b07dh17tsh/?rafcid=wsc_i_is_c786838f-2c0a-4f11-8d08-7c1b7cb64c88
2026-06-15 10:53:30,メモリ,中古,【中古】【輸入品・未使用】Adamanta 16GB (2x8GB) ノートパソコンメモリアップグレード MSi GS60 6QC16H11 DDR4 2133 PC4-17000 SODIMM 2R,62528,スカイマーケットプラス,https://item.rakuten.co.jp/skymarketplus/b07528xqtx/?rafcid=wsc_i_is_c786838f-2c0a-4f11-8d08-7c1b7cb64c88
2026-06-15 10:53:30,メモリ,中古,【中古】【輸入品・未使用】Hynix オリジナル 32GB (2x16GB) ノートパソコンメモリアップグレード MSi GE72 6QF 064FR Apache Pro DDR4 2133 PC4,204182,スカイマーケットプラス,https://item.rakuten.co.jp/skymarketplus/b01m32c66l/?rafcid=wsc_i_is_c786838f-2c0a-4f11-8d08-7c1b7cb64c88
2026-06-15 10:53:30,メモリ,中古,【中古】【輸入品・未使用】OFFTEK 16GB 交換用メモリ RAM Microstar (MSI) WS60 6QI-246US (DDR4-19200) ノートパソコンメモリ用,67555,スカイマーケットプラス,https://item.rakuten.co.jp/skymarketplus/b06xknwq8q/?rafcid=wsc_i_is_c786838f-2c0a-4f11-8d08-7c1b7cb64c88
2026-06-15 10:53:30,メモリ,中古,【中古】【輸入品・未使用】OFFTEK 8GB 交換用RAMメモリ Acer Aspire E5-575-33BM (DDR4-19200) ノートパソコンメモリ,43158,スカイマーケットプラス,https://item.rakuten.co.jp/skymarketplus/b07g5p83ys/?rafcid=wsc_i_is_c786838f-2c0a-4f11-8d08-7c1b7cb64c88
2026-06-15 10:53:30,メモリ,中古,【中古】【輸入品・未使用】OFFTEK 8GB 交換用メモリ RAM アップグレード用 IBM-Lenovo ThinkPad T530 (DDR3-12800) ノートパソコンメモリ,35525,スカイマーケットプラス,https://item.rakuten.co.jp/skymarketplus/b00hh75blw/?rafcid=wsc_i_is_c786838f-2c0a-4f11-8d08-7c1b7cb64c88
2026-06-15 10:53:30,メモリ,中古,【中古】【輸入品・未使用】OFFTEK 4GB 交換用RAMメモリ IBM-Lenovo IdeaPad 320S-15IKB (DDR4-17000) ノートパソコンメモリ,23368,スカイマーケットプラス,https://item.rakuten.co.jp/skymarketplus/b07g5l8qh5/?rafcid=wsc_i_is_c786838f-2c0a-4f11-8d08-7c1b7cb64c88
2026-06-15 10:53:30,メモリ,中古,【中古】「非常に良い」サムスン 8GB RAMキット (4GB x 2) DDR3 1333Mhz SODIMM ノートパソコンメモリー PC3-10600s M471B5273DH0-CH9,22132,オマツリライフ別館,https://item.rakuten.co.jp/omatsuri-life2/hb00dix3pks/?rafcid=wsc_i_is_c786838f-2c0a-4f11-8d08-7c1b7cb64c88
2026-06-15 10:53:30,メモリ,中古,【中古】【輸入品・未使用】Adamanta 32?GB ( 2?x 16gb )ノートPCメモリアップグレードfor MSI Trident 3ゲームデスクトップddr4?2400?MHz pc4??,93687,スカイマーケットプラス,https://item.rakuten.co.jp/skymarketplus/b01mt64ne6/?rafcid=wsc_i_is_c786838f-2c0a-4f11-8d08-7c1b7cb64c88
2026-06-15 10:53:30,メモリ,中古,【中古】【輸入品・未使用】Adamanta 16?GB (2?x 8gb) ノートPCメモリアップグレードfor Dell Inspiron 15?7000シリーズ7579?2イン1?ddr4?213,61020,スカイマーケットプラス,https://item.rakuten.co.jp/skymarketplus/b07582s488/?rafcid=wsc_i_is_c786838f-2c0a-4f11-8d08-7c1b7cb64c88
2026-06-15 10:53:30,メモリ,中古,【中古】【輸入品・未使用】Adamanta 16?GB (2?x 8gb) ノートPCメモリアップグレードfor MSI pe60?6qe 214uk ddr4?2133?pc4???17000?SO,62528,スカイマーケットプラス,https://item.rakuten.co.jp/skymarketplus/b07529m7kk/?rafcid=wsc_i_is_c786838f-2c0a-4f11-8d08-7c1b7cb64c88
2026-06-15 10:53:30,メモリ,中古,【中古】【輸入品・未使用】Adamanta 16GB (2x8GB) ノートパソコンメモリアップグレード Dell Alienware 17 R3 ゲーミングノートパソコン用 DDR4 2133Mhz,62528,スカイマーケットプラス,https://item.rakuten.co.jp/skymarketplus/b07528r2lz/?rafcid=wsc_i_is_c786838f-2c0a-4f11-8d08-7c1b7cb64c88
2026-06-15 10:53:30,メモリ,中古,【中古】【輸入品・未使用】Hynix original 16?GB ( 1?x 16gb )ノートPCメモリアップグレードfor MSI gl62?6qf 1230?x ES ddr4?2133?pc,113708,スカイマーケットプラス,https://item.rakuten.co.jp/skymarketplus/b01m4oay82/?rafcid=wsc_i_is_c786838f-2c0a-4f11-8d08-7c1b7cb64c88
2026-06-15 10:53:30,メモリ,中古,【中古】【輸入品・未使用】Hynix original 16?GB ( 1?x 16gb )ノートPCメモリアップグレードfor MSI gs72?6qc 052?NLステルスddr4?2133?pc,113708,スカイマーケットプラス,https://item.rakuten.co.jp/skymarketplus/b01m8ngi1r/?rafcid=wsc_i_is_c786838f-2c0a-4f11-8d08-7c1b7cb64c88
2026-06-15 10:53:30,メモリ,中古,【中古】【輸入品・未使用】Adamanta 16GB (2x8GB) ノートパソコンメモリアップグレード Dell Inspiron 13 5000シリーズ 5378 DDR4 2133Mhz PC4,62528,スカイマーケットプラス,https://item.rakuten.co.jp/skymarketplus/b07533d124/?rafcid=wsc_i_is_c786838f-2c0a-4f11-8d08-7c1b7cb64c88
2026-06-15 10:53:30,メモリ,中古,【中古】【輸入品・未使用】Adamanta 16GB (2x8GB) ノートパソコンメモリアップグレード Dell Latitude 14 7000シリーズ 7480 DDR4 2133Mhz PC4,62528,スカイマーケットプラス,https://item.rakuten.co.jp/skymarketplus/b0751wlp1z/?rafcid=wsc_i_is_c786838f-2c0a-4f11-8d08-7c1b7cb64c88
2026-06-15 10:53:30,メモリ,中古,【中古】【輸入品・未使用】OFFTEK 16GB 交換用メモリ RAM Dell Latitude 7490 (DDR4-17000) ノートパソコンメモリ用アップグレード,68856,スカイマーケットプラス,https://item.rakuten.co.jp/skymarketplus/b07g5jd77j/?rafcid=wsc_i_is_c786838f-2c0a-4f11-8d08-7c1b7cb64c88
2026-06-15 10:53:30,電源,新品,Thermaltake TOUGHPOWER GT 850W ATX 3.1/PCI Express 5.1対応 80PLUS GOLD PC電源ユニット PS-TPT-0850FNFAGJ-3 PS,15293,SUPERYOU,https://item.rakuten.co.jp/superyou/zsdfptlq4i54b7p5mssuhqwct4/?rafcid=wsc_i_is_c786838f-2c0a-4f11-8d08-7c1b7cb64c88
2026-06-15 10:53:30,電源,新品,CORSAIR RM1000e PC電源ユニット 1000W PCIE 5.0 対応 80PLUS Gold認証 ATX 3.0 認証済 フルモジュラー 12VHPWR ケーブル付属 CP-90202,35000,zo-,https://item.rakuten.co.jp/zozo/zoz10526/?rafcid=wsc_i_is_c786838f-2c0a-4f11-8d08-7c1b7cb64c88
2026-06-15 10:53:30,電源,新品,CORSAIR RM850e 2025モデル PC電源ユニット 850W PCIE 5.1 対応 ATX 3.1 認証済 フルモジュラー 12V-2x6 ケーブル付属 CP-9020296-JP,19102,TalesStore 楽天市場店,https://item.rakuten.co.jp/tales-store/202505101629364537694358347/?rafcid=wsc_i_is_c786838f-2c0a-4f11-8d08-7c1b7cb64c88
2026-06-15 10:53:30,電源,新品,【送料無料】AsiaHorse PC電源延長スリーブケーブル 白 [16AWG高性能銅コア] PSU 延長ケーブル 6本 & 30CM 3本の8ピンGPU延長ケーブル 2本の8ピンCPU延長ケーブル ,6099,Angel Wings,https://item.rakuten.co.jp/angel-wings2025/b0b7rl1rvb/?rafcid=wsc_i_is_c786838f-2c0a-4f11-8d08-7c1b7cb64c88
2026-06-15 10:53:30,電源,新品,ASUS pc電源ユニット 80 Plus Gold 850W ATX Prime AP-850G 国内正規代理店品,26091,FIDELA,https://item.rakuten.co.jp/fidela/fid3-0cnwtm5dj/?rafcid=wsc_i_is_c786838f-2c0a-4f11-8d08-7c1b7cb64c88
2026-06-15 10:53:30,電源,新品,GIGABYTE UD850GM PG5 PC電源ユニット 850W GP-UD850GM PG5(Ver2.0) PS1521,15875,TalesStore 楽天市場店,https://item.rakuten.co.jp/tales-store/202505110049260810075655469/?rafcid=wsc_i_is_c786838f-2c0a-4f11-8d08-7c1b7cb64c88
2026-06-15 10:53:30,電源,新品,CORSAIR SF750 2024モデル ATX3.1 対応 750W SFX規格 フルモジュラー PC電源ユニット CP-9020284-JP,35708,セレクトショップ RST,https://item.rakuten.co.jp/r-style-ra/20250821223529_67/?rafcid=wsc_i_is_c786838f-2c0a-4f11-8d08-7c1b7cb64c88
2026-06-15 10:53:30,電源,新品,【送料無料】AsiaHorse PC用スリーブケーブル GPU/CPU用PC電源 延長ケーブル 白雪姫 [18AWG高性能銅コア] 4本 & 30CM 2本の8ピン GPU 延長 ケーブル 1本の8ピ,4476,1000カットカルペディエム,https://item.rakuten.co.jp/1000cut-carpediem/01-20250304-223456/?rafcid=wsc_i_is_c786838f-2c0a-4f11-8d08-7c1b7cb64c88
2026-06-15 10:53:30,電源,新品,Fractal Design Ion 3 Gold 1000W Black PC電源ユニット ブラック｜FD-P-IA3G-100,32272,PC4U 楽天市場店,https://item.rakuten.co.jp/pc4u/ps1671/?rafcid=wsc_i_is_c786838f-2c0a-4f11-8d08-7c1b7cb64c88
2026-06-15 10:53:30,電源,新品,【15日はエントリーで最大5000ポイント】Antec アンテックNeoECO Gold NE1000G M ATX 3.0 PC電源ユニット 1000W NE1000G-M-ATX3.0(26091,20900,KLAXON,https://item.rakuten.co.jp/e-zoa-klaxon/itm0015861637/?rafcid=wsc_i_is_c786838f-2c0a-4f11-8d08-7c1b7cb64c88
2026-06-15 10:53:30,電源,新品,【15日はエントリーで最大5000ポイント】Cooler Master クーラーマスターPC電源ユニット V SFX Platinum 1100W 80PLUS Platinum ATX3.0 12V,50290,e-zoa 楽天市場 SHOP,https://item.rakuten.co.jp/e-zoa/itm0015866183/?rafcid=wsc_i_is_c786838f-2c0a-4f11-8d08-7c1b7cb64c88
2026-06-15 10:53:30,電源,新品,MSI 850W自作PC電源ユニットMPG A850G PCIE5 (80PLUS GOLD PCIe5.0/ATX3.0ネイティブ対応10年保証)PS1,24700,サクラコーポレーションECショップ,https://item.rakuten.co.jp/sakurainc/20250716rk-4526541042232/?rafcid=wsc_i_is_c786838f-2c0a-4f11-8d08-7c1b7cb64c88
2026-06-15 10:53:30,電源,新品,Thermaltake Smart Pro 600W 80PLUS Standard認証 600W ATX PC電源ユニット PS-SPD-0600NNFAWJ-1 PS1461,7172,denit_shop楽天市場店,https://item.rakuten.co.jp/denitshop-r/4711475645219/?rafcid=wsc_i_is_c786838f-2c0a-4f11-8d08-7c1b7cb64c88
2026-06-15 10:53:30,電源,新品,CORSAIR RM1000e 2025ホワイトモデル PC電源ユニット 1000W PCIE 5.1 対応 Cybenetics Gold A,36311,エブリデイ・ダイレクト,https://item.rakuten.co.jp/everydaydirect/raku1cf7f880e5/?rafcid=wsc_i_is_c786838f-2c0a-4f11-8d08-7c1b7cb64c88
2026-06-15 10:53:30,電源,新品,Cooler Master ELITE Gold 850 FM A/JP cord PC電源ユニット 850W｜MPX-8505-AFAG-BJP,11585,ASKダイレクト,https://item.rakuten.co.jp/ask-direct/ps1675/?rafcid=wsc_i_is_c786838f-2c0a-4f11-8d08-7c1b7cb64c88
2026-06-15 10:53:30,電源,新品,Cooler Master ELITE Gold 850 FM A/JP cord PC電源ユニット 850W｜MPX-8505-AFAG-BJP,11585,PC4U 楽天市場店,https://item.rakuten.co.jp/pc4u/ps1675/?rafcid=wsc_i_is_c786838f-2c0a-4f11-8d08-7c1b7cb64c88
2026-06-15 10:53:30,電源,新品,GamerStorm PN1000M PC電源ユニット 1000W 80PLUS Gold認証 ATX3.1 PCIe5.1対応 フルモジュラー｜R-PNA00M-FC0B-JGJP,27228,ASKダイレクト,https://item.rakuten.co.jp/ask-direct/ps1589/?rafcid=wsc_i_is_c786838f-2c0a-4f11-8d08-7c1b7cb64c88
2026-06-15 10:53:30,電源,新品,ANTEC PC電源ユニット CSK550DC 80PLUS BRONZE 認証取得 高効率電源ユニット 静音性に優れた120mmファン搭載 ノンモジュラー（直付け）方式電源【キャンセル不可・北海道沖,8980,パソコンパーツのアプライド,https://item.rakuten.co.jp/applied2/0761345201049-ds/?rafcid=wsc_i_is_c786838f-2c0a-4f11-8d08-7c1b7cb64c88
2026-06-15 10:53:30,電源,新品,CORSAIR RM850x 2024年モデル PC電源ユニット 850W ATX3.1 PCIe5.1対応 80PLUS Gold認証 フルモジュラー 12VHPWRケーブル付属 CP-902027,20554,SelectSHOP 岐阜 楽天市場店,https://item.rakuten.co.jp/makana--/y2-0d46m8655/?rafcid=wsc_i_is_c786838f-2c0a-4f11-8d08-7c1b7cb64c88
2026-06-15 10:53:30,電源,新品,Corsair RM750e White -2025- PC電源ユニット 750W ホワイト｜CP-9020292-JP,19155,ASKダイレクト,https://item.rakuten.co.jp/ask-direct/ps1581/?rafcid=wsc_i_is_c786838f-2c0a-4f11-8d08-7c1b7cb64c88
2026-06-15 10:53:30,電源,新品,Cooler Master MWE Gold 650 V3 ATX 3.1 White Non-Modular PC電源ユニット 650W ホワイト｜MPE-6502-ACAAG-3GJP,12191,ASKダイレクト,https://item.rakuten.co.jp/ask-direct/ps1562/?rafcid=wsc_i_is_c786838f-2c0a-4f11-8d08-7c1b7cb64c88
2026-06-15 10:53:30,電源,新品,【15日はエントリーで最大5000ポイント】Antec アンテックNeoECO Gold NE1000G M ATX 3.0 PC電源ユニット 1000W NE1000G-M-ATX3.0(26091,20900,e-zoa 楽天市場 SHOP,https://item.rakuten.co.jp/e-zoa/itm0015861637/?rafcid=wsc_i_is_c786838f-2c0a-4f11-8d08-7c1b7cb64c88
2026-06-15 10:53:30,電源,新品,MSI MPG Ai1300TS PCIE5 1300W PC電源ユニット｜MPG Ai1300TS PCIE5,63559,ASKダイレクト,https://item.rakuten.co.jp/ask-direct/ps1754/?rafcid=wsc_i_is_c786838f-2c0a-4f11-8d08-7c1b7cb64c88
2026-06-15 10:53:30,電源,新品,ASRockSteel Legend 次世代GPU対応PC電源ユニット750WPCIe5.1対応80PLUS GOLDATX 3.1フルモジュラー 12V-2x6 ケーブル付属SL-750G,17001,White market,https://item.rakuten.co.jp/whitehalca/2imsvqo5jkolcdohpsy35dpwcq/?rafcid=wsc_i_is_c786838f-2c0a-4f11-8d08-7c1b7cb64c88
2026-06-15 10:53:30,電源,新品,【15日はエントリーで最大5000ポイント】MSI エムエスアイ850W自作PC電源ユニット 80PLUS GOLD PCIe5.0 MPG A850G PCIE5(2559664)送料無料,25900,e-zoa 楽天市場 SHOP,https://item.rakuten.co.jp/e-zoa/itm0015819152/?rafcid=wsc_i_is_c786838f-2c0a-4f11-8d08-7c1b7cb64c88
2026-06-15 10:53:30,電源,新品,【15日はエントリーで最大5000ポイント】CORSAIR コルセアHX1000i ATX 3.0 certified with 12VHPWR cable 1000W PC電源ユニット CP-902,44900,e-zoa 楽天市場 SHOP,https://item.rakuten.co.jp/e-zoa/itm0015832154/?rafcid=wsc_i_is_c786838f-2c0a-4f11-8d08-7c1b7cb64c88
2026-06-15 10:53:30,電源,新品,Corsair iCUE LINK HX1200i shift 2025 フルモジュラーPC電源ユニット 1200W｜CP-9020267-JP,52255,ASKダイレクト,https://item.rakuten.co.jp/ask-direct/ps1663/?rafcid=wsc_i_is_c786838f-2c0a-4f11-8d08-7c1b7cb64c88
2026-06-15 10:53:30,電源,新品,【15日はエントリーで最大5000ポイント】MSI エムエスアイMPG A850GS PCIE5 PCIe 5.1/ATX 3.1対応 PC電源ユニット 850W MPGA850GSPCIE5(264,26850,e-zoa 楽天市場 SHOP,https://item.rakuten.co.jp/e-zoa/itm0015894738/?rafcid=wsc_i_is_c786838f-2c0a-4f11-8d08-7c1b7cb64c88
2026-06-15 10:53:30,電源,新品,ASRockSteel Legend 次世代GPU対応PC電源ユニット1000WPCIe5.1対応80PLUS GOLDATX 3.1フルモジュラー 12V-2x6 ケーブル付属SL-1000GW,26604,フローイングgt,https://item.rakuten.co.jp/flowing2/itolbkkv3higacovqchg62ehsi/?rafcid=wsc_i_is_c786838f-2c0a-4f11-8d08-7c1b7cb64c88
2026-06-15 10:53:30,電源,新品,Corsair RM1000e White -2025- PC電源ユニット 1000W ホワイト｜CP-9020294-JP,30256,ASKダイレクト,https://item.rakuten.co.jp/ask-direct/ps1583/?rafcid=wsc_i_is_c786838f-2c0a-4f11-8d08-7c1b7cb64c88
2026-06-15 10:53:30,電源,新品,Thermaltake TOUGHPOWER GT/1000W ATX 3.1/PCI Express 5.1対応 80PLUS GOLD PC電源ユニット｜PS-TPT-1000FNFAGJ-3,23009,ASKダイレクト,https://item.rakuten.co.jp/ask-direct/ps1614/?rafcid=wsc_i_is_c786838f-2c0a-4f11-8d08-7c1b7cb64c88
2026-06-15 10:53:30,電源,新品,【送料無料】コルセア(メモリ) CP-9020277-JP PC電源ユニット CX550 2023【在庫目安:お取り寄せ】,12419,デジタル百貨店PodPark楽天市場店,https://item.rakuten.co.jp/pcexpress-mobile/0840006670797/?rafcid=wsc_i_is_c786838f-2c0a-4f11-8d08-7c1b7cb64c88
2026-06-15 10:53:30,電源,新品,Cooler Master MWE Gold 750 V3 ATX 3.1 Non-Modular PC電源ユニット 750W ブラック｜MPE-7506-ACAG-BJP,13402,ASKダイレクト,https://item.rakuten.co.jp/ask-direct/ps1563/?rafcid=wsc_i_is_c786838f-2c0a-4f11-8d08-7c1b7cb64c88
2026-06-15 10:53:30,電源,新品,GamerStorm PN1000M WH PC電源ユニット 1000W 80PLUS Gold認証 ATX3.1 PCIe5.1対応 フルモジュラー ホワイト｜R-PNA00M-FC0W-JGJP,30256,ASKダイレクト,https://item.rakuten.co.jp/ask-direct/ps1655/?rafcid=wsc_i_is_c786838f-2c0a-4f11-8d08-7c1b7cb64c88
2026-06-15 10:53:30,電源,新品,NZXT C750 Gold Core ATX3.1 PC電源ユニット 750W 80 PLUS Gold認証 フルモジュラー｜PA-7G3BB-JP,18347,ASKダイレクト,https://item.rakuten.co.jp/ask-direct/ps1649/?rafcid=wsc_i_is_c786838f-2c0a-4f11-8d08-7c1b7cb64c88
2026-06-15 10:53:30,電源,新品,Corsair RM850e White -2025- PC電源ユニット 850W ホワイト｜CP-9020293-JP,22687,ASKダイレクト,https://item.rakuten.co.jp/ask-direct/ps1582/?rafcid=wsc_i_is_c786838f-2c0a-4f11-8d08-7c1b7cb64c88
2026-06-15 10:53:30,電源,新品,【15日はエントリーで最大5000ポイント】MSI エムエスアイPC電源ユニット 850W 80PLUS GOLD PCIe5.0/ATX3.0ネイティブ対応 MAG A850GL PCIE5(257,14626,e-zoa 楽天市場 SHOP,https://item.rakuten.co.jp/e-zoa/itm0015833535/?rafcid=wsc_i_is_c786838f-2c0a-4f11-8d08-7c1b7cb64c88
2026-06-15 10:53:30,電源,新品,Corsair HX1200i 2025 フルモジュラー PC電源ユニット 1200W ブラック｜CP-9020307-JP,50238,ASKダイレクト,https://item.rakuten.co.jp/ask-direct/ps1596/?rafcid=wsc_i_is_c786838f-2c0a-4f11-8d08-7c1b7cb64c88
2026-06-15 10:53:30,電源,新品,【15日はエントリーで最大5000ポイント】Cooler Master クーラーマスターMWE Gold 850 V3 ATX 3.1 Non-Modular PC電源ユニット 850W MPE-85,14510,e-zoa 楽天市場 SHOP,https://item.rakuten.co.jp/e-zoa/itm0015897256/?rafcid=wsc_i_is_c786838f-2c0a-4f11-8d08-7c1b7cb64c88
2026-06-15 10:53:30,電源,新品,Thermaltake TOUGHPOWER SFX/0850W ATX3.1 -PLATINUM- PC電源ユニット｜PS-STP-0850FNFAPJ-1,30073,ASKダイレクト,https://item.rakuten.co.jp/ask-direct/ps1619/?rafcid=wsc_i_is_c786838f-2c0a-4f11-8d08-7c1b7cb64c88
2026-06-15 10:53:30,電源,新品,【15日はエントリーで最大5000ポイント】MSI エムエスアイPC電源ユニット 750W 80PLUS GOLD PCIe5.0/ATX3.0ネイティブ対応 MAG A750GL PCIE5(257,12101,KLAXON,https://item.rakuten.co.jp/e-zoa-klaxon/itm0015833534/?rafcid=wsc_i_is_c786838f-2c0a-4f11-8d08-7c1b7cb64c88
2026-06-15 10:53:30,電源,新品,Thermaltake TOUGHPOWER GRAND RGB -850W -NON DPS- 80+GOLD PC電源ユニット PS673,19201,SNマート 楽天市場店,https://item.rakuten.co.jp/sn-mart/sn31861f5f93/?rafcid=wsc_i_is_c786838f-2c0a-4f11-8d08-7c1b7cb64c88
2026-06-15 10:53:30,電源,新品,【15日はエントリーで最大5000ポイント】Fractal Design フラクタルデザインION Gold 750W PC電源ユニット FD-P-IA2G-750(2510055)代引不可 送料無料,15460,e-zoa 楽天市場 SHOP,https://item.rakuten.co.jp/e-zoa/itm0015828537/?rafcid=wsc_i_is_c786838f-2c0a-4f11-8d08-7c1b7cb64c88
2026-06-15 10:53:30,電源,新品,【15日はエントリーで最大5000ポイント】CORSAIR コルセアCX650 2023 PC電源ユニット 80PLUS Bronze認証/650W/コンパクトサイズ/ATX/ブラック CP-9020,9030,KLAXON,https://item.rakuten.co.jp/e-zoa-klaxon/itm0015885945/?rafcid=wsc_i_is_c786838f-2c0a-4f11-8d08-7c1b7cb64c88
2026-06-15 10:53:30,電源,新品,Corsair iCUE LINK HX1200i shift 2025 フルモジュラーPC電源ユニット 1200W｜CP-9020267-JP,52255,PC4U 楽天市場店,https://item.rakuten.co.jp/pc4u/ps1663/?rafcid=wsc_i_is_c786838f-2c0a-4f11-8d08-7c1b7cb64c88
2026-06-15 10:53:30,電源,新品,GamerStorm PN850M WH PC電源ユニット 850W 80PLUS Gold認証 ATX3.1 PCIe5.1対応 フルモジュラー ホワイト｜R-PN850M-FC0W-JGJP,20163,ASKダイレクト,https://item.rakuten.co.jp/ask-direct/ps1654/?rafcid=wsc_i_is_c786838f-2c0a-4f11-8d08-7c1b7cb64c88
2026-06-15 10:53:30,電源,新品,Cooler Master MWE Gold 850 V3 ATX 3.1 White Non-Modular PC電源ユニット 850W ホワイト｜MPE-8506-ACAG-GJP,14613,ASKダイレクト,https://item.rakuten.co.jp/ask-direct/ps1566/?rafcid=wsc_i_is_c786838f-2c0a-4f11-8d08-7c1b7cb64c88
2026-06-15 10:53:30,電源,新品,CoolerMaster MPE-8506-ACAG-GJP ホワイト [PC電源ユニット (850W)] 【KK9N0D18P】,14480,XPRICE楽天市場店,https://item.rakuten.co.jp/a-price/4719512158098/?rafcid=wsc_i_is_c786838f-2c0a-4f11-8d08-7c1b7cb64c88
2026-06-15 10:53:30,電源,新品,【15日はエントリーで最大5000ポイント】MSI エムエスアイPC電源ユニット 750W 80PLUS GOLD PCIe5.0/ATX3.0ネイティブ対応 MAG A750GL PCIE5(257,12101,e-zoa 楽天市場 SHOP,https://item.rakuten.co.jp/e-zoa/itm0015833534/?rafcid=wsc_i_is_c786838f-2c0a-4f11-8d08-7c1b7cb64c88
2026-06-15 10:53:30,電源,新品,【15日はエントリーで最大5000ポイント】MSI エムエスアイPC電源ユニット 850W 80PLUS GOLD PCIe5.0/ATX3.0ネイティブ対応 MAG A850GL PCIE5(257,14626,KLAXON,https://item.rakuten.co.jp/e-zoa-klaxon/itm0015833535/?rafcid=wsc_i_is_c786838f-2c0a-4f11-8d08-7c1b7cb64c88
2026-06-15 10:53:30,電源,新品,【15日はエントリーで最大5000ポイント】ASUS エイスースPC電源ユニット 80 Plus Gold 850W ATX Prime AP-850G(2646955)送料無料,15240,e-zoa 楽天市場 SHOP,https://item.rakuten.co.jp/e-zoa/itm0015894736/?rafcid=wsc_i_is_c786838f-2c0a-4f11-8d08-7c1b7cb64c88
2026-06-15 10:53:30,電源,新品,★【中古】CORSAIR / コルセア RM850e 2025モデル PC電源ユニット CP-9020296-JP 850W PCIE 5.1 対応 80PLUS Gold認証 ATX 3.1 認証済,14080,お宝プラス,https://item.rakuten.co.jp/treasure-eight/002-091-251125-0004/?rafcid=wsc_i_is_c786838f-2c0a-4f11-8d08-7c1b7cb64c88
2026-06-15 10:53:30,電源,新品,Fractal Design Ion 3 Gold 850W BlackIon 3 Gold 850W Black PC電源ユニット ブラック｜FD-P-IA3G-850,25814,ASKダイレクト,https://item.rakuten.co.jp/ask-direct/ps1670/?rafcid=wsc_i_is_c786838f-2c0a-4f11-8d08-7c1b7cb64c88
2026-06-15 10:53:30,電源,新品,CORSAIR RM850e 2025モデル PC電源ユニット 850W PCIE 5.1 対応 ATX 3.1 認証済 フルモジュラー 12V-2x6 ケーブル付属 CP-9020296-JP,17003,SelectSHOP 岐阜 楽天市場店,https://item.rakuten.co.jp/makana--/y2-0dphcmgyf/?rafcid=wsc_i_is_c786838f-2c0a-4f11-8d08-7c1b7cb64c88
2026-06-15 10:53:30,電源,新品,MPE-8506-ACAG-GJP CoolerMaster ホワイト [PC電源ユニット (850W)]【KK9N0D18P】,14627,総合通販PREMOA 楽天市場店,https://item.rakuten.co.jp/premoa/4719512158098/?rafcid=wsc_i_is_c786838f-2c0a-4f11-8d08-7c1b7cb64c88
2026-06-15 10:53:30,電源,新品,Thermaltake TOUGHPOWER GT/1000W ATX 3.1 Snow/PCI Express 5.1対応 80PLUS GOLD PC電源ユニット ホワイト｜PS-TPT-1000,24018,ASKダイレクト,https://item.rakuten.co.jp/ask-direct/ps1616/?rafcid=wsc_i_is_c786838f-2c0a-4f11-8d08-7c1b7cb64c88
2026-06-15 10:53:30,電源,新品,GIGABYTE GP-AE1000PM PG5 ICE PC電源ユニット PS1592,44845,GOODWOODS,https://item.rakuten.co.jp/goodwoods/4065130f98ckrsh/?rafcid=wsc_i_is_c786838f-2c0a-4f11-8d08-7c1b7cb64c88
2026-06-15 10:53:30,電源,新品,CORSAIR SF850 2024モデル ATX3.1 対応 850W SFX規格 フルモジュラー PC電源ユニット CP-9020256-JP,43141,TalesStore 楽天市場店,https://item.rakuten.co.jp/tales-store/202505122051370840006663294/?rafcid=wsc_i_is_c786838f-2c0a-4f11-8d08-7c1b7cb64c88
2026-06-15 10:53:30,電源,新品,【中古】Cooler Master V1300 Platinum 1300W PC電源ユニット MPZ-D001-AFBAPV-JP PS860,45101,アトリエ絵利奈,https://item.rakuten.co.jp/atorieerina/hb082823psd/?rafcid=wsc_i_is_c786838f-2c0a-4f11-8d08-7c1b7cb64c88
2026-06-15 10:53:30,電源,新品,CORSAIR Corsair PC電源ユニット RM1000x Shift PCIe5.0/ATX3.0対応 CP-9020253-JP PS1274,50917,ハッピーアンドハッピー,https://item.rakuten.co.jp/happyandhappy/202405171728540840006653929/?rafcid=wsc_i_is_c786838f-2c0a-4f11-8d08-7c1b7cb64c88
2026-06-15 10:53:30,電源,新品,Cooler Master X Silent Edge Platinum 850 PC電源ユニット ファンレス設計 850W MPS-8501-AZAP-BJP PS1463,86742,松陰屋 楽天市場店,https://item.rakuten.co.jp/matsukageya/mk-0dm8k6svv/?rafcid=wsc_i_is_c786838f-2c0a-4f11-8d08-7c1b7cb64c88
2026-06-15 10:53:30,電源,新品,【中古】(未使用品)Cooler Master V850 GOLD V2 850W PC電源ユニット 80PLUS GOLD 10年保証 MPY-850V-AF,56329,COCOHOUSE,https://item.rakuten.co.jp/cocohouse/sb08xqm7xq1/?rafcid=wsc_i_is_c786838f-2c0a-4f11-8d08-7c1b7cb64c88
2026-06-15 10:53:30,電源,新品,Corsair RM850e White -2025- PC電源ユニット 850W ホワイト｜CP-9020293-JP,22687,PC4U 楽天市場店,https://item.rakuten.co.jp/pc4u/ps1582/?rafcid=wsc_i_is_c786838f-2c0a-4f11-8d08-7c1b7cb64c88
2026-06-15 10:53:30,電源,新品,【中古】MSI 850W自作PC電源ユニットMPG A850G PCIE5 (80PLUS GOLD PCIe5.0/ATX3.0ネイティブ対応10年保証)PS1,43000,スカーレット2021,https://item.rakuten.co.jp/scarlet2021/b0bqw8vfy8/?rafcid=wsc_i_is_c786838f-2c0a-4f11-8d08-7c1b7cb64c88
2026-06-15 10:53:30,電源,新品,MSI 850W自作PC電源ユニットMPG A850G PCIE5 (80PLUS GOLD PCIe5.0/ATX3.0ネイティブ対応10年保証)PS1,27375,TalesStore 楽天市場店,https://item.rakuten.co.jp/tales-store/202505111151364526541042232/?rafcid=wsc_i_is_c786838f-2c0a-4f11-8d08-7c1b7cb64c88
2026-06-15 10:53:30,電源,新品,MSI MAG A850 GL PCIE5 WHITE 80PLUS GOLD ATX3.0/PCIE5.0対応 フルモジュラー コンパクトサイズ 850W PC電源ユニット MAG A850GL P,16383,セレクトショップ RST,https://item.rakuten.co.jp/r-style-ra/20250709195135_67/?rafcid=wsc_i_is_c786838f-2c0a-4f11-8d08-7c1b7cb64c88
2026-06-15 10:53:30,電源,新品,【中古】CoolerMaster V1200 Platinum 1200W PC電源ユニット 80PLUS PLATINUM 7 PS443 RSC00-AFBAG1-JP,31920,アトリエ絵利奈,https://item.rakuten.co.jp/atorieerina/b00jy8clx8/?rafcid=wsc_i_is_c786838f-2c0a-4f11-8d08-7c1b7cb64c88
2026-06-15 10:53:30,電源,新品,NZXT C750 PC電源ユニット 750W 80PLUS Gold 2022年モデル PA-7G1BB-JP PS1191,19288,ハッピーアンドハッピー,https://item.rakuten.co.jp/happyandhappy/202405211241300815671017246/?rafcid=wsc_i_is_c786838f-2c0a-4f11-8d08-7c1b7cb64c88
2026-06-15 10:53:30,電源,新品,【中古】Cooler Master V1200 Platinum 1200W PC電源ユニット 80PLUS PLATINUM PS443 RSC00-AFBAG1-JP,27258,GoodLifeStore,https://item.rakuten.co.jp/goodlifestore/b00jy8clx8/?rafcid=wsc_i_is_c786838f-2c0a-4f11-8d08-7c1b7cb64c88
2026-06-15 10:53:30,電源,新品,Cooler Master X Silent Edge Platinum 850 PC電源ユニット ファンレス設計 850W MPS-8501-AZAP-BJP PS1463,98217,GOODWOODS,https://item.rakuten.co.jp/goodwoods/4065130dm8k6svv/?rafcid=wsc_i_is_c786838f-2c0a-4f11-8d08-7c1b7cb64c88
2026-06-15 10:53:30,電源,新品,【中古】Thermaltake Smart 600W -STANDARD- PC電源ユニット PS636 PS-SPD-0600NPCWJP-W,6802,アトリエ絵利奈,https://item.rakuten.co.jp/atorieerina/b01er2a5x8/?rafcid=wsc_i_is_c786838f-2c0a-4f11-8d08-7c1b7cb64c88
2026-06-15 10:53:30,電源,新品,【中古】【非常に良い】Cooler Master V1200 Platinum 1200W PC電源ユニット 80PLUS PLATINUM PS443 RSC00-AFBAG1-JP,47520,ドリエム楽天市場店,https://item.rakuten.co.jp/2doriem/hb00jy8clx8/?rafcid=wsc_i_is_c786838f-2c0a-4f11-8d08-7c1b7cb64c88
2026-06-15 10:53:30,電源,新品,Thermaltake Smart Pro 600W 80PLUS Standard認証 600W ATX PC電源ユニット PS-SPD-0600NNFAWJ-1 PS1461,8331,アルメリア楽天市場店,https://item.rakuten.co.jp/almeria/39077743974/?rafcid=wsc_i_is_c786838f-2c0a-4f11-8d08-7c1b7cb64c88
2026-06-15 10:53:30,電源,新品,【中古】CORSAIR RM850x 2024年モデル PC電源ユニット 850W ATX3.1 PCIe5.1対応 80PLUS Gold認証 フルモジュラー 12VHPWRケーブル付属 CP-90,47739,スカーレット2021,https://item.rakuten.co.jp/scarlet2021/b0d46m8655/?rafcid=wsc_i_is_c786838f-2c0a-4f11-8d08-7c1b7cb64c88
2026-06-15 10:53:30,電源,新品,Silverstone(シルバーストーン) Decathlon 80 PLUS Gold 550W PC電源ユニット ATX フルモジュラー SST-DA750-G日本正規代理店品,18533,GOODWOODS,https://item.rakuten.co.jp/goodwoods/40651308wrl2t7l/?rafcid=wsc_i_is_c786838f-2c0a-4f11-8d08-7c1b7cb64c88
2026-06-15 10:53:30,電源,新品,ASUS pc電源ユニット 80 Plus Gold 1200W ATX TUF-GAMING-1200G フルモジュラー 国内正規代理店品,41844,GOODWOODS,https://item.rakuten.co.jp/goodwoods/4065130c683nr4h/?rafcid=wsc_i_is_c786838f-2c0a-4f11-8d08-7c1b7cb64c88
2026-06-15 10:53:30,電源,新品,【中古】【未使用】Thermaltake Smart Pro 500W 80PLUS Standard認証 500W ATX PC電源ユニット PS-SPD-0500NNFAWJ-1 PS1460,13766,AJIMURA-SHOP,https://item.rakuten.co.jp/ajimura4861/sb0d9n48q5m/?rafcid=wsc_i_is_c786838f-2c0a-4f11-8d08-7c1b7cb64c88
2026-06-15 10:53:30,電源,新品,【中古】Thermaltake Smart Pro 500W 80PLUS Standard認証 500W ATX PC電源ユニット PS-SPD-0500NNFAWJ-1 PS1460,12084,AJIMURA-SHOP,https://item.rakuten.co.jp/ajimura4861/hb0d9n48q5m/?rafcid=wsc_i_is_c786838f-2c0a-4f11-8d08-7c1b7cb64c88
2026-06-15 10:53:30,電源,新品,MSI MAG A850 GL PCIE5 WHITE 80PLUS GOLD ATX3.0/PCIE5.0対応 フルモジュラー コンパクトサイズ 850W PC電源ユニット MAG A850GL P,19507,ネコサン商店,https://item.rakuten.co.jp/nekosansyouten/202407150035264526541047558/?rafcid=wsc_i_is_c786838f-2c0a-4f11-8d08-7c1b7cb64c88
2026-06-15 10:53:30,電源,新品,Cooler Master V SFX Gold 750 ATX3.1 PC電源ユニット MPY-7501-SFHAGV-3EJP PS1549,32953,GOODWOODS,https://item.rakuten.co.jp/goodwoods/4065130f6mgkz6n/?rafcid=wsc_i_is_c786838f-2c0a-4f11-8d08-7c1b7cb64c88
2026-06-15 10:53:30,電源,新品,MSI MPG A1250GS PCIE5 PCIe 5.1/ATX 3.1対応 PC電源ユニット 1250W PS1543,33091,TalesStore 楽天市場店,https://item.rakuten.co.jp/tales-store/202505142051264711377243766/?rafcid=wsc_i_is_c786838f-2c0a-4f11-8d08-7c1b7cb64c88
2026-06-15 10:53:30,電源,新品,【送料無料】Thermaltake PS-TPD-1050FNFAPJ-L PC電源ユニット TOUGHPOWER PF3 1050W ATX3.1 -PLATINUM-【在庫目安:お取り寄せ】,42581,デジタル百貨店PodPark楽天市場店,https://item.rakuten.co.jp/pcexpress-mobile/4711475649422/?rafcid=wsc_i_is_c786838f-2c0a-4f11-8d08-7c1b7cb64c88
2026-06-15 10:53:30,電源,新品,NZXT PC電源ユニット 80PLUS Gold,18575,ヒロショップ,https://item.rakuten.co.jp/hiro-shop01/qnrvixjwno7475n6wg2ivnvc4u/?rafcid=wsc_i_is_c786838f-2c0a-4f11-8d08-7c1b7cb64c88
2026-06-15 10:53:30,電源,新品,【中古】 CoolerMaster V1200 Platinum 1200W PC電源ユニット 80PLUS PLATINUM 7年 PS443 RSC00-AFBAG1-JP,27080,ベアホームズ,https://item.rakuten.co.jp/bearhomes/2024-11-24-2092/?rafcid=wsc_i_is_c786838f-2c0a-4f11-8d08-7c1b7cb64c88
2026-06-15 10:53:30,電源,新品,Cooler Master V650 GOLD V2 650W PC電源ユニット 80PLUS GOLD 10年 MPY-650V-AFBAG-JP PS986,26773,GOODWOODS,https://item.rakuten.co.jp/goodwoods/40651308xqgf9s1/?rafcid=wsc_i_is_c786838f-2c0a-4f11-8d08-7c1b7cb64c88
2026-06-15 10:53:30,電源,新品,【中古】Thermaltake TOUGHPOWER GRAND RGB -850W -NON DPS- 80+GOLD PC電源ユニット PS673 PS-TPG-0850FPCGJP-R,26717,AJIMURA-SHOP,https://item.rakuten.co.jp/ajimura4861/hb01mxy5350/?rafcid=wsc_i_is_c786838f-2c0a-4f11-8d08-7c1b7cb64c88
2026-06-15 10:53:30,電源,新品,CORSAIR RM1200x Shift White PC電源ユニット 1200W PCIe5.0/ATX3.1対応 CP-9020276-JP,57839,ハッピーアンドハッピー,https://item.rakuten.co.jp/happyandhappy/202405220841360840006668718/?rafcid=wsc_i_is_c786838f-2c0a-4f11-8d08-7c1b7cb64c88
2026-06-15 10:53:30,電源,新品,【中古】 CORSAIR CX650M 80PLUS BRONZE認定 PC電源ユニット PS628 CP-9020103-JP,13800,バリューコネクト,https://item.rakuten.co.jp/trmt-1/b01dj30hqg/?rafcid=wsc_i_is_c786838f-2c0a-4f11-8d08-7c1b7cb64c88
2026-06-15 10:53:30,電源,新品,【中古】NZXT C1000 Gold v2 White 1000W ATX3.1対応 80PLUS Gold 認証 PC電源ユニット PA-0G2BW-JP PS1467,49243,AJIMURA-SHOP,https://item.rakuten.co.jp/ajimura4861/hb0dds6syv7/?rafcid=wsc_i_is_c786838f-2c0a-4f11-8d08-7c1b7cb64c88
2026-06-15 10:53:30,電源,中古,FSP 電源ユニット FSP280-40EPA /Lenovo 等,1680,LUITASU-R,https://item.rakuten.co.jp/ruitasu-r/10000974/?rafcid=wsc_i_is_c786838f-2c0a-4f11-8d08-7c1b7cb64c88
2026-06-15 10:53:30,電源,中古,【中古】純正 DPS-230LB A PC7066 PC7041 DPS-230PB A API4PC49 DPS-250AB-19 電源ユニット適用する DELL D5120 D5200 D5210,3840,ソファポテト,https://item.rakuten.co.jp/sofapotato/l2i2jmvwiskl3etsclzhjcvn4a/?rafcid=wsc_i_is_c786838f-2c0a-4f11-8d08-7c1b7cb64c88
2026-06-15 10:53:30,電源,中古,【返品可 保証有】 ダウンシーリングライト 60形 拡散 プラチナ (電球色 LED/電源ユニット内蔵 LGW51772YCE1,1977,電材センタ一成,https://item.rakuten.co.jp/issei-el/920921/?rafcid=wsc_i_is_c786838f-2c0a-4f11-8d08-7c1b7cb64c88
2026-06-15 10:53:30,電源,中古,中古 富士通 PRIMERGY RX100 S7用 電源ユニット S10-300P2A（S26113-E577-V70-01）,17600,アクアライト,https://item.rakuten.co.jp/aqua-light/16845-3/?rafcid=wsc_i_is_c786838f-2c0a-4f11-8d08-7c1b7cb64c88
2026-06-15 10:53:30,電源,中古,【中古】(未使用・未開封品)　PlcbattR PlcbattR 新製品 DELL D5120 D5200 D5210 D5220 D5230 D5310 D5215 D5320 D5240 D524,11232,ドリエムコーポレーション,https://item.rakuten.co.jp/doriem/sb076fthhmw/?rafcid=wsc_i_is_c786838f-2c0a-4f11-8d08-7c1b7cb64c88
2026-06-15 10:53:30,電源,中古,【返品可 保証有】 LEDダウンライト 昼白色 電源ユニット/ライコン別売 NDN46835SK,2194,電材センタ一成,https://item.rakuten.co.jp/issei-el/1215541/?rafcid=wsc_i_is_c786838f-2c0a-4f11-8d08-7c1b7cb64c88
2026-06-15 10:53:30,電源,中古,400 ワット FSP 400W 電源ユニット FSP400-40AGPAA LENOVO I3X0MS PN:SP50H29513 FRU PN:00PC738 等,3470,LUITASU-R,https://item.rakuten.co.jp/ruitasu-r/1000097004/?rafcid=wsc_i_is_c786838f-2c0a-4f11-8d08-7c1b7cb64c88
2026-06-15 10:53:30,電源,中古,【中古】Plcbatt 純正DELL D5120 D5200 D5210 D5220 D5230 D5310 D5215 D5320 D5240 D5245 D5250 D5255 D5330 D53,4990,お取り寄せ本舗 KOBACO,https://item.rakuten.co.jp/kobaco-003/b076fthhmw/?rafcid=wsc_i_is_c786838f-2c0a-4f11-8d08-7c1b7cb64c88
2026-06-15 10:53:30,電源,中古,富士通 DELTA DPS-230LB A 電源ユニット FMV ESPRIMO,3740,LUITASU-R,https://item.rakuten.co.jp/ruitasu-r/10001318/?rafcid=wsc_i_is_c786838f-2c0a-4f11-8d08-7c1b7cb64c88
2026-06-15 10:53:30,電源,中古,LEDダウンライト φ100 調光不可 昼白色 ホワイト LED/電源ユニット内蔵 LSEB9500LE1,854,電材センタ一成,https://item.rakuten.co.jp/issei-el/1258766/?rafcid=wsc_i_is_c786838f-2c0a-4f11-8d08-7c1b7cb64c88
2026-06-15 10:53:30,電源,中古,DELL 06W2PW (F750E-S0) PowerEdge R620用 電源ユニット(6W2PW)【中古】,23100,アクアライト,https://item.rakuten.co.jp/aqua-light/12686-1/?rafcid=wsc_i_is_c786838f-2c0a-4f11-8d08-7c1b7cb64c88
2026-06-15 10:53:30,電源,中古,DELL 7000679-0000 (0C1297)【中古】PowerEdge 2600用 電源ユニット,28600,アクアライト,https://item.rakuten.co.jp/aqua-light/2640/?rafcid=wsc_i_is_c786838f-2c0a-4f11-8d08-7c1b7cb64c88
2026-06-15 10:53:30,電源,中古,【中古】 修理交換用 電源ユニット HP Compaq 6300 6200 6000 8300 8200 8100 8000 SFF対応 DPS-240RB D10-240P2A DPS-240RB ,6000,Haute Produit,https://item.rakuten.co.jp/hauteproduit/2024-07-24-2921/?rafcid=wsc_i_is_c786838f-2c0a-4f11-8d08-7c1b7cb64c88
2026-06-15 10:53:30,電源,中古,NEC Express5800/GT110d用 電源ユニット NQB-S-0400ADU00【中古】,17800,アクアライト,https://item.rakuten.co.jp/aqua-light/16688-1/?rafcid=wsc_i_is_c786838f-2c0a-4f11-8d08-7c1b7cb64c88
2026-06-15 10:53:30,電源,中古,LITEON 電源ユニット PS-4241-01 240W NEC / Lenovo LITE-ON,2740,LUITASU-R,https://item.rakuten.co.jp/ruitasu-r/10000840/?rafcid=wsc_i_is_c786838f-2c0a-4f11-8d08-7c1b7cb64c88
2026-06-15 10:53:30,電源,中古,HITACHI HA8000/TS20 AH/AG/BH用 電源ユニットDPS-650EB B 【中古】,27500,アクアライト,https://item.rakuten.co.jp/aqua-light/4232-2/?rafcid=wsc_i_is_c786838f-2c0a-4f11-8d08-7c1b7cb64c88
2026-06-15 10:53:30,電源,中古,LEDベースライト 昼白色 電源ユニット内蔵 調光不可 LEKT415521N-LS9,6039,電材センタ一成,https://item.rakuten.co.jp/issei-el/1177406/?rafcid=wsc_i_is_c786838f-2c0a-4f11-8d08-7c1b7cb64c88
2026-06-15 10:53:30,電源,中古,【返品可 保証有】LED非常用照明 ランプ付き 電源ユニット内蔵 昼白色 NNFW41091JLE9,18185,電材センタ一成,https://item.rakuten.co.jp/issei-el/1044092/?rafcid=wsc_i_is_c786838f-2c0a-4f11-8d08-7c1b7cb64c88
2026-06-15 10:53:30,電源,中古,HP 393527-001 DPS-700GB A ProLiant DL360 G5用　電源ユニット(412211-001)【中古】,11000,アクアライト,https://item.rakuten.co.jp/aqua-light/2627/?rafcid=wsc_i_is_c786838f-2c0a-4f11-8d08-7c1b7cb64c88
2026-06-15 10:53:30,電源,中古,中古 HP 573943-001(DPS-300AB-50 A) ProLiant ML110 G6用 電源ユニット,17800,アクアライト,https://item.rakuten.co.jp/aqua-light/8172-1/?rafcid=wsc_i_is_c786838f-2c0a-4f11-8d08-7c1b7cb64c88
2026-06-15 10:53:30,電源,中古,DELL 0D3014 (7000815-0000) PowerEdge 2800用　電源ユニット 【中古】,27500,アクアライト,https://item.rakuten.co.jp/aqua-light/3570-2/?rafcid=wsc_i_is_c786838f-2c0a-4f11-8d08-7c1b7cb64c88
2026-06-15 10:53:30,電源,中古,送料無料 中古パナソニック Panasonic PoEカメラ電源ユニット　8ポート WJ-PU108,33000,KYSパソコンショップ,https://item.rakuten.co.jp/auc-kiyoshishoji/panasonic-1016/?rafcid=wsc_i_is_c786838f-2c0a-4f11-8d08-7c1b7cb64c88
2026-06-15 10:53:30,電源,中古,KOIZUMI　LEDダウンライト　黒色　リニューアルプレート対応形　埋込穴φ100mm　埋込深70mm　電球色　3000K　（電源ユニット付・LEDモジュール付）　XDE650812　（アウトレット,2772,オールライト,https://item.rakuten.co.jp/alllight/xde650812_outlet_koizumi/?rafcid=wsc_i_is_c786838f-2c0a-4f11-8d08-7c1b7cb64c88
2026-06-15 10:53:30,電源,中古,富士通 PRIMERGY TX150 S6用 電源ユニット HP-U3528F1 【中古】,22000,アクアライト,https://item.rakuten.co.jp/aqua-light/4166-1/?rafcid=wsc_i_is_c786838f-2c0a-4f11-8d08-7c1b7cb64c88
2026-06-15 10:53:30,電源,中古,【中古】PlcbattR PlcbattR 新製品 DELL D5120 D5200 D5210 D5220 D5230 D5310 D5215 D5320 D5240 D5245 D5250 D52,5980,スカイマーケットプラス,https://item.rakuten.co.jp/skymarketplus/b076fthhmw/?rafcid=wsc_i_is_c786838f-2c0a-4f11-8d08-7c1b7cb64c88
2026-06-15 10:53:30,電源,中古,富士通 S26113-E574-V53 A3C40175928 (DELTA DPS-800AB-1 A) PRIMERGY RX2540 M4用 電源ユニット,22000,アクアライト,https://item.rakuten.co.jp/aqua-light/18552-3/?rafcid=wsc_i_is_c786838f-2c0a-4f11-8d08-7c1b7cb64c88
2026-06-15 10:53:30,電源,中古,NEC Express5800/T110f-E用 電源ユニット N8181-107 (NQB-S-0400ADU00)【中古】,22000,アクアライト,https://item.rakuten.co.jp/aqua-light/15975-2-1/?rafcid=wsc_i_is_c786838f-2c0a-4f11-8d08-7c1b7cb64c88
2026-06-15 10:53:30,電源,中古,0JNPVV DELL OptiPlex 7010/9010 SFF等用 電源ユニット AcBEL PCB015 240W【中古】,9000,アールデバイス,https://item.rakuten.co.jp/waysas/10008958/?rafcid=wsc_i_is_c786838f-2c0a-4f11-8d08-7c1b7cb64c88
2026-06-15 10:53:30,電源,中古,中古 富士通 PRIMERGY RX100 S8用 電源ユニット S10-300P2B（S26113-E614-V70-01）,19800,アクアライト,https://item.rakuten.co.jp/aqua-light/14975-1/?rafcid=wsc_i_is_c786838f-2c0a-4f11-8d08-7c1b7cb64c88
2026-06-15 10:53:30,電源,中古,49P2167 IBM xSeries 225/226/345用 電源ユニット Artesyn Technologies 7000758 514W【中古】,12800,アールデバイス,https://item.rakuten.co.jp/waysas/10007731/?rafcid=wsc_i_is_c786838f-2c0a-4f11-8d08-7c1b7cb64c88
2026-06-15 10:53:30,電源,中古,中古 IBM 69Y5939 (69Y5938) System x3250 M4用 電源ユニット AcBel FSA021,13200,アクアライト,https://item.rakuten.co.jp/aqua-light/16327-1/?rafcid=wsc_i_is_c786838f-2c0a-4f11-8d08-7c1b7cb64c88
2026-06-15 10:53:30,電源,中古,【中古】 (修理交換用) 電源ユニット/パワーサプライ 適用する富士通 ESPRIMO D583/HW D583/K D583/J D583/KX D753/G 用 電源 248.06W,6900,ベアホームズ,https://item.rakuten.co.jp/bearhomes/2024-11-24-2219/?rafcid=wsc_i_is_c786838f-2c0a-4f11-8d08-7c1b7cb64c88
2026-06-15 10:53:30,電源,中古,DELL 00H694(DPS-500CB A) 【中古】PowerEdge 2650用 電源ユニット,17600,アクアライト,https://item.rakuten.co.jp/aqua-light/4494-2/?rafcid=wsc_i_is_c786838f-2c0a-4f11-8d08-7c1b7cb64c88
2026-06-15 10:53:30,電源,中古,DELL 0YFG1C (N870P-S0) 【中古】PowerEdge R710用　電源ユニット(YFG1C),23100,アクアライト,https://item.rakuten.co.jp/aqua-light/8113-1/?rafcid=wsc_i_is_c786838f-2c0a-4f11-8d08-7c1b7cb64c88
2026-06-15 10:53:30,電源,中古,HP 450937-001(DPS-475CB A) 【中古】HP WorkStation XW4600用　電源ユニット,22000,アクアライト,https://item.rakuten.co.jp/aqua-light/9662-1/?rafcid=wsc_i_is_c786838f-2c0a-4f11-8d08-7c1b7cb64c88
2026-06-15 10:53:30,電源,中古,ENDO　LEDベースダウンライト　調光・非調光兼用型　白色　水銀灯ランプ400W器具相当　埋込穴φ150mm　埋込深162mm　9000TYPE　ナチュラルホワイトタイプ　（電源ユニット付）　ERD,11297,オールライト,https://item.rakuten.co.jp/alllight/erd3580wrx299n_outlet_endo/?rafcid=wsc_i_is_c786838f-2c0a-4f11-8d08-7c1b7cb64c88
2026-06-15 10:53:30,電源,中古,LITEON PS-3601-1F 【中古】富士通 PRIMERGY RX300 S2用 電源ユニット,16500,アクアライト,https://item.rakuten.co.jp/aqua-light/2751/?rafcid=wsc_i_is_c786838f-2c0a-4f11-8d08-7c1b7cb64c88
2026-06-15 10:53:30,電源,中古,中古 送料無料 電源ユニット HP PA-1181-3HV / 180W,3980,KYSパソコンショップ,https://item.rakuten.co.jp/auc-kiyoshishoji/hp-dps-pa-1181-3hv/?rafcid=wsc_i_is_c786838f-2c0a-4f11-8d08-7c1b7cb64c88
2026-06-15 10:53:30,電源,中古,富士通 PRIMERGY TX1330 M2 電源ユニット S13-450P1A (S26113-E575-V70 )【中古】,19800,アクアライト,https://item.rakuten.co.jp/aqua-light/16160-1/?rafcid=wsc_i_is_c786838f-2c0a-4f11-8d08-7c1b7cb64c88
2026-06-15 10:53:30,電源,中古,HP 499249-001 ProLiant DL360 G6用 電源ユニット【中古】499250-201/511777-001/HSTNS-PL14,11000,アクアライト,https://item.rakuten.co.jp/aqua-light/6139-1/?rafcid=wsc_i_is_c786838f-2c0a-4f11-8d08-7c1b7cb64c88
2026-06-15 10:53:30,電源,中古,02TXYM Dell OptiPlex 390 SFF 等用 電源ユニット PS-5241-5DF 240W【中古】,9000,アールデバイス,https://item.rakuten.co.jp/waysas/10008393/?rafcid=wsc_i_is_c786838f-2c0a-4f11-8d08-7c1b7cb64c88
2026-06-15 10:53:30,電源,中古,0YH9D7 Dell OptiPlex 3020 SFF 等用 電源ユニット Chicony Power Technology H255ES-00 255W【中古電源ユニット】,8000,アールデバイス,https://item.rakuten.co.jp/waysas/10014576/?rafcid=wsc_i_is_c786838f-2c0a-4f11-8d08-7c1b7cb64c88
2026-06-15 10:53:30,電源,中古,LEDユニバーサルダウンライト 白色 4000K 電源ユニット内蔵 調光器併用不可 XD40958L,15239,電材センタ一成,https://item.rakuten.co.jp/issei-el/1334302/?rafcid=wsc_i_is_c786838f-2c0a-4f11-8d08-7c1b7cb64c88
2026-06-15 10:53:30,電源,中古,DELL 0NT154　PowerEdge T300用 電源ユニットD528P-00(NT154)【中古】,27500,アクアライト,https://item.rakuten.co.jp/aqua-light/7009-1/?rafcid=wsc_i_is_c786838f-2c0a-4f11-8d08-7c1b7cb64c88
2026-06-15 10:53:30,電源,中古,0W206D DELL Vostro 530s等用 電源ユニット Delta Electronics DPS-250AB 250W【中古】,8000,アールデバイス,https://item.rakuten.co.jp/waysas/10009299/?rafcid=wsc_i_is_c786838f-2c0a-4f11-8d08-7c1b7cb64c88
2026-06-15 10:53:30,電源,中古,R147-HPE 800W電源ユニット 1点 HPE DL380/360 Gen10 サーバー用電源 型番:HSTNS-PD41-1/HSTNS-PC41-1/HSTNS-PL41-1 輸入:100V,1500,エーワンケント楽天市場店,https://item.rakuten.co.jp/e-wankento/r147/?rafcid=wsc_i_is_c786838f-2c0a-4f11-8d08-7c1b7cb64c88
2026-06-15 10:53:30,電源,中古,DELL 0RN442 (D717P-S0) PowerEdge R610用 電源ユニットDELTA DPS-764AB A【中古】,17800,アクアライト,https://item.rakuten.co.jp/aqua-light/7406-3/?rafcid=wsc_i_is_c786838f-2c0a-4f11-8d08-7c1b7cb64c88
2026-06-15 10:53:30,電源,中古,DPS-750QB Delta Electronics 日立 HA8000/RS220等用 電源ユニット 750W【中古】,12800,アールデバイス,https://item.rakuten.co.jp/waysas/10009215/?rafcid=wsc_i_is_c786838f-2c0a-4f11-8d08-7c1b7cb64c88
2026-06-15 10:53:30,電源,中古,A3C40105779 富士通 PRIMERGY RX300 S6等用 電源ユニット Delta Electronics DPS-800GB-3 800W【中古】,12800,アールデバイス,https://item.rakuten.co.jp/waysas/10010067/?rafcid=wsc_i_is_c786838f-2c0a-4f11-8d08-7c1b7cb64c88
2026-06-15 10:53:30,電源,中古,PowerEdge R730 Dell Xeon Processor E5-2630 v4 *2/64.0GB/1.2TB *7/PERC H330 Mini/電源ユニット *2【中古サーバー】,198000,アールデバイス,https://item.rakuten.co.jp/waysas/10014508/?rafcid=wsc_i_is_c786838f-2c0a-4f11-8d08-7c1b7cb64c88
2026-06-15 10:53:30,電源,中古,【中古】「非常に良い」PlcbattR DELL Optiplex 745 755 用電源ユニット N275P-00 H275P-00 HP-L2757F3P LF NPS-27 K8964 TD57,11513,オマツリライフ別館,https://item.rakuten.co.jp/omatsuri-life2/hb07dx6y8qq/?rafcid=wsc_i_is_c786838f-2c0a-4f11-8d08-7c1b7cb64c88
2026-06-15 10:53:30,電源,中古,中古 電源ユニット DELTA DPS-230LB A / 230W 送料無料,3980,KYSパソコンショップ,https://item.rakuten.co.jp/auc-kiyoshishoji/10001229/?rafcid=wsc_i_is_c786838f-2c0a-4f11-8d08-7c1b7cb64c88
2026-06-15 10:53:30,電源,中古,【中古】 電源ユニット Fujitsu DPS-250-AB-110 A / 250W,5480,KYSパソコンショップ,https://item.rakuten.co.jp/auc-kiyoshishoji/dps-250-ab-110-a/?rafcid=wsc_i_is_c786838f-2c0a-4f11-8d08-7c1b7cb64c88
2026-06-15 10:53:30,電源,中古,電源ユニット HP ProDesk 400 600 690 G1 SFF 400 600 G2 SFF EliteDesk 800 G1 SFF対応 PS-4241-1HA PS-4241-1HC P,4980,ツタエ,https://item.rakuten.co.jp/auc-tsutae/pw600g1sf/?rafcid=wsc_i_is_c786838f-2c0a-4f11-8d08-7c1b7cb64c88
2026-06-15 10:53:30,電源,中古,LEDベースライト 建築化照明器具 電源ユニット別売 電球色 NTN81384,5073,電材センタ一成,https://item.rakuten.co.jp/issei-el/933318/?rafcid=wsc_i_is_c786838f-2c0a-4f11-8d08-7c1b7cb64c88
2026-06-15 10:53:30,電源,中古,0R7PPW DELL OptiPlex 3020/7020/9020 SFF用 電源ユニット AcBel Polytech AC255AS-00 255W【中古電源ユニット】,8000,アールデバイス,https://item.rakuten.co.jp/waysas/10013165/?rafcid=wsc_i_is_c786838f-2c0a-4f11-8d08-7c1b7cb64c88
2026-06-15 10:53:30,電源,中古,ダウンライト 軒下用150形 φ150 拡散 白色 LED・電源ユニット内蔵 NDW17611LE9,3606,電材センタ一成,https://item.rakuten.co.jp/issei-el/886147/?rafcid=wsc_i_is_c786838f-2c0a-4f11-8d08-7c1b7cb64c88
2026-06-15 10:53:30,電源,中古,HITACHI HA8000/110W用 電源ユニット DELTA DPS-650FB C【中古】,16500,アクアライト,https://item.rakuten.co.jp/aqua-light/dps-650fbc/?rafcid=wsc_i_is_c786838f-2c0a-4f11-8d08-7c1b7cb64c88
2026-06-15 10:53:30,電源,中古,Hewlett-Packard Company Workstation xw6200 DU937AV Xeon Processor 2.80GHz *2/4.0GB/HDD非搭載/Quadro FX ,98000,アールデバイス,https://item.rakuten.co.jp/waysas/10011868/?rafcid=wsc_i_is_c786838f-2c0a-4f11-8d08-7c1b7cb64c88
2026-06-15 10:53:30,電源,中古,【中古】純正部品 充電器付き電源ユニット PHILIPS AC ADAPTER MEA-080A12C 12V~6.67A 外径約7.4mm 内径約5.0mm 動作保証,1650,星輝商事 楽天市場店,https://item.rakuten.co.jp/seikishoji/k9503/?rafcid=wsc_i_is_c786838f-2c0a-4f11-8d08-7c1b7cb64c88
2026-06-15 10:53:30,電源,中古,【中古】Huntkey LENOVO HK350-12PP 電源ユニット Lenovo ThinkStation P320他　FRU PN:54Y8934/SP50H29509/00PC736等,1740,LUITASU-R,https://item.rakuten.co.jp/ruitasu-r/10000630/?rafcid=wsc_i_is_c786838f-2c0a-4f11-8d08-7c1b7cb64c88
2026-06-15 10:53:30,電源,中古,06MVJH DELL OptiPlex 990 DT用 電源ユニット Delta Electronics DPS-250AB-67 A 250W【中古】,8000,アールデバイス,https://item.rakuten.co.jp/waysas/10011885/?rafcid=wsc_i_is_c786838f-2c0a-4f11-8d08-7c1b7cb64c88
2026-06-15 10:53:30,電源,中古,【返品可 保証有】LED小径ダウンライトΦ75 60W 電球色 中角 埋込穴Φ75 電源ユニット別売 LEDD-25013L,1697,電材センタ一成,https://item.rakuten.co.jp/issei-el/1057370/?rafcid=wsc_i_is_c786838f-2c0a-4f11-8d08-7c1b7cb64c88
2026-06-15 10:53:30,電源,中古,富士通 PRIMERGY TX1320 M4 電源ユニット CPB09-045E (S26113-E564-V71-01 )【中古】,17800,アクアライト,https://item.rakuten.co.jp/aqua-light/17139-2/?rafcid=wsc_i_is_c786838f-2c0a-4f11-8d08-7c1b7cb64c88
2026-06-15 10:53:30,電源,中古,L07658-003 HP Pro Desk 400G5 SFF等用 電源ユニット Delta Electronics DPS-180AB-30 A 180W【中古】,8000,アールデバイス,https://item.rakuten.co.jp/waysas/10003731/?rafcid=wsc_i_is_c786838f-2c0a-4f11-8d08-7c1b7cb64c88
2026-06-15 10:53:30,電源,中古,NEC Express5800/110Ga用 電源ユニット DELTA DPS-300GB-1L 【中古】,27500,アクアライト,https://item.rakuten.co.jp/aqua-light/3409/?rafcid=wsc_i_is_c786838f-2c0a-4f11-8d08-7c1b7cb64c88
2026-06-15 10:53:30,電源,中古,DELL OPTIPLEX 790 SFF 電源ユニット 240W L240AS-00 (PS-5241-5DF),6980,アクアライト,https://item.rakuten.co.jp/aqua-light/17266-1/?rafcid=wsc_i_is_c786838f-2c0a-4f11-8d08-7c1b7cb64c88
2026-06-15 10:53:30,電源,中古,FSP 電源ユニット FSP320-60EGA 320W Lenovo 54Y8841　【中古】,4980,LUITASU-R,https://item.rakuten.co.jp/ruitasu-r/10000493/?rafcid=wsc_i_is_c786838f-2c0a-4f11-8d08-7c1b7cb64c88
2026-06-15 10:53:30,電源,中古,【在庫有 即納】 【新古品/開封品・未使用 4個セット】 ERD6594W 遠藤照明 ダウンライト HT32W×2器具相当 埋込穴φ100 超広角配光 ※電源ユニット別売 中身確認の為、一度開封してい,500,コネクト オンライン,https://item.rakuten.co.jp/e-connect/re-k0023274/?rafcid=wsc_i_is_c786838f-2c0a-4f11-8d08-7c1b7cb64c88
2026-06-15 10:53:30,電源,中古,HP 748949-001 765423-201 766879-001 ProLiant DL160 G9 電源ユニット LITEON HSTNS-PL53【中古】,16500,アクアライト,https://item.rakuten.co.jp/aqua-light/15517-2/?rafcid=wsc_i_is_c786838f-2c0a-4f11-8d08-7c1b7cb64c88
2026-06-15 10:53:30,電源,中古,DELL DPS-450FB A PowerEdge 1600SC用 電源ユニット【中古】,29800,アクアライト,https://item.rakuten.co.jp/aqua-light/7857-1/?rafcid=wsc_i_is_c786838f-2c0a-4f11-8d08-7c1b7cb64c88
2026-06-15 10:53:30,電源,中古,0GVY79 Dell OptiPlex 990 MT 等用 電源ユニット Chicony Power Technology H265AM-00 265W【中古】,9000,アールデバイス,https://item.rakuten.co.jp/waysas/10009123/?rafcid=wsc_i_is_c786838f-2c0a-4f11-8d08-7c1b7cb64c88
2026-06-15 10:53:30,電源,中古,03WN11 Dell OptiPlex 390 SFF 等用 電源ユニット H240AS-00 240W【中古】,9000,アールデバイス,https://item.rakuten.co.jp/waysas/10008395/?rafcid=wsc_i_is_c786838f-2c0a-4f11-8d08-7c1b7cb64c88
2026-06-15 10:53:30,電源,中古,DELL 02CM18 (AC305E-S0) PowerEdge T110-2用 電源ユニット(2CM18) 【中古】,14800,アクアライト,https://item.rakuten.co.jp/aqua-light/12721-2/?rafcid=wsc_i_is_c786838f-2c0a-4f11-8d08-7c1b7cb64c88
2026-06-15 10:53:30,電源,中古,499250-001 HP ProLiant DL380/DL360 G6等用電源ユニット 460W【中古】,12800,アールデバイス,https://item.rakuten.co.jp/waysas/10005735/?rafcid=wsc_i_is_c786838f-2c0a-4f11-8d08-7c1b7cb64c88
2026-06-15 10:53:30,電源,中古,ProLiant DL380 Gen9 777352-295 Hewlett Packard Enterprise Xeon Processor E5-2620 v3 *1/16.0GB/HDD非搭載,98000,アールデバイス,https://item.rakuten.co.jp/waysas/10014184/?rafcid=wsc_i_is_c786838f-2c0a-4f11-8d08-7c1b7cb64c88
2026-06-15 10:53:30,電源,中古,HP 499250-101 (DPS-460EB A) ProLiant DL360 G6/DL380 G6/ML350 G6用　電源ユニット【中古】,11000,アクアライト,https://item.rakuten.co.jp/aqua-light/3443-1/?rafcid=wsc_i_is_c786838f-2c0a-4f11-8d08-7c1b7cb64c88
2026-06-15 10:53:30,電源,中古,NEC Express5800/110GC/Ge/Gd/GT110a用 電源ユニットTiger Power製 TG-6380 【中古】,17800,アクアライト,https://item.rakuten.co.jp/aqua-light/3310/?rafcid=wsc_i_is_c786838f-2c0a-4f11-8d08-7c1b7cb64c88
2026-06-15 10:53:30,電源,中古,中古 NEC Express5800/53Xe用 電源ユニット DPS-300AB-9,16500,アクアライト,https://item.rakuten.co.jp/aqua-light/14815-ac/?rafcid=wsc_i_is_c786838f-2c0a-4f11-8d08-7c1b7cb64c88
2026-06-15 10:53:30,電源,中古,【返品可 保証有】 LED(電球色) シーリング階段灯 電球色 LED/電源ユニット内蔵 NWCF11106CLE1,12184,電材センタ一成,https://item.rakuten.co.jp/issei-el/1232407/?rafcid=wsc_i_is_c786838f-2c0a-4f11-8d08-7c1b7cb64c88
2026-06-15 10:53:30,電源,中古,IBM 74P4456 (7000830-0000) 電源ユニットeServer xSeries 236用　【中古】,27500,アクアライト,https://item.rakuten.co.jp/aqua-light/4310-1/?rafcid=wsc_i_is_c786838f-2c0a-4f11-8d08-7c1b7cb64c88
2026-06-15 10:53:30,電源,中古,49Y4661 IBM System x3250 M3等用電源ユニット AcBel API6FS03 350W【中古】,12800,アールデバイス,https://item.rakuten.co.jp/waysas/10007563/?rafcid=wsc_i_is_c786838f-2c0a-4f11-8d08-7c1b7cb64c88
2026-06-15 10:53:30,電源,中古,0RV1C4 Dell OptiPlex 390 SFF 等用 電源ユニット AC240AS-00 240W【中古】,9000,アールデバイス,https://item.rakuten.co.jp/waysas/10008392/?rafcid=wsc_i_is_c786838f-2c0a-4f11-8d08-7c1b7cb64c88
2026-06-15 10:53:30,電源,中古,24R2730 IBM System x3650等用電源ユニット 7001138-Y000 Artesyn Technologies 835W【中古】,12800,アールデバイス,https://item.rakuten.co.jp/waysas/10007559/?rafcid=wsc_i_is_c786838f-2c0a-4f11-8d08-7c1b7cb64c88
2026-06-15 10:53:30,PCケース,新品,THERMALTAKE｜サーマルテイク PCケース [ATX /Micro ATX /Mini-ITX] Versa H26 Black /w casefan[CA1J500M1WN01],7340,楽天ビック(ビックカメラ×楽天),https://item.rakuten.co.jp/biccamera/4711246871656/?rafcid=wsc_i_is_c786838f-2c0a-4f11-8d08-7c1b7cb64c88
2026-06-15 10:53:30,PCケース,新品,MONTECH XR (W-DP) (ATX ガラス ホワイト) ドスパラ限定モデル,7380,ドスパラ楽天市場店,https://item.rakuten.co.jp/dospara-r/ic514294/?rafcid=wsc_i_is_c786838f-2c0a-4f11-8d08-7c1b7cb64c88
2026-06-15 10:53:30,PCケース,新品,pcケース ミドルタワー pcケース atx ピラーレスpcケース type-c高速インターフェースUSB3.0 合金鋼強化ガラス ATX/M-ATX/ITX/Micro-ATXマザーボード対応 空冷,8580,リバースクリエーション,https://item.rakuten.co.jp/masyaru55/aazy461/?rafcid=wsc_i_is_c786838f-2c0a-4f11-8d08-7c1b7cb64c88
2026-06-15 10:53:30,PCケース,新品,PCCOOLER｜ピーシークーラー PCケース [ATX /Micro ATX /Mini-ITX] C3T500 ARGB ブラック C3T500-ARGB-BK（画像は作例になります）,14270,楽天ビック(ビックカメラ×楽天),https://item.rakuten.co.jp/biccamera/6940526106715/?rafcid=wsc_i_is_c786838f-2c0a-4f11-8d08-7c1b7cb64c88
2026-06-15 10:53:30,PCケース,新品,ZALMAN T3 PLUS (MicroATX ガラス),3580,ドスパラ楽天市場店,https://item.rakuten.co.jp/dospara-r/ic496635/?rafcid=wsc_i_is_c786838f-2c0a-4f11-8d08-7c1b7cb64c88
2026-06-15 10:53:30,PCケース,新品,【期間限定P10倍】ゲーミング PCケース atx ミドルタワーケース ブラック 強化ガラス LED付き M-ATX/lTX対応 冷却ファン6基取付可 磁気吸引式防塵ネット USB3.0 SPCC素材,5880,リバースクリエーション,https://item.rakuten.co.jp/masyaru55/aaqt81/?rafcid=wsc_i_is_c786838f-2c0a-4f11-8d08-7c1b7cb64c88
2026-06-15 10:53:30,PCケース,新品,THERMALTAKE｜サーマルテイク PCケース [ATX /Micro ATX /Mini-ITX] Versa H26 White /w casefan,7480,楽天ビック(ビックカメラ×楽天),https://item.rakuten.co.jp/biccamera/4711246871663/?rafcid=wsc_i_is_c786838f-2c0a-4f11-8d08-7c1b7cb64c88
2026-06-15 10:53:30,PCケース,新品,darkFlash｜ダークフラッシュ PCケース [ATX /Micro ATX /Mini-ITX] DS900 ブラック DS900-BLACK+TYPE-C,5556,楽天ビック(ビックカメラ×楽天),https://item.rakuten.co.jp/biccamera/4710343797975/?rafcid=wsc_i_is_c786838f-2c0a-4f11-8d08-7c1b7cb64c88
2026-06-15 10:53:30,PCケース,新品,PCCOOLER｜ピーシークーラー PCケース [ATX /Micro ATX /Mini-ITX] C3T500 ARGB ホワイト C3T500-ARGB-WH（画像は作例になります）,14410,楽天ビック(ビックカメラ×楽天),https://item.rakuten.co.jp/biccamera/6940526106722/?rafcid=wsc_i_is_c786838f-2c0a-4f11-8d08-7c1b7cb64c88
2026-06-15 10:53:30,PCケース,新品,darkFlash｜ダークフラッシュ PCケース [ATX /Micro ATX /Mini-ITX] DS900 ホワイト DS900-WHITE+TYPE-C,5556,楽天ビック(ビックカメラ×楽天),https://item.rakuten.co.jp/biccamera/4710343797982/?rafcid=wsc_i_is_c786838f-2c0a-4f11-8d08-7c1b7cb64c88
2026-06-15 10:53:30,PCケース,新品,【JX001】ゲーミング PCケース ミドルタワーケース ブラック 強化ガラス LED付き ATX/M-ATX/Mini-lTX対応 冷却ファン8基取付可 磁気吸引式防塵ネット USB3.0 SPCC,9800,KRダイレクト,https://item.rakuten.co.jp/krdirect/gaming_pccase_black01/?rafcid=wsc_i_is_c786838f-2c0a-4f11-8d08-7c1b7cb64c88
2026-06-15 10:53:30,PCケース,新品,MSI｜エムエスアイ PCケース [ATX /Micro ATX /Mini-ITX] MAG FORGE 130A AIRFLOW,5530,楽天ビック(ビックカメラ×楽天),https://item.rakuten.co.jp/biccamera/4711377317276/?rafcid=wsc_i_is_c786838f-2c0a-4f11-8d08-7c1b7cb64c88
2026-06-15 10:53:30,PCケース,新品,SILVERSTONE　PCケース［ATX /Micro ATX /Mini-ITX］FARA 513 ブラック　SST-FA513-B-C,9420,コジマ楽天市場店,https://item.rakuten.co.jp/r-kojima/4589663470024/?rafcid=wsc_i_is_c786838f-2c0a-4f11-8d08-7c1b7cb64c88
2026-06-15 10:53:30,PCケース,新品,Versa H26 White /w casefan　CA-1J5-00M6WN-01/ ミドルタワー / ATX対応,7556,ツクモ 楽天市場店,https://item.rakuten.co.jp/shoptsukumo/5777849012/?rafcid=wsc_i_is_c786838f-2c0a-4f11-8d08-7c1b7cb64c88
2026-06-15 10:53:30,PCケース,新品,ゲーミング PCケース ミドルタワーケース 強化ガラス Micro-ATX/Mini-lTX対応 冷却ファン7基取付可 磁器吸引防塵ネット I/Oパネル デスクトップパソコン コンパクト 省スペース ,4680,Gazelle,https://item.rakuten.co.jp/gazelle/il1242/?rafcid=wsc_i_is_c786838f-2c0a-4f11-8d08-7c1b7cb64c88
2026-06-15 10:53:30,PCケース,新品,【JX002】ゲーミング PCケース ミドルタワーケース ホワイト メッシュ 強化ガラス LED付き M-ATX/lTX対応 冷却ファン8基取付可 磁気吸引式防塵ネット USB3.0 デスクトップパソ,9800,KRダイレクト,https://item.rakuten.co.jp/krdirect/gaming_pccase_wh_mesh/?rafcid=wsc_i_is_c786838f-2c0a-4f11-8d08-7c1b7cb64c88
2026-06-15 10:53:30,PCケース,新品,【15日はエントリーで最大5000ポイント】XPG エックスピージーPCケース VALOR AIR JP2 ホワイト ATX Micro ATX Mini-ITX VALORAIR-WHJ2(2568,8430,e-zoa 楽天市場 SHOP,https://item.rakuten.co.jp/e-zoa/itm0015825380/?rafcid=wsc_i_is_c786838f-2c0a-4f11-8d08-7c1b7cb64c88
2026-06-15 10:53:30,PCケース,新品,【15日はエントリーで最大5000ポイント】thermaltake サーマルテイクミドルタワーPCケース CA-1J5-00M1WN-01(2440674)送料無料,8310,e-zoa 楽天市場 SHOP,https://item.rakuten.co.jp/e-zoa/itm0015752329/?rafcid=wsc_i_is_c786838f-2c0a-4f11-8d08-7c1b7cb64c88
2026-06-15 10:53:30,PCケース,新品,NZXT｜エヌゼットエックスティー PCケース [ATX /Micro ATX /Extended ATX /Mini-ITX] H9 FLOW RGB(2025) ブラック CM-H92FB-R1,25480,楽天ビック(ビックカメラ×楽天),https://item.rakuten.co.jp/biccamera/4943508304897/?rafcid=wsc_i_is_c786838f-2c0a-4f11-8d08-7c1b7cb64c88
2026-06-15 10:53:30,PCケース,新品,【送料無料】NZXT H9 Flow 2層構造ミドルタワー PCケース ATX デスクトップ おしゃれ かわいい スタイリッシュ 白 自作PC GPU冷却 強化ガラス 自作PC GPU冷却 ブラック ,19800,NZXT 楽天市場店,https://item.rakuten.co.jp/nzxt/cs857/?rafcid=wsc_i_is_c786838f-2c0a-4f11-8d08-7c1b7cb64c88
2026-06-15 10:53:30,PCケース,新品,ZALMAN T8 [ ATX Mid-Tower Computer Case ] 【KK9N0D18P】,3940,XPRICE楽天市場店,https://item.rakuten.co.jp/a-price/8809213767883/?rafcid=wsc_i_is_c786838f-2c0a-4f11-8d08-7c1b7cb64c88
2026-06-15 10:53:30,PCケース,新品,長尾製作所｜NAGAO INDUSTRY PCケース オープンフレーム ver.ATX ブラック N-FRAME-ATX,14328,楽天ビック(ビックカメラ×楽天),https://item.rakuten.co.jp/biccamera/4562198674457/?rafcid=wsc_i_is_c786838f-2c0a-4f11-8d08-7c1b7cb64c88
2026-06-15 10:53:30,PCケース,新品,PCケース atx ミドルタワーケース ブラック ATX/M-ATX/Mini-lTX対応 USB3.0 冷却ファン8基取付可 磁器吸引防塵ネット SECC素材 デスクトップパソコンケース,6180,リバースクリエーション,https://item.rakuten.co.jp/masyaru55/aazy635/?rafcid=wsc_i_is_c786838f-2c0a-4f11-8d08-7c1b7cb64c88
2026-06-15 10:53:30,PCケース,新品,【エントリーで最大2万ポイント当たる｜6/25まで】 MSI｜エムエスアイ PCケース [ATX /Micro ATX /Mini-ITX] MAG FORGE 320R AIRFLOW WHITE ,9980,楽天ビック(ビックカメラ×楽天),https://item.rakuten.co.jp/biccamera/4526541051296/?rafcid=wsc_i_is_c786838f-2c0a-4f11-8d08-7c1b7cb64c88
2026-06-15 10:53:30,PCケース,新品,SILVERSTONE　PCケース［Micro ATX /Mini-ITX］MILO 11　SST-ML11B,11340,コジマ楽天市場店,https://item.rakuten.co.jp/r-kojima/4589657259048/?rafcid=wsc_i_is_c786838f-2c0a-4f11-8d08-7c1b7cb64c88
2026-06-15 10:53:30,PCケース,新品,ZALMAN｜ザルマン PCケース [Micro ATX /Mini-ITX] T3 PLUS ブラック,3580,楽天ビック(ビックカメラ×楽天),https://item.rakuten.co.jp/biccamera/8809213765124/?rafcid=wsc_i_is_c786838f-2c0a-4f11-8d08-7c1b7cb64c88
2026-06-15 10:53:30,PCケース,新品,FRACTALDESIGN　PCケース［ATX /Micro ATX /Mini-ITX］Pop Silent Black Solid ブラック　FD-C-POS1A-01,16670,コジマ楽天市場店,https://item.rakuten.co.jp/r-kojima/4537694285841/?rafcid=wsc_i_is_c786838f-2c0a-4f11-8d08-7c1b7cb64c88
2026-06-15 10:53:30,PCケース,新品,SilverStone｜シルバーストーン PCケース [ATX /Micro ATX /Mini-ITX] FARA 513 ブラック SST-FA513-B-C,9420,楽天ビック(ビックカメラ×楽天),https://item.rakuten.co.jp/biccamera/4589663470024/?rafcid=wsc_i_is_c786838f-2c0a-4f11-8d08-7c1b7cb64c88
2026-06-15 10:53:30,PCケース,新品,【エントリーで最大2万ポイント当たる｜6/25まで】 SHARKOON｜シャークーン PCケース [ATX /Micro ATX /Mini-ITX] SHA-VK2 BK ブラック,7530,楽天ビック(ビックカメラ×楽天),https://item.rakuten.co.jp/biccamera/4044951041190/?rafcid=wsc_i_is_c786838f-2c0a-4f11-8d08-7c1b7cb64c88
2026-06-15 10:53:30,PCケース,新品,PCケース ATXミドルタワーケース ブラック Micro-ATX/Mini-lTX対応 冷却ファン3基取付可 SPCC素材 デスクトップパソコンケース,3680,リバースクリエーション,https://item.rakuten.co.jp/masyaru55/aazy634/?rafcid=wsc_i_is_c786838f-2c0a-4f11-8d08-7c1b7cb64c88
2026-06-15 10:53:30,PCケース,新品,pcケース ゲーミング 取っ手付き 持ち運び コンパクト 省スペース PCケース M-ATX/lTX対応 冷却ファン1基取付可 USB3.0 空冷対応,3999,中州通商,https://item.rakuten.co.jp/nakasutsusho/caw986s/?rafcid=wsc_i_is_c786838f-2c0a-4f11-8d08-7c1b7cb64c88
2026-06-15 10:53:30,PCケース,新品,Thermaltake Versa H17 NoWindow ミニタワー型microATX PCケース｜CA-1J1-00S1NN-00,5429,PC4U 楽天市場店,https://item.rakuten.co.jp/pc4u/cs7096/?rafcid=wsc_i_is_c786838f-2c0a-4f11-8d08-7c1b7cb64c88
2026-06-15 10:53:30,PCケース,新品,MasterBox　MB600L2-KN5N-S00 （ODDスチール付き） / ミドルタワー / ATX対応,8061,ツクモ 楽天市場店,https://item.rakuten.co.jp/shoptsukumo/5769312012/?rafcid=wsc_i_is_c786838f-2c0a-4f11-8d08-7c1b7cb64c88
2026-06-15 10:53:30,PCケース,新品,【15日はエントリーで最大5000ポイント】Cooler Master クーラーマスターMasterBox MB600L V2 V2 5インチベイ搭載 ATX ミドルタワーPCケース MB600L2-,8690,e-zoa 楽天市場 SHOP,https://item.rakuten.co.jp/e-zoa/itm0015787919/?rafcid=wsc_i_is_c786838f-2c0a-4f11-8d08-7c1b7cb64c88
2026-06-15 10:53:30,PCケース,新品,NEWLEAGUE ANSWER V1 400w 80PLUS Standard電源内蔵 MicroATX/ITX対応スリムPCケース USB3.0搭載,15980,NLパソコン 楽天市場店,https://item.rakuten.co.jp/nlpc/10000029/?rafcid=wsc_i_is_c786838f-2c0a-4f11-8d08-7c1b7cb64c88
2026-06-15 10:53:30,PCケース,新品,【15日はエントリーで最大5000ポイント】MSI エムエスアイミドルタワー型 PCケース ATX対応 MAG FORGE 130A AIRFLOW ブラック MAG FORGE 130A AIRFL,7320,e-zoa 楽天市場 SHOP,https://item.rakuten.co.jp/e-zoa/itm0015897088/?rafcid=wsc_i_is_c786838f-2c0a-4f11-8d08-7c1b7cb64c88
2026-06-15 10:53:30,PCケース,新品,ゲーミング PCケース ミドルタワーケース 強化ガラス Micro-ATX/Mini-lTX対応 冷却ファン5基取付可 磁器吸引防塵ネット I/Oパネル デスクトップパソコン コンパクト 省スペース ,4380,Gazelle,https://item.rakuten.co.jp/gazelle/il1241/?rafcid=wsc_i_is_c786838f-2c0a-4f11-8d08-7c1b7cb64c88
2026-06-15 10:53:30,PCケース,新品,ANTEC　PCケース［ATX /Micro ATX /Mini-ITX］ブラック　P10C,17480,コジマ楽天市場店,https://item.rakuten.co.jp/r-kojima/0761345801027/?rafcid=wsc_i_is_c786838f-2c0a-4f11-8d08-7c1b7cb64c88
2026-06-15 10:53:30,PCケース,新品,SHARKOON　ATX/Micro ATX対応ミドルタワーPCケース (電源なし・ブラック) 　SHA-VS4-VBK,7088,コジマ楽天市場店,https://item.rakuten.co.jp/r-kojima/4571388251217/?rafcid=wsc_i_is_c786838f-2c0a-4f11-8d08-7c1b7cb64c88
2026-06-15 10:53:30,PCケース,新品,PCケース ゲーミングケース パソコンケース ゲーミングpcゲーミングパソコン 自作 ケース パソコン pc ゲームpc 自作pcJONSBO社製　MOD3　シルバー　ブラック　ホワイト　E-ATX　,59800,Pegasuswings 楽天市場店,https://item.rakuten.co.jp/pegasuswings/pcc-eatx-001-s/?rafcid=wsc_i_is_c786838f-2c0a-4f11-8d08-7c1b7cb64c88
2026-06-15 10:53:30,PCケース,新品,THERMALTAKE｜サーマルテイク PCケース [ATX /Micro ATX /Extended ATX /Mini-ITX] Core P3 TG Pro Snow Edition ホワイト ,19660,楽天ビック(ビックカメラ×楽天),https://item.rakuten.co.jp/biccamera/4713227534918/?rafcid=wsc_i_is_c786838f-2c0a-4f11-8d08-7c1b7cb64c88
2026-06-15 10:53:30,PCケース,新品,SilverStone｜シルバーストーン PCケース [Micro ATX /Mini-ITX] FARA 311 SST-FA311-B,6849,楽天ビック(ビックカメラ×楽天),https://item.rakuten.co.jp/biccamera/4589657259833/?rafcid=wsc_i_is_c786838f-2c0a-4f11-8d08-7c1b7cb64c88
2026-06-15 10:53:30,PCケース,新品,MONTECH｜モンテック PCケース [ATX /Micro ATX /Mini-ITX] X3 GLASSシリーズ ホワイト X3 GLASS (W),7670,楽天ビック(ビックカメラ×楽天),https://item.rakuten.co.jp/biccamera/4710562745238/?rafcid=wsc_i_is_c786838f-2c0a-4f11-8d08-7c1b7cb64c88
2026-06-15 10:53:30,PCケース,新品,ANTEC　PCケース［Micro ATX /Mini-ITX］ブラック　NX200M,6980,コジマ楽天市場店,https://item.rakuten.co.jp/r-kojima/0761345810272/?rafcid=wsc_i_is_c786838f-2c0a-4f11-8d08-7c1b7cb64c88
2026-06-15 10:53:30,PCケース,新品,翌日発送 パソコンケース pcケース ゲーミングケース セミオープンケース ゲーミングpc ゲーミングパソコン ゲームパソコン 自作 ケース パソコン pc ゲームpc 自作pc ホーネット ホワイト,24800,Pegasuswings 楽天市場店,https://item.rakuten.co.jp/pegasuswings/pcc-atx-005/?rafcid=wsc_i_is_c786838f-2c0a-4f11-8d08-7c1b7cb64c88
2026-06-15 10:53:30,PCケース,新品,【JX004】ゲーミング PCケース ミドルタワーケース ブラック メッシュ 強化ガラス LED付き M-ATX/lTX対応 冷却ファン8基取付可 磁気吸引式防塵ネット USB3.0 デスクトップパソ,9800,KRダイレクト,https://item.rakuten.co.jp/krdirect/gaming_pccase_bk_mesh/?rafcid=wsc_i_is_c786838f-2c0a-4f11-8d08-7c1b7cb64c88
2026-06-15 10:53:30,PCケース,新品,ANTEC　PCケース［Micro ATX /Mini-ITX］ホワイト　CX200M RGB Elite White,7480,コジマ楽天市場店,https://item.rakuten.co.jp/r-kojima/0761345100267/?rafcid=wsc_i_is_c786838f-2c0a-4f11-8d08-7c1b7cb64c88
2026-06-15 10:53:30,PCケース,新品,ゲーミング PCケース atx ミドルタワーケース ブラック 強化ガラス LED付き Micro-ATX/Mini-lTX対応 冷却ファン7基取付可 USB3.0 SPCC素材 デスクトップパソコンケ,6160,リバースクリエーション,https://item.rakuten.co.jp/masyaru55/aaqt168/?rafcid=wsc_i_is_c786838f-2c0a-4f11-8d08-7c1b7cb64c88
2026-06-15 10:53:30,PCケース,新品,PCケース ゲーミングケース セミオープンケース パソコンケース ゲーミングpc ゲーミングパソコン 自作 ケース パソコン pc ゲームpc 自作pcLEKRS社製　イーグルオウル　ホワイト　ブラッ,24800,Pegasuswings 楽天市場店,https://item.rakuten.co.jp/pegasuswings/pcc-atx-001/?rafcid=wsc_i_is_c786838f-2c0a-4f11-8d08-7c1b7cb64c88
2026-06-15 10:53:30,PCケース,新品,ANTEC　PCケース［ATX /Micro ATX /Mini-ITX］Constellation ブラック　C5ARGB,21680,コジマ楽天市場店,https://item.rakuten.co.jp/r-kojima/0761345100335/?rafcid=wsc_i_is_c786838f-2c0a-4f11-8d08-7c1b7cb64c88
2026-06-15 10:53:30,PCケース,新品,GEOMETRIC FUTURE PCケース [ATX /Micro ATX /Extended ATX /Mini-ITX] Model 4 King Arthur Black ブラック / イエロ,15630,楽天ビック(ビックカメラ×楽天),https://item.rakuten.co.jp/biccamera/4571388261193/?rafcid=wsc_i_is_c786838f-2c0a-4f11-8d08-7c1b7cb64c88
2026-06-15 10:53:30,PCケース,新品,ANTEC　PCケース［ATX /Micro ATX /Mini-ITX］Constellation ホワイト　C3 ARGB White,16680,コジマ楽天市場店,https://item.rakuten.co.jp/r-kojima/0761345100328/?rafcid=wsc_i_is_c786838f-2c0a-4f11-8d08-7c1b7cb64c88
2026-06-15 10:53:30,PCケース,新品,ZALMAN　PCケース［Micro ATX /Mini-ITX］ブラック　T3PLUS,3960,コジマ楽天市場店,https://item.rakuten.co.jp/r-kojima/8809213765124/?rafcid=wsc_i_is_c786838f-2c0a-4f11-8d08-7c1b7cb64c88
2026-06-15 10:53:30,PCケース,新品,PCケース ゲーミングケース セミオープンケース パソコンケース ゲーミングpc ゲーミングパソコン 自作 ケース パソコン pc ゲームpc 自作pc　MagicSnake社製　サハラ　M-ATX　,19800,Pegasuswings 楽天市場店,https://item.rakuten.co.jp/pegasuswings/pcc-matx-001-b/?rafcid=wsc_i_is_c786838f-2c0a-4f11-8d08-7c1b7cb64c88
2026-06-15 10:53:30,PCケース,新品,MONTECH｜モンテック PCケース [ATX /Micro ATX /Mini-ITX] X3 GLASSシリーズ ブラック X3 GLASS (B),7100,楽天ビック(ビックカメラ×楽天),https://item.rakuten.co.jp/biccamera/4710562745221/?rafcid=wsc_i_is_c786838f-2c0a-4f11-8d08-7c1b7cb64c88
2026-06-15 10:53:30,PCケース,新品,FRACTALDESIGN　PCケース［ATX /Micro ATX /Mini-ITX］Pop Air Black TG Clear Tint ブラック　FD-C-POA1A-02,13620,コジマ楽天市場店,https://item.rakuten.co.jp/r-kojima/4537694285896/?rafcid=wsc_i_is_c786838f-2c0a-4f11-8d08-7c1b7cb64c88
2026-06-15 10:53:30,PCケース,新品,PCCOOLER　PCケース［ATX /Micro ATX /Mini-ITX］C3T500 ARGB ブラック　C3T500-ARGB-BK,14270,コジマ楽天市場店,https://item.rakuten.co.jp/r-kojima/6940526106715/?rafcid=wsc_i_is_c786838f-2c0a-4f11-8d08-7c1b7cb64c88
2026-06-15 10:53:30,PCケース,新品,SHARKOON PCケース [ATX /Micro ATX /Extended ATX /Mini-ITX] REV300 (SHA-REV300) ブラック SHAREV300,26644,ソフマップ デジタルコレクション,https://item.rakuten.co.jp/akibamac/4044951032129/?rafcid=wsc_i_is_c786838f-2c0a-4f11-8d08-7c1b7cb64c88
2026-06-15 10:53:30,PCケース,新品,ANTEC　PCケース［ATX /Micro ATX /Extended ATX /Mini-ITX］ブラック　P20CE,15580,コジマ楽天市場店,https://item.rakuten.co.jp/r-kojima/0761345801041/?rafcid=wsc_i_is_c786838f-2c0a-4f11-8d08-7c1b7cb64c88
2026-06-15 10:53:30,PCケース,新品,CORSAIR｜コルセア PCケース [ATX /Micro ATX /Extended ATX /Mini-ITX] 3500X Tempered Glass ホワイト CC-9011277-WW,13616,楽天ビック(ビックカメラ×楽天),https://item.rakuten.co.jp/biccamera/0840006686040/?rafcid=wsc_i_is_c786838f-2c0a-4f11-8d08-7c1b7cb64c88
2026-06-15 10:53:30,PCケース,新品,【エントリーで最大2万ポイント当たる｜6/25まで】 ASUS｜エイスース PCケース [ATX /Micro ATX /Mini-ITX] TUF Gaming GT502 Horizon ブラック,32843,楽天ビック(ビックカメラ×楽天),https://item.rakuten.co.jp/biccamera/0197105652712/?rafcid=wsc_i_is_c786838f-2c0a-4f11-8d08-7c1b7cb64c88
2026-06-15 10:53:30,PCケース,新品,DeepCool｜ディープクール Micro-ATX / Mini-ITX対応　ミニタワー PCケース CH260（ブラック） R-CH260-BKNGM0-G-1,8891,Joshin web 家電とPCの大型専門店,https://item.rakuten.co.jp/jism/4537694357692-44-25392-n/?rafcid=wsc_i_is_c786838f-2c0a-4f11-8d08-7c1b7cb64c88
2026-06-15 10:53:30,PCケース,新品,SHARKOON PCケース [ATX /Micro ATX /Extended ATX /Mini-ITX] REV300 (SHA-REV300) ブラック SHAREV300,26644,ソフマップ楽天市場店,https://item.rakuten.co.jp/dtc/4044951032129/?rafcid=wsc_i_is_c786838f-2c0a-4f11-8d08-7c1b7cb64c88
2026-06-15 10:53:30,PCケース,新品,THERMALTAKE｜サーマルテイク PCケース [Micro ATX /Mini-ITX] The Tower 300 Limestone CA-1Y4-00SIWN-00,24330,楽天ビック(ビックカメラ×楽天),https://item.rakuten.co.jp/biccamera/4711475644960/?rafcid=wsc_i_is_c786838f-2c0a-4f11-8d08-7c1b7cb64c88
2026-06-15 10:53:30,PCケース,新品,FRACTALDESIGN　PCケース［ATX /Micro ATX /Extended ATX /Mini-ITX］North XL Chalk White ホワイト　FD-C-NOR1X-03,32193,コジマ楽天市場店,https://item.rakuten.co.jp/r-kojima/4537694326926/?rafcid=wsc_i_is_c786838f-2c0a-4f11-8d08-7c1b7cb64c88
2026-06-15 10:53:30,PCケース,新品,LIANLI　PCケース［ATX /Micro ATX /Extended ATX /Mini-ITX］O11D EVO RGB ブラック　O11DEVORGBBK,33600,コジマ楽天市場店,https://item.rakuten.co.jp/r-kojima/4718466014153/?rafcid=wsc_i_is_c786838f-2c0a-4f11-8d08-7c1b7cb64c88
2026-06-15 10:53:30,PCケース,新品,MSI　PCケース［ATX /Micro ATX /Mini-ITX］ホワイト　MPGGUNGNIR110RWHI,15940,コジマ楽天市場店,https://item.rakuten.co.jp/r-kojima/4526541040368/?rafcid=wsc_i_is_c786838f-2c0a-4f11-8d08-7c1b7cb64c88
2026-06-15 10:53:30,PCケース,新品,◆お取寄せ◆300W SFX電源搭載 Micro-ATXスリムPCケース◆OTTER,9201,BESTDO楽天市場店,https://item.rakuten.co.jp/bestdo-rk-shop/4571225058757/?rafcid=wsc_i_is_c786838f-2c0a-4f11-8d08-7c1b7cb64c88
2026-06-15 10:53:30,PCケース,新品,THERMALTAKE｜サーマルテイク PCケース [ATX /Micro ATX /Extended ATX /Mini-ITX] CTE E550 TG Snow CA-1Z8-00M6WN-00,21970,楽天ビック(ビックカメラ×楽天),https://item.rakuten.co.jp/biccamera/4711475647077/?rafcid=wsc_i_is_c786838f-2c0a-4f11-8d08-7c1b7cb64c88
2026-06-15 10:53:30,PCケース,新品,MECHANICMASTER　PCケース［Micro ATX /Mini-ITX］Mechanic Master ホワイト　C28-WH,32480,コジマ楽天市場店,https://item.rakuten.co.jp/r-kojima/4942322037196/?rafcid=wsc_i_is_c786838f-2c0a-4f11-8d08-7c1b7cb64c88
2026-06-15 10:53:30,PCケース,新品,ANTEC　PCケース［ATX /Micro ATX /Mini-ITX］Constellation ホワイト　C5ARGBWhite,21680,コジマ楽天市場店,https://item.rakuten.co.jp/r-kojima/0761345100342/?rafcid=wsc_i_is_c786838f-2c0a-4f11-8d08-7c1b7cb64c88
2026-06-15 10:53:30,PCケース,新品,FRACTALDESIGN　PCケース［ATX /Micro ATX /Mini-ITX］North Chalk White TG Clear ホワイト　FD-C-NOR1C-04,24510,コジマ楽天市場店,https://item.rakuten.co.jp/r-kojima/4537694310543/?rafcid=wsc_i_is_c786838f-2c0a-4f11-8d08-7c1b7cb64c88
2026-06-15 10:53:30,PCケース,新品,FRACTALDESIGN　PCケース［ATX /Micro ATX /Extended ATX /Mini-ITX］Pop XL Silent Black Solid ブラック　FD-C-POS1X,17250,コジマ楽天市場店,https://item.rakuten.co.jp/r-kojima/4537694286145/?rafcid=wsc_i_is_c786838f-2c0a-4f11-8d08-7c1b7cb64c88
2026-06-15 10:53:30,PCケース,新品,FRACTALDESIGN　PCケース［ATX /Micro ATX /Extended ATX /Mini-ITX］Pop XL Air RGB Black TG Clear Tint ブラック　F,19060,コジマ楽天市場店,https://item.rakuten.co.jp/r-kojima/4537694289245/?rafcid=wsc_i_is_c786838f-2c0a-4f11-8d08-7c1b7cb64c88
2026-06-15 10:53:30,PCケース,新品,SilverStone｜シルバーストーン PCケース [ATX /Micro ATX /Extended ATX /Mini-ITX / SSI-EEB / SSI-CEB] Crown 04 SST,107580,楽天ビック(ビックカメラ×楽天),https://item.rakuten.co.jp/biccamera/4589663471694/?rafcid=wsc_i_is_c786838f-2c0a-4f11-8d08-7c1b7cb64c88
2026-06-15 10:53:30,PCケース,新品,純正新品 HP OMEN 880 ATX 用 Lite-on製 PS-8501-2 500W 対応 24-Pin電源ユニット ATX Power Supply 918585-001 PSU 80PLU,8980,こうすけショップ,https://item.rakuten.co.jp/kosukeshop/ps-8501-2/?rafcid=wsc_i_is_c786838f-2c0a-4f11-8d08-7c1b7cb64c88
2026-06-15 10:53:30,PCケース,新品,MONTECH XR Black ATXタワー型 PCケース ブラック,8507,パソコン工房 楽天市場店,https://item.rakuten.co.jp/pckoubou/m4s1p1124437/?rafcid=wsc_i_is_c786838f-2c0a-4f11-8d08-7c1b7cb64c88
2026-06-15 10:53:30,PCケース,新品,HYTE｜ハイト PCケース [ATX /Micro ATX /Extended ATX /Mini-ITX] ブラック Y60 Black,26660,楽天ビック(ビックカメラ×楽天),https://item.rakuten.co.jp/biccamera/1220000350090/?rafcid=wsc_i_is_c786838f-2c0a-4f11-8d08-7c1b7cb64c88
2026-06-15 10:53:30,PCケース,新品,FRACTAL DESIGN｜フラクタルデザイン PCケース [ATX /Micro ATX /Mini-ITX] North XL RC Chalk White TG Clear ホワイト FD-C,38890,楽天ビック(ビックカメラ×楽天),https://item.rakuten.co.jp/biccamera/7340172709473/?rafcid=wsc_i_is_c786838f-2c0a-4f11-8d08-7c1b7cb64c88
2026-06-15 10:53:30,PCケース,新品,SHARKOON｜シャークーン PCケース [ATX /Micro ATX /Mini-ITX] REBEL C50 BK ブラック,17980,楽天ビック(ビックカメラ×楽天),https://item.rakuten.co.jp/biccamera/4044951038220/?rafcid=wsc_i_is_c786838f-2c0a-4f11-8d08-7c1b7cb64c88
2026-06-15 10:53:30,PCケース,新品,THERMALTAKE｜サーマルテイク PCケース [ATX /Micro ATX /Mini-ITX] S200 TG ARGB Plus Snow Edition ホワイト CA-1X2-00M6,8558,楽天ビック(ビックカメラ×楽天),https://item.rakuten.co.jp/biccamera/4713227537759/?rafcid=wsc_i_is_c786838f-2c0a-4f11-8d08-7c1b7cb64c88
2026-06-15 10:53:30,PCケース,新品,be quiet!｜ビー・クワイエット PCケース [ATX /Micro ATX /Extended ATX /Mini-ITX] SILENT BASE 802 Window ブラック SLT-B,29980,楽天ビック(ビックカメラ×楽天),https://item.rakuten.co.jp/biccamera/4260052188385/?rafcid=wsc_i_is_c786838f-2c0a-4f11-8d08-7c1b7cb64c88
2026-06-15 10:53:30,PCケース,新品,THERMALTAKE　PCケース［Micro ATX /Mini-ITX］The Tower 300 Black　CA-1Y4-00S1WN-00,21079,コジマ楽天市場店,https://item.rakuten.co.jp/r-kojima/4711475641051/?rafcid=wsc_i_is_c786838f-2c0a-4f11-8d08-7c1b7cb64c88
2026-06-15 10:53:30,PCケース,新品,LIANLI　PCケース ［ATX /Micro ATX //Mini-ITX］ LANCOOL 207 ホワイト　LANCOOL207WHITE,13380,コジマ楽天市場店,https://item.rakuten.co.jp/r-kojima/4718466015846/?rafcid=wsc_i_is_c786838f-2c0a-4f11-8d08-7c1b7cb64c88
2026-06-15 10:53:30,PCケース,新品,SilverStone｜シルバーストーン PCケース [ATX /Micro ATX /Extended ATX /Mini-ITX /SSI-EEB /SSI-CEB] RM45-360 SST-R,61180,楽天ビック(ビックカメラ×楽天),https://item.rakuten.co.jp/biccamera/4589663470963/?rafcid=wsc_i_is_c786838f-2c0a-4f11-8d08-7c1b7cb64c88
2026-06-15 10:53:30,PCケース,新品,THERMALTAKE｜サーマルテイク PCケース [ATX /Micro ATX /Mini-ITX] View 390 Air Snow CA-11F-00M6WN-00,19770,楽天ビック(ビックカメラ×楽天),https://item.rakuten.co.jp/biccamera/4711658540010/?rafcid=wsc_i_is_c786838f-2c0a-4f11-8d08-7c1b7cb64c88
2026-06-15 10:53:30,PCケース,新品,CORSAIR｜コルセア PCケース [ATX /Micro ATX /Extended ATX /Mini-ITX] FRAME 4000D RS ホワイト CC-9011313-WW,14980,楽天ビック(ビックカメラ×楽天),https://item.rakuten.co.jp/biccamera/0840440496588/?rafcid=wsc_i_is_c786838f-2c0a-4f11-8d08-7c1b7cb64c88
2026-06-15 10:53:30,PCケース,新品,NZXT｜エヌゼットエックスティー PCケース [ATX /Micro ATX /Mini-ITX] H9 Elite ホワイト CM-H91EW-01,35640,楽天ビック(ビックカメラ×楽天),https://item.rakuten.co.jp/biccamera/4943508303159/?rafcid=wsc_i_is_c786838f-2c0a-4f11-8d08-7c1b7cb64c88
2026-06-15 10:53:30,PCケース,新品,【エントリーで最大2万ポイント当たる｜6/25まで】 ASUS｜エイスース PCケース [ATX /Micro ATX /Extended ATX /Mini-ITX] TUF Gaming GT30,19980,楽天ビック(ビックカメラ×楽天),https://item.rakuten.co.jp/biccamera/0197105478725/?rafcid=wsc_i_is_c786838f-2c0a-4f11-8d08-7c1b7cb64c88
2026-06-15 10:53:30,PCケース,新品,純正新品 HP Omen 40L OMEN 45L Desktop GT22-0781JP用 Cooler Master製 PS-4801-6 800W 対応 24-Pin電源ユニット ATX Pow,13980,こうすけショップ,https://item.rakuten.co.jp/kosukeshop/ps-4801-6/?rafcid=wsc_i_is_c786838f-2c0a-4f11-8d08-7c1b7cb64c88
2026-06-15 10:53:30,PCケース,中古,【中古】【未使用・未開封品】Cooler Master MasterFrame 700 カスタムテストベンチ/オープンエアATX PCケース パノラマ強化ガラス プレミアム可変摩擦ヒンジ 内蔵VESA,133743,AJIMURA-SHOP,https://item.rakuten.co.jp/ajimura4861/b08t5prccn/?rafcid=wsc_i_is_c786838f-2c0a-4f11-8d08-7c1b7cb64c88
2026-06-15 10:53:30,PCケース,中古,GUCCI グッチ ビジネスバッグ レザーシグネイチャー ロック付き 黒 ブランド プレゼント 書類 パソコン PCケースノートパソコンケース メンズ 通勤 ブリーフケース ギフト 正規 中古 t10,64900,レイライン,https://item.rakuten.co.jp/auc-rayline/t1001782/?rafcid=wsc_i_is_c786838f-2c0a-4f11-8d08-7c1b7cb64c88
2026-06-15 10:53:30,PCケース,中古,【中古】【輸入品・未使用】[ザ フレンドリー スウィード] 北欧スウェーデンデザイン VRETA ノートパソコンバッグ コンピューターバッグ PCケース ビジネスバッグ ブリーフ,48917,スカイマーケットプラス,https://item.rakuten.co.jp/skymarketplus/b07nj6cr7l/?rafcid=wsc_i_is_c786838f-2c0a-4f11-8d08-7c1b7cb64c88
2026-06-15 10:53:30,PCケース,中古,GUCCI グッチ ビジネスバッグ レザーシグネイチャー ロック付き 黒 ブランド プレゼント 書類 パソコン PCケースノートパソコンケース メンズ 通勤 ブリーフケース ギフト 正規 中古 t81,64900,レイライン,https://item.rakuten.co.jp/auc-rayline/t1002411/?rafcid=wsc_i_is_c786838f-2c0a-4f11-8d08-7c1b7cb64c88
2026-06-15 10:53:30,PCケース,中古,GUCCI グッチ ビジネスバッグ レザーシグネイチャー ロック付き 黒 ブランド プレゼント 書類 パソコン PCケースノートパソコンケース メンズ 通勤 ブリーフケース ギフト 正規 中古 t10,64900,レイライン,https://item.rakuten.co.jp/auc-rayline/t16-3605/?rafcid=wsc_i_is_c786838f-2c0a-4f11-8d08-7c1b7cb64c88
2026-06-15 10:53:30,PCケース,中古,【中古】【輸入品・未使用】13インチ レザーメッセンジャーバッグ ノートパソコンケース オフィスブリーフケース 男性へのギフト コンピューターダメージショルダーバッグ,35910,アトリエ絵利奈,https://item.rakuten.co.jp/atorieerina/b01lf14fr6/?rafcid=wsc_i_is_c786838f-2c0a-4f11-8d08-7c1b7cb64c88
2026-06-15 10:53:30,PCケース,中古,GUCCI グッチ ビジネスバッグ レザーシグネイチャー ロック付き 黒 ブランド プレゼント 書類 パソコン PCケースノートパソコンケース メンズ 通勤 ブリーフケース ギフト 正規 中古 t10,64900,レイライン,https://item.rakuten.co.jp/auc-rayline/t1002430-4/?rafcid=wsc_i_is_c786838f-2c0a-4f11-8d08-7c1b7cb64c88
2026-06-15 10:53:30,PCケース,中古,BOTTEGA VENETA ボッテガ ヴェネタ ブリーフケース ビジネス バッグ パソコン PCケース メンズ 通勤 ブリーフ 鍵付き レザー 黒 中古 t-002 t81-5319,86900,レイライン,https://item.rakuten.co.jp/auc-rayline/t16-3670/?rafcid=wsc_i_is_c786838f-2c0a-4f11-8d08-7c1b7cb64c88
2026-06-15 10:53:30,PCケース,中古,BOTTEGA VENETA ボッテガ ヴェネタ ブリーフケース ビジネス バッグ パソコン PCケース メンズ 通勤 ブリーフ 鍵付き レザー ブラック 中古 t-002,86900,レイライン,https://item.rakuten.co.jp/auc-rayline/t81-5319/?rafcid=wsc_i_is_c786838f-2c0a-4f11-8d08-7c1b7cb64c88
2026-06-15 10:53:30,PCケース,中古,Dunhill ダンヒル ブリーフケース ビジネスバッグ レザー ブラック 黒 プレゼント 書類 パソコン PCケースノートパソコンケース メンズ 通勤 ブリーフケース ギフト ブランド 中古 おしゃ,29700,レイライン,https://item.rakuten.co.jp/auc-rayline/t16-3674/?rafcid=wsc_i_is_c786838f-2c0a-4f11-8d08-7c1b7cb64c88
2026-06-15 10:53:30,PCケース,中古,Dunhill ダンヒル ブリーフケース ビジネスバッグ レザー ブラック 黒 プレゼント 書類 パソコン PCケースノートパソコンケース メンズ 通勤 ブリーフケース ギフト ブランド 中古 おしゃ,29700,レイライン,https://item.rakuten.co.jp/auc-rayline/t1001730/?rafcid=wsc_i_is_c786838f-2c0a-4f11-8d08-7c1b7cb64c88
2026-06-15 10:53:30,PCケース,中古,中古美品 ノートパソコンケース ELECOM BM-SDLTBK 16.4型以下対応 ブラック PCキャリングバッグ クッション付き 収納に便利なポケット豊富 ビジネス用 2営業日以内発送,1980,中古パソコン情報会館 楽天市場店,https://item.rakuten.co.jp/mediatorconnect/bag-230209-bm-sdltbk-s/?rafcid=wsc_i_is_c786838f-2c0a-4f11-8d08-7c1b7cb64c88
2026-06-15 10:53:30,PCケース,中古,BOTTEGA VENETA ボッテガ ヴェネタ ブリーフケース ビジネス バッグ パソコン PCケース メンズ 通勤 ブリーフ 鍵付き レザー 黒 中古 t-002 t81-5319,86900,レイライン,https://item.rakuten.co.jp/auc-rayline/t17-4638/?rafcid=wsc_i_is_c786838f-2c0a-4f11-8d08-7c1b7cb64c88
2026-06-15 10:53:30,PCケース,中古,GUCCI グッチ ビジネスバッグ レザーシグネイチャー ロック付き 黒 ブランド プレゼント 書類 パソコン PCケースノートパソコンケース メンズ 通勤 ブリーフケース ギフト 正規 中古 t81,64900,レイライン,https://item.rakuten.co.jp/auc-rayline/10000360/?rafcid=wsc_i_is_c786838f-2c0a-4f11-8d08-7c1b7cb64c88
2026-06-15 10:53:30,PCケース,中古,BOTTEGA VENETA ボッテガ ヴェネタ ブリーフケース ビジネス バッグ パソコン PCケース メンズ 通勤 ブリーフ 鍵付き レザー 黒 中古 t-002 t81-5319,86900,レイライン,https://item.rakuten.co.jp/auc-rayline/t16-3326/?rafcid=wsc_i_is_c786838f-2c0a-4f11-8d08-7c1b7cb64c88
2026-06-15 10:53:30,PCケース,中古,【エントリーでポイント5倍】 新品 Lenovo ThinkCentre Tiny用 クランプ ブラケット マウント キットII 4XF0N82412 ThinkVision T2054p T22 T,1780,パソコンショップ@フェローズ,https://item.rakuten.co.jp/e-fellows5/18102906/?rafcid=wsc_i_is_c786838f-2c0a-4f11-8d08-7c1b7cb64c88
2026-06-15 10:53:30,PCケース,中古,電源ユニット HP ProDesk 400 G1 G2 SFF 600 G1 G2 SFF EliteDesk 705 G1 G2 SFF 800 G1 G2 G3 SFF Z240 SFF Work,4980,ツタエ,https://item.rakuten.co.jp/auc-tsutae/pw600g1sf0/?rafcid=wsc_i_is_c786838f-2c0a-4f11-8d08-7c1b7cb64c88
2026-06-15 10:53:30,PCケース,中古,AcBel PCB031 200W 電源ユニット NEC Mate等,1590,LUITASU-R,https://item.rakuten.co.jp/ruitasu-r/10000651/?rafcid=wsc_i_is_c786838f-2c0a-4f11-8d08-7c1b7cb64c88
2026-06-15 10:53:30,PCケース,中古,0D9761 DELL PowerEdge 1950用 冗長電源ユニット A670P-00 670W【中古】,12800,アールデバイス,https://item.rakuten.co.jp/waysas/10009240/?rafcid=wsc_i_is_c786838f-2c0a-4f11-8d08-7c1b7cb64c88
2026-06-15 10:53:30,PCケース,中古,0W206D DELL Vostro 530s等用 電源ユニット Delta Electronics DPS-250AB 250W【中古】,8000,アールデバイス,https://item.rakuten.co.jp/waysas/10009299/?rafcid=wsc_i_is_c786838f-2c0a-4f11-8d08-7c1b7cb64c88
2026-06-15 10:53:30,PCケース,中古,富士通 ESPRIMO ESPRIMO D556/R D556/PX D586/P D586/PW D586/M D587/R D587/RX D587/S D587/SX D587/SW等用電源ユニ,5980,ツタエ,https://item.rakuten.co.jp/auc-tsutae/w20203080302/?rafcid=wsc_i_is_c786838f-2c0a-4f11-8d08-7c1b7cb64c88
2026-06-15 10:53:30,PCケース,中古,NEC Mate 電源ユニット FSP180-20TGBAB 180W Lenovo/NEC　（Lenovo P/N：SP50H29489 FRU NO:54Y8977）,1940,LUITASU-R,https://item.rakuten.co.jp/ruitasu-r/1000119004/?rafcid=wsc_i_is_c786838f-2c0a-4f11-8d08-7c1b7cb64c88
2026-06-15 10:53:30,PCケース,中古,【中古】 (修理交換用)ノートパソコンCPU冷却ファン適用する 富士通 LIFEBOOK AH52/C AH52/CT AH53/C AH54/D AH56/C AH56/D AH77/C AH77/,2596,Haute Produit,https://item.rakuten.co.jp/hauteproduit/2024-07-24-3525/?rafcid=wsc_i_is_c786838f-2c0a-4f11-8d08-7c1b7cb64c88
2026-06-15 10:53:30,PCケース,中古,614354-001 HP ProLiant MicroServer Gen1 用 冷却ファン Delta Electronics AFB1212VH-AF96【中古冷却ファン】,6500,アールデバイス,https://item.rakuten.co.jp/waysas/10014319/?rafcid=wsc_i_is_c786838f-2c0a-4f11-8d08-7c1b7cb64c88
2026-06-15 10:53:30,PCケース,中古,400 ワット FSP 400W 電源ユニット FSP400-40AGPAA LENOVO I3X0MS PN:SP50H29513 FRU PN:00PC738 等,3470,LUITASU-R,https://item.rakuten.co.jp/ruitasu-r/1000097004/?rafcid=wsc_i_is_c786838f-2c0a-4f11-8d08-7c1b7cb64c88
2026-06-15 10:53:30,PCケース,中古,【中古】Plcbatt 純正DELL D5120 D5200 D5210 D5220 D5230 D5310 D5215 D5320 D5240 D5245 D5250 D5255 D5330 D53,4990,お取り寄せ本舗 KOBACO,https://item.rakuten.co.jp/kobaco-003/b076fthhmw/?rafcid=wsc_i_is_c786838f-2c0a-4f11-8d08-7c1b7cb64c88
2026-06-15 10:53:30,PCケース,中古,0725Y7 Dell OptiPlex 390 SFF 等用 ケースファン AVC DASA0820R2U【中古】,6000,アールデバイス,https://item.rakuten.co.jp/waysas/10008969/?rafcid=wsc_i_is_c786838f-2c0a-4f11-8d08-7c1b7cb64c88
2026-06-15 10:53:30,PCケース,中古,503376-001 HP 6000/6005/6200Pro Elite 8000/8100/8200SFF等用電源ユニット PS-4241-9HA 240W【中古】,8000,アールデバイス,https://item.rakuten.co.jp/waysas/10007019/?rafcid=wsc_i_is_c786838f-2c0a-4f11-8d08-7c1b7cb64c88
2026-06-15 10:53:30,PCケース,中古,0FP16X DELL OptiPlex 3020 SFF等用 電源ユニット Delta Electronics D255AS-00/DPS-255KB A 255W【中古電源ユニット】,8000,アールデバイス,https://item.rakuten.co.jp/waysas/10013186/?rafcid=wsc_i_is_c786838f-2c0a-4f11-8d08-7c1b7cb64c88
2026-06-15 10:53:30,PCケース,中古,【中古】(未使用・未開封品)　PlcbattR PlcbattR 新製品 DELL D5120 D5200 D5210 D5220 D5230 D5310 D5215 D5320 D5240 D524,11232,ドリエムコーポレーション,https://item.rakuten.co.jp/doriem/sb076fthhmw/?rafcid=wsc_i_is_c786838f-2c0a-4f11-8d08-7c1b7cb64c88
2026-06-15 10:53:30,PCケース,中古,【中古】富士通 SATA電源ケーブル　 FUJITSU ESPRIMO JIB85Y等用,780,LUITASU-R,https://item.rakuten.co.jp/ruitasu-r/1000279034/?rafcid=wsc_i_is_c786838f-2c0a-4f11-8d08-7c1b7cb64c88
2026-06-15 10:53:30,PCケース,中古,DELL 0P59VM (D250E-S0) PowerEdge R230用 電源ユニット DPS-250AB-102 A【中古】,22000,アクアライト,https://item.rakuten.co.jp/aqua-light/16721-1/?rafcid=wsc_i_is_c786838f-2c0a-4f11-8d08-7c1b7cb64c88
2026-06-15 10:53:30,PCケース,中古,Lenovo NEC 電源スイッチケーブル LED付 Think Station Mate IS7XM/IS8XM/IH81M等使用可能 共通パーツ　【中古】,349,LUITASU-R,https://item.rakuten.co.jp/ruitasu-r/10003503/?rafcid=wsc_i_is_c786838f-2c0a-4f11-8d08-7c1b7cb64c88
2026-06-15 10:53:30,PCケース,中古,DELTA DPS-200PB-174 A （MSPSU200N-RPSCV) 200W電源ユニット NEC Mate,2980,LUITASU-R,https://item.rakuten.co.jp/ruitasu-r/10000925/?rafcid=wsc_i_is_c786838f-2c0a-4f11-8d08-7c1b7cb64c88
2026-06-15 10:53:30,PCケース,中古,04M8GF DELL Vostro260s/Inspiron530s等用 電源ユニット LITEON L250PS-00 250W【中古】,8000,アールデバイス,https://item.rakuten.co.jp/waysas/10004388/?rafcid=wsc_i_is_c786838f-2c0a-4f11-8d08-7c1b7cb64c88
2026-06-15 10:53:30,PCケース,中古,Delta Electronics DSB0912M-4H47 HP Pavilion Desktop PC e9190jp用 冷却ファン【中古冷却ファン】,6500,アールデバイス,https://item.rakuten.co.jp/waysas/10013847/?rafcid=wsc_i_is_c786838f-2c0a-4f11-8d08-7c1b7cb64c88
2026-06-15 10:53:30,PCケース,中古,661332-002 HP ProLiant ML350p Gen8 等用 冷却ファン Delta Electronics PFR0912XHE-BC02【中古冷却ファン】,6500,アールデバイス,https://item.rakuten.co.jp/waysas/10014455/?rafcid=wsc_i_is_c786838f-2c0a-4f11-8d08-7c1b7cb64c88
2026-06-15 10:53:30,PCケース,中古,【中古】 電源ユニット Fujitsu DPS-180AB-29 A / 180W,5980,KYSパソコンショップ,https://item.rakuten.co.jp/auc-kiyoshishoji/dps-180ab-29-a/?rafcid=wsc_i_is_c786838f-2c0a-4f11-8d08-7c1b7cb64c88
2026-06-15 10:53:30,PCケース,中古,HP ProBook 450G3 用 HDDマウンター ネジ付き 中古品,900,LifeStyle Store,https://item.rakuten.co.jp/store-lifestyle/nt-hp-450g3-hddcase/?rafcid=wsc_i_is_c786838f-2c0a-4f11-8d08-7c1b7cb64c88
2026-06-15 10:53:30,PCケース,中古,【中古】 POINWER NT1XP YH9D7 255W 電源 電源 Dell オプティプレックス 3020 7020 9020 精度 T1700 スモール m ファクター (SFF) システム R,5350,ベアホームズ,https://item.rakuten.co.jp/bearhomes/2024-11-24-3050/?rafcid=wsc_i_is_c786838f-2c0a-4f11-8d08-7c1b7cb64c88
2026-06-15 10:53:30,PCケース,中古,中古 送料無料 電源ユニット HP DPS-180AB-26 A / 180W,3980,KYSパソコンショップ,https://item.rakuten.co.jp/auc-kiyoshishoji/hp-dps-180ab-26-a/?rafcid=wsc_i_is_c786838f-2c0a-4f11-8d08-7c1b7cb64c88
2026-06-15 10:53:30,PCケース,中古,【中古】電源ユニット/パワーサプライ 適用する DELL OptiPlex 780 790 990 7010 9010 USFF F180EU-00　L180EU-00 180W★送料無料,2700,E-SKY 中古PC販売,https://item.rakuten.co.jp/esky-pc/ki-ta-006/?rafcid=wsc_i_is_c786838f-2c0a-4f11-8d08-7c1b7cb64c88
2026-06-15 10:53:30,PCケース,中古,PS-4241-02 LITE-ON Technology 電源ユニット 240W NEC Corporation Mate Type ML MK36L/L-K 等用【中古電源ユニット】,8000,アールデバイス,https://item.rakuten.co.jp/waysas/10014505/?rafcid=wsc_i_is_c786838f-2c0a-4f11-8d08-7c1b7cb64c88
2026-06-15 10:53:30,PCケース,中古,【中古】 エプソン TMシリーズ用パワーサプライ(電源セット)PS-180 + AC-170,8372,ベアホームズ,https://item.rakuten.co.jp/bearhomes/2024-11-24-2225/?rafcid=wsc_i_is_c786838f-2c0a-4f11-8d08-7c1b7cb64c88
2026-06-15 10:53:30,PCケース,中古,電源ユニット HP Compaq 6300 6200 6000 8300 8200 8100 8000 SFF対応 DPS-240RB D10-240P2A DPS-240RB DPS-240TB A,3278,ツタエ,https://item.rakuten.co.jp/auc-tsutae/pw6000/?rafcid=wsc_i_is_c786838f-2c0a-4f11-8d08-7c1b7cb64c88
2026-06-15 10:53:30,PCケース,中古,富士通 ESPRIMO D753/K D753/H D753/G D753/J D753/N D583/G D583/GX D583/H D583/HX D583/J D583/JW D583/JX ,5980,ツタエ,https://item.rakuten.co.jp/auc-tsutae/pwd583/?rafcid=wsc_i_is_c786838f-2c0a-4f11-8d08-7c1b7cb64c88
2026-06-15 10:53:30,PCケース,中古,【中古】「非常に良い」PlcbattR DELL Optiplex 745 755 用電源ユニット N275P-00 H275P-00 HP-L2757F3P LF NPS-27 K8964 TD57,11513,オマツリライフ別館,https://item.rakuten.co.jp/omatsuri-life2/hb07dx6y8qq/?rafcid=wsc_i_is_c786838f-2c0a-4f11-8d08-7c1b7cb64c88
2026-06-15 10:53:30,PCケース,中古,HP 865409-001 865412-501 HSTNS-PC41-1 ProLiant DL360 Gen10用 電源ユニット,17800,アクアライト,https://item.rakuten.co.jp/aqua-light/19468/?rafcid=wsc_i_is_c786838f-2c0a-4f11-8d08-7c1b7cb64c88
2026-06-15 10:53:30,PCケース,中古,HuntKey HK310-71PP NEC Mate 電源ユニット SP50H29525 FRU P/N:00PC746　（FSP210-20TGBAB/PA-2181-2 共用　【中古】,3380,LUITASU-R,https://item.rakuten.co.jp/ruitasu-r/10001320/?rafcid=wsc_i_is_c786838f-2c0a-4f11-8d08-7c1b7cb64c88
2026-06-15 10:53:30,PCケース,中古,【中古】修理交換用 電源ユニット/パワーサプライ 適用する富士通 ESPRIMO D583/HW D583/K D583/J D583/KX D753/G 用 電源 248.06W,6980,アトリエ絵利奈,https://item.rakuten.co.jp/atorieerina/hb07ffwkkjb/?rafcid=wsc_i_is_c786838f-2c0a-4f11-8d08-7c1b7cb64c88
2026-06-15 10:53:30,PCケース,中古,36L8819 IBM eServer xSeries 240等用 250W電源ユニット DPS-250HB 【中古】,12800,アールデバイス,https://item.rakuten.co.jp/waysas/10002543/?rafcid=wsc_i_is_c786838f-2c0a-4f11-8d08-7c1b7cb64c88
2026-06-15 10:53:30,PCケース,中古,"NEC Mate 電源供給ケーブル 00XL188 NEC Lenovo タイプMB MKM30/B-4,3等　　【中古】",580,LUITASU-R,https://item.rakuten.co.jp/ruitasu-r/10001001/?rafcid=wsc_i_is_c786838f-2c0a-4f11-8d08-7c1b7cb64c88
2026-06-15 10:53:30,PCケース,中古,702309-002 Hewlett-Packard ProDesk 600 G1 SFF 等用 電源ユニット Chicony Power Technology D12-240P1A 240W【中古電,8000,アールデバイス,https://item.rakuten.co.jp/waysas/10014959/?rafcid=wsc_i_is_c786838f-2c0a-4f11-8d08-7c1b7cb64c88
2026-06-15 10:53:30,PCケース,中古,"P/N: 54Y9375　NEC Mate フロント USB3.0 ,AUDIOユニット オーディオケーブル /NEC/Lenovo",398,LUITASU-R,https://item.rakuten.co.jp/ruitasu-r/10000632310/?rafcid=wsc_i_is_c786838f-2c0a-4f11-8d08-7c1b7cb64c88
2026-06-15 10:53:30,PCケース,中古,【中古】 電源ユニット HP PCH021 / 180W,3980,KYSパソコンショップ,https://item.rakuten.co.jp/auc-kiyoshishoji/hp-pch021/?rafcid=wsc_i_is_c786838f-2c0a-4f11-8d08-7c1b7cb64c88
2026-06-15 10:53:30,PCケース,中古,【中古】 修理交換用 電源ユニット HP Compaq 6300 6200 6000 8300 8200 8100 8000 SFF対応 DPS-240RB D10-240P2A DPS-240RB ,6000,Haute Produit,https://item.rakuten.co.jp/hauteproduit/2024-07-24-2921/?rafcid=wsc_i_is_c786838f-2c0a-4f11-8d08-7c1b7cb64c88
2026-06-15 10:53:30,PCケース,中古,0JNPVV DELL OptiPlex 7010/9010 SFF等用 電源ユニット AcBEL PCB015 240W【中古】,9000,アールデバイス,https://item.rakuten.co.jp/waysas/10008958/?rafcid=wsc_i_is_c786838f-2c0a-4f11-8d08-7c1b7cb64c88
2026-06-15 10:53:30,PCケース,中古,49Y4661 IBM System x3250 M3等用電源ユニット AcBel API6FS03 350W【中古】,12800,アールデバイス,https://item.rakuten.co.jp/waysas/10007563/?rafcid=wsc_i_is_c786838f-2c0a-4f11-8d08-7c1b7cb64c88
2026-06-15 10:53:30,PCケース,中古,02TXYM Dell OptiPlex 390 SFF 等用 電源ユニット PS-5241-5DF 240W【中古】,9000,アールデバイス,https://item.rakuten.co.jp/waysas/10008393/?rafcid=wsc_i_is_c786838f-2c0a-4f11-8d08-7c1b7cb64c88
2026-06-15 10:53:30,PCケース,中古,0YH9D7 Dell OptiPlex 3020 SFF 等用 電源ユニット Chicony Power Technology H255ES-00 255W【中古電源ユニット】,8000,アールデバイス,https://item.rakuten.co.jp/waysas/10014576/?rafcid=wsc_i_is_c786838f-2c0a-4f11-8d08-7c1b7cb64c88
2026-06-15 10:53:30,PCケース,中古,【中古】(未使用・未開封品)ASUS ROG Thor 1200W プラチナ 電源ユニット ROG-THOR-1200P,337500,スカイマーケットプラス,https://item.rakuten.co.jp/skymarketplus/sb07kr2nc4n/?rafcid=wsc_i_is_c786838f-2c0a-4f11-8d08-7c1b7cb64c88
2026-06-15 10:53:30,PCケース,中古,ポイント10倍 Apple iMac 21.5-inch A1311 電源ユニット/パワーサプライ OT8043 ADP-200DFB【中古】【動作良品】【即納】,6980,pclive-shop,https://item.rakuten.co.jp/pclive-shop/ot8043/?rafcid=wsc_i_is_c786838f-2c0a-4f11-8d08-7c1b7cb64c88
2026-06-15 10:53:30,PCケース,中古,中古 NEC Express5800/T110d用 電源ユニット DELTA DPS-450UB A,16500,アクアライト,https://item.rakuten.co.jp/aqua-light/15733-5/?rafcid=wsc_i_is_c786838f-2c0a-4f11-8d08-7c1b7cb64c88
2026-06-15 10:53:30,PCケース,中古,【中古】「非常に良い」(修理交換用) 電源ユニット/パワーサプライ 適用するDELL OptiPlex 320 330 360 380 740 745 755 DT 用 235W 電源 D235PD-,14228,オマツリライフ別館,https://item.rakuten.co.jp/omatsuri-life2/hb07gcd7mr1/?rafcid=wsc_i_is_c786838f-2c0a-4f11-8d08-7c1b7cb64c88
2026-06-15 10:53:30,PCケース,中古,0R7PPW DELL OptiPlex 3020/7020/9020 SFF用 電源ユニット AcBel Polytech AC255AS-00 255W【中古電源ユニット】,8000,アールデバイス,https://item.rakuten.co.jp/waysas/10013165/?rafcid=wsc_i_is_c786838f-2c0a-4f11-8d08-7c1b7cb64c88
2026-06-15 10:53:30,PCケース,中古,0GVY79 Dell OptiPlex 990 MT 等用 電源ユニット Chicony Power Technology H265AM-00 265W【中古】,9000,アールデバイス,https://item.rakuten.co.jp/waysas/10009123/?rafcid=wsc_i_is_c786838f-2c0a-4f11-8d08-7c1b7cb64c88
2026-06-15 10:53:30,PCケース,中古,DELTA DPS-250AB-85A 250W 電源ユニット ( MSPSU250N-LM / DPS-250AB-85 A ) NEC Mate等,5970,LUITASU-R,https://item.rakuten.co.jp/ruitasu-r/10000708/?rafcid=wsc_i_is_c786838f-2c0a-4f11-8d08-7c1b7cb64c88
2026-06-15 10:53:30,PCケース,中古,AcBel PCB020 240W 電源ユニット NEC Mate LITEON 4241-01 4241-02 互換　Lenovo ThinkCentre LenovoThink Station　（,1480,LUITASU-R,https://item.rakuten.co.jp/ruitasu-r/10000648/?rafcid=wsc_i_is_c786838f-2c0a-4f11-8d08-7c1b7cb64c88
2026-06-15 10:53:30,PCケース,中古,S26113-E614-V70 富士通テクノロジーソリューションズ PRIMERGY RX1330 M1 等用 電源ユニット Chicony Power Technology S10-300P2B 3,16800,アールデバイス,https://item.rakuten.co.jp/waysas/10015501/?rafcid=wsc_i_is_c786838f-2c0a-4f11-8d08-7c1b7cb64c88
2026-06-15 10:53:30,PCケース,中古,HuntKey HK360-71PP 電源ユニット NEC/Lenovo 第10世代PC用 SP50H29600,4930,LUITASU-R,https://item.rakuten.co.jp/ruitasu-r/1000274003/?rafcid=wsc_i_is_c786838f-2c0a-4f11-8d08-7c1b7cb64c88
2026-06-15 10:53:30,PCケース,中古,中古 送料無料 電源ユニット HP PCE014 / 200W,3800,KYSパソコンショップ,https://item.rakuten.co.jp/auc-kiyoshishoji/hp-pce014/?rafcid=wsc_i_is_c786838f-2c0a-4f11-8d08-7c1b7cb64c88
2026-06-15 10:53:30,PCケース,中古,---04X2706 Lenovo 電源スイッチケーブル,980,LUITASU-R,https://item.rakuten.co.jp/ruitasu-r/1000304003/?rafcid=wsc_i_is_c786838f-2c0a-4f11-8d08-7c1b7cb64c88
2026-06-15 10:53:30,PCケース,中古,【中古】 (修理交換用)ノートパソコンCPU冷却ファン適用する 富士通 LIFEBOOK AH52/C AH52/CT AH53/C AH54/D AH56/C AH56/D AH77/C AH77/,3596,ベアホームズ,https://item.rakuten.co.jp/bearhomes/2024-11-13-149/?rafcid=wsc_i_is_c786838f-2c0a-4f11-8d08-7c1b7cb64c88
2026-06-15 10:53:30,PCケース,中古,L08404-001 HP ProDesk 600 G5 SFF等用 電源ユニット LITE-ON Technology PA-1181-3HC 180W【中古電源ユニット】,8000,アールデバイス,https://item.rakuten.co.jp/waysas/10013246/?rafcid=wsc_i_is_c786838f-2c0a-4f11-8d08-7c1b7cb64c88
2026-06-15 10:53:30,PCケース,中古,DELTA 電源ユニット DPS-200PB-169 A 200W （MSPSU200N-RPS2 NEC Mate等,5980,LUITASU-R,https://item.rakuten.co.jp/ruitasu-r/10000941/?rafcid=wsc_i_is_c786838f-2c0a-4f11-8d08-7c1b7cb64c88
2026-06-15 10:53:30,PCケース,中古,NEC Mate スリム光学ドライブ用 NEC Mate 一体型 SATA＋電源ケーブル 電源供給ケーブル NEC LAVIE Lenovo ThinkCentre Mate タイプMB MKM30/,1580,LUITASU-R,https://item.rakuten.co.jp/ruitasu-r/10000407/?rafcid=wsc_i_is_c786838f-2c0a-4f11-8d08-7c1b7cb64c88
2026-06-15 10:53:30,PCケース,中古,【中古】PlcbattR PlcbattR 新製品 DELL D5120 D5200 D5210 D5220 D5230 D5310 D5215 D5320 D5240 D5245 D5250 D52,5980,スカイマーケットプラス,https://item.rakuten.co.jp/skymarketplus/b076fthhmw/?rafcid=wsc_i_is_c786838f-2c0a-4f11-8d08-7c1b7cb64c88
2026-06-15 10:53:30,PCケース,中古,03WN11 Dell OptiPlex 390 SFF 等用 電源ユニット H240AS-00 240W【中古】,9000,アールデバイス,https://item.rakuten.co.jp/waysas/10008395/?rafcid=wsc_i_is_c786838f-2c0a-4f11-8d08-7c1b7cb64c88
2026-06-15 10:53:30,PCケース,中古,499250-001 HP ProLiant DL380/DL360 G6等用電源ユニット 460W【中古】,12800,アールデバイス,https://item.rakuten.co.jp/waysas/10005735/?rafcid=wsc_i_is_c786838f-2c0a-4f11-8d08-7c1b7cb64c88
2026-06-15 10:53:30,PCケース,中古,SATAケーブル 約60cm L字⇔S ロック付　（54Y9945 Lenovo ThinkCentre Edge ThinkStation NEC Mate） （L型ーストレート型）【中古】,269,LUITASU-R,https://item.rakuten.co.jp/ruitasu-r/1000350115/?rafcid=wsc_i_is_c786838f-2c0a-4f11-8d08-7c1b7cb64c88
2026-06-15 10:53:30,PCケース,中古,IBM 49P2167 eServer xSeries 225/226/345用 電源ユニット,23100,アクアライト,https://item.rakuten.co.jp/aqua-light/2686-1/?rafcid=wsc_i_is_c786838f-2c0a-4f11-8d08-7c1b7cb64c88
2026-06-15 10:53:30,PCケース,中古,【中古】「非常に良い」POINWER NT1XP YH9D7 255W 電源 電源 Dell オプティプレックス 3020 7020 9020 精度 T1700 スモール m ファクター (SFF) ,6480,オマツリライフ別館,https://item.rakuten.co.jp/omatsuri-life2/hb07chcnbm8/?rafcid=wsc_i_is_c786838f-2c0a-4f11-8d08-7c1b7cb64c88
2026-06-15 10:53:30,PCケース,中古,0NT1XP Dell OptiPlex 3020 SFF 等用 電源ユニット LITE-ON Technology L255AS-00 255W【中古電源ユニット】,9000,アールデバイス,https://item.rakuten.co.jp/waysas/10013793/?rafcid=wsc_i_is_c786838f-2c0a-4f11-8d08-7c1b7cb64c88
